tanggal,kode_produk,wilayah,jumlah_terjual_pcs,harga_satuan_rp,diskon_persen,total_penjualan_rp
2025-07-01,PRD-01,DI Yogyakarta,14,28000,0.0,392000
2025-07-01,PRD-01,Jawa Tengah,14,28000,0.0,392000
2025-07-01,PRD-01,Jawa Timur,11,28000,0.0,308000
2025-07-01,PRD-01,Jabodetabek,17,28000,10.0,428400
2025-07-01,PRD-02,DI Yogyakarta,11,26000,0.0,286000
2025-07-01,PRD-02,Jawa Tengah,8,26000,5.0,197600
2025-07-01,PRD-02,Jawa Timur,11,26000,0.0,286000
2025-07-01,PRD-02,Jabodetabek,14,26000,0.0,364000
2025-07-01,PRD-03,DI Yogyakarta,13,25000,0.0,325000
2025-07-01,PRD-03,Jawa Tengah,6,25000,15.0,127500
2025-07-01,PRD-03,Jawa Timur,9,25000,0.0,225000
2025-07-01,PRD-03,Jabodetabek,9,25000,0.0,225000
2025-07-01,PRD-04,DI Yogyakarta,28,15000,0.0,420000
2025-07-01,PRD-04,Jawa Tengah,26,15000,15.0,331500
2025-07-01,PRD-04,Jawa Timur,14,15000,0.0,210000
2025-07-01,PRD-04,Jabodetabek,23,15000,0.0,345000
2025-07-01,PRD-05,DI Yogyakarta,7,18000,10.0,113400
2025-07-01,PRD-05,Jawa Tengah,6,18000,0.0,108000
2025-07-01,PRD-05,Jawa Timur,6,18000,0.0,108000
2025-07-01,PRD-05,Jabodetabek,9,18000,0.0,162000
2025-07-01,PRD-06,DI Yogyakarta,17,12000,0.0,204000
2025-07-01,PRD-06,Jawa Tengah,22,12000,0.0,264000
2025-07-01,PRD-06,Jawa Timur,14,12000,15.0,142800
2025-07-01,PRD-06,Jabodetabek,20,12000,10.0,216000
2025-07-01,PRD-07,DI Yogyakarta,4,32000,0.0,128000
2025-07-01,PRD-07,Jawa Tengah,5,32000,0.0,160000
2025-07-01,PRD-07,Jawa Timur,3,32000,0.0,96000
2025-07-01,PRD-07,Jabodetabek,6,32000,0.0,192000
2025-07-01,PRD-08,DI Yogyakarta,14,14000,0.0,196000
2025-07-01,PRD-08,Jawa Tengah,7,14000,0.0,98000
2025-07-01,PRD-08,Jawa Timur,10,14000,0.0,140000
2025-07-01,PRD-08,Jabodetabek,15,14000,10.0,189000
2025-07-02,PRD-01,DI Yogyakarta,21,28000,0.0,588000
2025-07-02,PRD-01,Jawa Tengah,18,28000,15.0,428400
2025-07-02,PRD-01,Jawa Timur,11,28000,5.0,292600
2025-07-02,PRD-01,Jabodetabek,17,28000,0.0,476000
2025-07-02,PRD-02,DI Yogyakarta,18,26000,5.0,444600
2025-07-02,PRD-02,Jawa Tengah,5,26000,0.0,130000
2025-07-02,PRD-02,Jawa Timur,11,26000,0.0,286000
2025-07-02,PRD-02,Jabodetabek,12,26000,10.0,280800
2025-07-02,PRD-03,DI Yogyakarta,7,25000,0.0,175000
2025-07-02,PRD-03,Jawa Tengah,4,25000,0.0,100000
2025-07-02,PRD-03,Jawa Timur,5,25000,0.0,125000
2025-07-02,PRD-03,Jabodetabek,11,25000,0.0,275000
2025-07-02,PRD-04,DI Yogyakarta,16,15000,0.0,240000
2025-07-02,PRD-04,Jawa Tengah,27,15000,0.0,405000
2025-07-02,PRD-04,Jawa Timur,17,15000,5.0,242250
2025-07-02,PRD-04,Jabodetabek,21,15000,0.0,315000
2025-07-02,PRD-05,DI Yogyakarta,10,18000,5.0,171000
2025-07-02,PRD-05,Jawa Tengah,4,18000,0.0,72000
2025-07-02,PRD-05,Jawa Timur,5,18000,5.0,85500
2025-07-02,PRD-05,Jabodetabek,9,18000,0.0,162000
2025-07-02,PRD-06,DI Yogyakarta,21,12000,0.0,252000
2025-07-02,PRD-06,Jawa Tengah,16,12000,0.0,192000
2025-07-02,PRD-06,Jawa Timur,21,12000,0.0,252000
2025-07-02,PRD-06,Jabodetabek,27,12000,0.0,324000
2025-07-02,PRD-07,DI Yogyakarta,5,32000,0.0,160000
2025-07-02,PRD-07,Jawa Tengah,8,32000,0.0,256000
2025-07-02,PRD-07,Jawa Timur,7,32000,0.0,224000
2025-07-02,PRD-07,Jabodetabek,12,32000,0.0,384000
2025-07-02,PRD-08,DI Yogyakarta,9,14000,10.0,113400
2025-07-02,PRD-08,Jawa Tengah,11,14000,0.0,154000
2025-07-02,PRD-08,Jawa Timur,5,14000,5.0,66500
2025-07-02,PRD-08,Jabodetabek,12,14000,0.0,168000
2025-07-03,PRD-01,DI Yogyakarta,22,28000,5.0,585200
2025-07-03,PRD-01,Jawa Tengah,12,28000,15.0,285600
2025-07-03,PRD-01,Jawa Timur,10,28000,0.0,280000
2025-07-03,PRD-01,Jabodetabek,16,28000,5.0,425600
2025-07-03,PRD-02,DI Yogyakarta,19,26000,5.0,469300
2025-07-03,PRD-02,Jawa Tengah,13,26000,10.0,304200
2025-07-03,PRD-02,Jawa Timur,13,26000,0.0,338000
2025-07-03,PRD-02,Jabodetabek,18,26000,0.0,468000
2025-07-03,PRD-03,DI Yogyakarta,11,25000,10.0,247500
2025-07-03,PRD-03,Jawa Tengah,15,25000,0.0,375000
2025-07-03,PRD-03,Jawa Timur,3,25000,0.0,75000
2025-07-03,PRD-03,Jabodetabek,15,25000,5.0,356250
2025-07-03,PRD-04,DI Yogyakarta,34,15000,10.0,459000
2025-07-03,PRD-04,Jawa Tengah,19,15000,0.0,285000
2025-07-03,PRD-04,Jawa Timur,22,15000,0.0,330000
2025-07-03,PRD-04,Jabodetabek,18,15000,0.0,270000
2025-07-03,PRD-05,DI Yogyakarta,14,18000,0.0,252000
2025-07-03,PRD-05,Jawa Tengah,5,18000,5.0,85500
2025-07-03,PRD-05,Jawa Timur,3,18000,10.0,48600
2025-07-03,PRD-05,Jabodetabek,9,18000,0.0,162000
2025-07-03,PRD-06,DI Yogyakarta,26,12000,5.0,296400
2025-07-03,PRD-06,Jawa Tengah,14,12000,0.0,168000
2025-07-03,PRD-06,Jawa Timur,6,12000,0.0,72000
2025-07-03,PRD-06,Jabodetabek,27,12000,0.0,324000
2025-07-03,PRD-07,DI Yogyakarta,7,32000,0.0,224000
2025-07-03,PRD-07,Jawa Tengah,7,32000,0.0,224000
2025-07-03,PRD-07,Jawa Timur,1,32000,15.0,27200
2025-07-03,PRD-07,Jabodetabek,6,32000,15.0,163200
2025-07-03,PRD-08,DI Yogyakarta,12,14000,0.0,168000
2025-07-03,PRD-08,Jawa Tengah,7,14000,0.0,98000
2025-07-03,PRD-08,Jawa Timur,7,14000,0.0,98000
2025-07-03,PRD-08,Jabodetabek,10,14000,15.0,119000
2025-07-04,PRD-01,DI Yogyakarta,22,28000,0.0,616000
2025-07-04,PRD-01,Jawa Tengah,15,28000,0.0,420000
2025-07-04,PRD-01,Jawa Timur,6,28000,5.0,159600
2025-07-04,PRD-01,Jabodetabek,12,28000,0.0,336000
2025-07-04,PRD-02,DI Yogyakarta,16,26000,0.0,416000
2025-07-04,PRD-02,Jawa Tengah,12,26000,0.0,312000
2025-07-04,PRD-02,Jawa Timur,7,26000,0.0,182000
2025-07-04,PRD-02,Jabodetabek,9,26000,0.0,234000
2025-07-04,PRD-03,DI Yogyakarta,12,25000,0.0,300000
2025-07-04,PRD-03,Jawa Tengah,13,25000,15.0,276250
2025-07-04,PRD-03,Jawa Timur,4,25000,0.0,100000
2025-07-04,PRD-03,Jabodetabek,13,25000,0.0,325000
2025-07-04,PRD-04,DI Yogyakarta,25,15000,0.0,375000
2025-07-04,PRD-04,Jawa Tengah,20,15000,0.0,300000
2025-07-04,PRD-04,Jawa Timur,12,15000,0.0,180000
2025-07-04,PRD-04,Jabodetabek,23,15000,0.0,345000
2025-07-04,PRD-05,DI Yogyakarta,8,18000,0.0,144000
2025-07-04,PRD-05,Jawa Tengah,6,18000,0.0,108000
2025-07-04,PRD-05,Jawa Timur,3,18000,0.0,54000
2025-07-04,PRD-05,Jabodetabek,8,18000,0.0,144000
2025-07-04,PRD-06,DI Yogyakarta,22,12000,0.0,264000
2025-07-04,PRD-06,Jawa Tengah,18,12000,0.0,216000
2025-07-04,PRD-06,Jawa Timur,11,12000,0.0,132000
2025-07-04,PRD-06,Jabodetabek,23,12000,0.0,276000
2025-07-04,PRD-07,DI Yogyakarta,6,32000,0.0,192000
2025-07-04,PRD-07,Jawa Tengah,9,32000,0.0,288000
2025-07-04,PRD-07,Jawa Timur,5,32000,5.0,152000
2025-07-04,PRD-07,Jabodetabek,5,32000,0.0,160000
2025-07-04,PRD-08,DI Yogyakarta,7,14000,0.0,98000
2025-07-04,PRD-08,Jawa Tengah,8,14000,0.0,112000
2025-07-04,PRD-08,Jawa Timur,4,14000,0.0,56000
2025-07-04,PRD-08,Jabodetabek,14,14000,0.0,196000
2025-07-05,PRD-01,DI Yogyakarta,36,28000,0.0,1008000
2025-07-05,PRD-01,Jawa Tengah,22,28000,0.0,616000
2025-07-05,PRD-01,Jawa Timur,15,28000,0.0,420000
2025-07-05,PRD-01,Jabodetabek,22,28000,0.0,616000
2025-07-05,PRD-02,DI Yogyakarta,31,26000,0.0,806000
2025-07-05,PRD-02,Jawa Tengah,14,26000,0.0,364000
2025-07-05,PRD-02,Jawa Timur,11,26000,0.0,286000
2025-07-05,PRD-02,Jabodetabek,22,26000,5.0,543400
2025-07-05,PRD-03,DI Yogyakarta,12,25000,0.0,300000
2025-07-05,PRD-03,Jawa Tengah,8,25000,5.0,190000
2025-07-05,PRD-03,Jawa Timur,9,25000,5.0,213750
2025-07-05,PRD-03,Jabodetabek,10,25000,0.0,250000
2025-07-05,PRD-04,DI Yogyakarta,46,15000,0.0,690000
2025-07-05,PRD-04,Jawa Tengah,26,15000,0.0,390000
2025-07-05,PRD-04,Jawa Timur,22,15000,0.0,330000
2025-07-05,PRD-04,Jabodetabek,39,15000,5.0,555750
2025-07-05,PRD-05,DI Yogyakarta,7,18000,0.0,126000
2025-07-05,PRD-05,Jawa Tengah,6,18000,5.0,102600
2025-07-05,PRD-05,Jawa Timur,7,18000,0.0,126000
2025-07-05,PRD-05,Jabodetabek,8,18000,0.0,144000
2025-07-05,PRD-06,DI Yogyakarta,29,12000,10.0,313200
2025-07-05,PRD-06,Jawa Tengah,26,12000,0.0,312000
2025-07-05,PRD-06,Jawa Timur,14,12000,10.0,151200
2025-07-05,PRD-06,Jabodetabek,23,12000,0.0,276000
2025-07-05,PRD-07,DI Yogyakarta,12,32000,0.0,384000
2025-07-05,PRD-07,Jawa Tengah,10,32000,0.0,320000
2025-07-05,PRD-07,Jawa Timur,6,32000,0.0,192000
2025-07-05,PRD-07,Jabodetabek,4,32000,0.0,128000
2025-07-05,PRD-08,DI Yogyakarta,19,14000,0.0,266000
2025-07-05,PRD-08,Jawa Tengah,11,14000,0.0,154000
2025-07-05,PRD-08,Jawa Timur,11,14000,5.0,146300
2025-07-05,PRD-08,Jabodetabek,15,14000,0.0,210000
2025-07-06,PRD-01,DI Yogyakarta,24,28000,0.0,672000
2025-07-06,PRD-01,Jawa Tengah,13,28000,0.0,364000
2025-07-06,PRD-01,Jawa Timur,13,28000,0.0,364000
2025-07-06,PRD-01,Jabodetabek,28,28000,0.0,784000
2025-07-06,PRD-02,DI Yogyakarta,17,26000,10.0,397800
2025-07-06,PRD-02,Jawa Tengah,21,26000,0.0,546000
2025-07-06,PRD-02,Jawa Timur,12,26000,0.0,312000
2025-07-06,PRD-02,Jabodetabek,21,26000,0.0,546000
2025-07-06,PRD-03,DI Yogyakarta,8,25000,0.0,200000
2025-07-06,PRD-03,Jawa Tengah,6,25000,10.0,135000
2025-07-06,PRD-03,Jawa Timur,2,25000,0.0,50000
2025-07-06,PRD-03,Jabodetabek,16,25000,0.0,400000
2025-07-06,PRD-04,DI Yogyakarta,38,15000,0.0,570000
2025-07-06,PRD-04,Jawa Tengah,32,15000,5.0,456000
2025-07-06,PRD-04,Jawa Timur,9,15000,5.0,128250
2025-07-06,PRD-04,Jabodetabek,26,15000,0.0,390000
2025-07-06,PRD-05,DI Yogyakarta,13,18000,0.0,234000
2025-07-06,PRD-05,Jawa Tengah,8,18000,0.0,144000
2025-07-06,PRD-05,Jawa Timur,6,18000,10.0,97200
2025-07-06,PRD-05,Jabodetabek,9,18000,0.0,162000
2025-07-06,PRD-06,DI Yogyakarta,37,12000,0.0,444000
2025-07-06,PRD-06,Jawa Tengah,20,12000,5.0,228000
2025-07-06,PRD-06,Jawa Timur,16,12000,0.0,192000
2025-07-06,PRD-06,Jabodetabek,18,12000,0.0,216000
2025-07-06,PRD-07,DI Yogyakarta,4,32000,5.0,121600
2025-07-06,PRD-07,Jawa Tengah,12,32000,5.0,364800
2025-07-06,PRD-07,Jawa Timur,5,32000,0.0,160000
2025-07-06,PRD-07,Jabodetabek,11,32000,0.0,352000
2025-07-06,PRD-08,DI Yogyakarta,15,14000,15.0,178500
2025-07-06,PRD-08,Jawa Tengah,10,14000,0.0,140000
2025-07-06,PRD-08,Jawa Timur,13,14000,15.0,154700
2025-07-06,PRD-08,Jabodetabek,18,14000,15.0,214200
2025-07-07,PRD-01,DI Yogyakarta,18,28000,10.0,453600
2025-07-07,PRD-01,Jawa Tengah,17,28000,5.0,452200
2025-07-07,PRD-01,Jawa Timur,9,28000,0.0,252000
2025-07-07,PRD-01,Jabodetabek,18,28000,0.0,504000
2025-07-07,PRD-02,DI Yogyakarta,8,26000,0.0,208000
2025-07-07,PRD-02,Jawa Tengah,5,26000,0.0,130000
2025-07-07,PRD-02,Jawa Timur,14,26000,0.0,364000
2025-07-07,PRD-02,Jabodetabek,17,26000,0.0,442000
2025-07-07,PRD-03,DI Yogyakarta,4,25000,10.0,90000
2025-07-07,PRD-03,Jawa Tengah,14,25000,0.0,350000
2025-07-07,PRD-03,Jawa Timur,4,25000,0.0,100000
2025-07-07,PRD-03,Jabodetabek,7,25000,10.0,157500
2025-07-07,PRD-04,DI Yogyakarta,29,15000,0.0,435000
2025-07-07,PRD-04,Jawa Tengah,21,15000,0.0,315000
2025-07-07,PRD-04,Jawa Timur,14,15000,0.0,210000
2025-07-07,PRD-04,Jabodetabek,37,15000,0.0,555000
2025-07-07,PRD-05,DI Yogyakarta,8,18000,0.0,144000
2025-07-07,PRD-05,Jawa Tengah,9,18000,0.0,162000
2025-07-07,PRD-05,Jawa Timur,7,18000,0.0,126000
2025-07-07,PRD-05,Jabodetabek,6,18000,0.0,108000
2025-07-07,PRD-06,DI Yogyakarta,27,12000,0.0,324000
2025-07-07,PRD-06,Jawa Tengah,20,12000,10.0,216000
2025-07-07,PRD-06,Jawa Timur,15,12000,10.0,162000
2025-07-07,PRD-06,Jabodetabek,27,12000,0.0,324000
2025-07-07,PRD-07,DI Yogyakarta,8,32000,10.0,230400
2025-07-07,PRD-07,Jawa Tengah,5,32000,10.0,144000
2025-07-07,PRD-07,Jawa Timur,2,32000,0.0,64000
2025-07-07,PRD-07,Jabodetabek,3,32000,0.0,96000
2025-07-07,PRD-08,DI Yogyakarta,14,14000,0.0,196000
2025-07-07,PRD-08,Jawa Tengah,11,14000,0.0,154000
2025-07-07,PRD-08,Jawa Timur,9,14000,0.0,126000
2025-07-07,PRD-08,Jabodetabek,8,14000,0.0,112000
2025-07-08,PRD-01,DI Yogyakarta,22,28000,10.0,554400
2025-07-08,PRD-01,Jawa Tengah,16,28000,0.0,448000
2025-07-08,PRD-01,Jawa Timur,10,28000,0.0,280000
2025-07-08,PRD-01,Jabodetabek,16,28000,0.0,448000
2025-07-08,PRD-02,DI Yogyakarta,15,26000,0.0,390000
2025-07-08,PRD-02,Jawa Tengah,8,26000,0.0,208000
2025-07-08,PRD-02,Jawa Timur,4,26000,0.0,104000
2025-07-08,PRD-02,Jabodetabek,17,26000,0.0,442000
2025-07-08,PRD-03,DI Yogyakarta,6,25000,0.0,150000
2025-07-08,PRD-03,Jawa Tengah,12,25000,5.0,285000
2025-07-08,PRD-03,Jawa Timur,6,25000,0.0,150000
2025-07-08,PRD-03,Jabodetabek,12,25000,5.0,285000
2025-07-08,PRD-04,DI Yogyakarta,44,15000,10.0,594000
2025-07-08,PRD-04,Jawa Tengah,27,15000,0.0,405000
2025-07-08,PRD-04,Jawa Timur,16,15000,0.0,240000
2025-07-08,PRD-04,Jabodetabek,25,15000,0.0,375000
2025-07-08,PRD-05,DI Yogyakarta,9,18000,0.0,162000
2025-07-08,PRD-05,Jawa Tengah,5,18000,0.0,90000
2025-07-08,PRD-05,Jawa Timur,3,18000,0.0,54000
2025-07-08,PRD-05,Jabodetabek,10,18000,0.0,180000
2025-07-08,PRD-06,DI Yogyakarta,24,12000,0.0,288000
2025-07-08,PRD-06,Jawa Tengah,17,12000,0.0,204000
2025-07-08,PRD-06,Jawa Timur,7,12000,5.0,79800
2025-07-08,PRD-06,Jabodetabek,19,12000,0.0,228000
2025-07-08,PRD-07,DI Yogyakarta,6,32000,0.0,192000
2025-07-08,PRD-07,Jawa Tengah,5,32000,0.0,160000
2025-07-08,PRD-07,Jawa Timur,2,32000,5.0,60800
2025-07-08,PRD-07,Jabodetabek,5,32000,0.0,160000
2025-07-08,PRD-08,DI Yogyakarta,5,14000,0.0,70000
2025-07-08,PRD-08,Jawa Tengah,11,14000,0.0,154000
2025-07-08,PRD-08,Jawa Timur,11,14000,10.0,138600
2025-07-08,PRD-08,Jabodetabek,9,14000,0.0,126000
2025-07-09,PRD-01,DI Yogyakarta,17,28000,10.0,428400
2025-07-09,PRD-01,Jawa Tengah,22,28000,0.0,616000
2025-07-09,PRD-01,Jawa Timur,10,28000,0.0,280000
2025-07-09,PRD-01,Jabodetabek,18,28000,0.0,504000
2025-07-09,PRD-02,DI Yogyakarta,18,26000,0.0,468000
2025-07-09,PRD-02,Jawa Tengah,15,26000,0.0,390000
2025-07-09,PRD-02,Jawa Timur,5,26000,15.0,110500
2025-07-09,PRD-02,Jabodetabek,17,26000,0.0,442000
2025-07-09,PRD-03,DI Yogyakarta,11,25000,5.0,261250
2025-07-09,PRD-03,Jawa Tengah,6,25000,0.0,150000
2025-07-09,PRD-03,Jawa Timur,4,25000,0.0,100000
2025-07-09,PRD-03,Jabodetabek,5,25000,0.0,125000
2025-07-09,PRD-04,DI Yogyakarta,34,15000,0.0,510000
2025-07-09,PRD-04,Jawa Tengah,23,15000,0.0,345000
2025-07-09,PRD-04,Jawa Timur,12,15000,0.0,180000
2025-07-09,PRD-04,Jabodetabek,23,15000,0.0,345000
2025-07-09,PRD-05,DI Yogyakarta,11,18000,0.0,198000
2025-07-09,PRD-05,Jawa Tengah,4,18000,0.0,72000
2025-07-09,PRD-05,Jawa Timur,5,18000,0.0,90000
2025-07-09,PRD-05,Jabodetabek,4,18000,0.0,72000
2025-07-09,PRD-06,DI Yogyakarta,19,12000,0.0,228000
2025-07-09,PRD-06,Jawa Tengah,20,12000,15.0,204000
2025-07-09,PRD-06,Jawa Timur,5,12000,0.0,60000
2025-07-09,PRD-06,Jabodetabek,22,12000,0.0,264000
2025-07-09,PRD-07,DI Yogyakarta,8,32000,0.0,256000
2025-07-09,PRD-07,Jawa Tengah,10,32000,5.0,304000
2025-07-09,PRD-07,Jawa Timur,2,32000,0.0,64000
2025-07-09,PRD-07,Jabodetabek,10,32000,0.0,320000
2025-07-09,PRD-08,DI Yogyakarta,14,14000,0.0,196000
2025-07-09,PRD-08,Jawa Tengah,7,14000,5.0,93100
2025-07-09,PRD-08,Jawa Timur,10,14000,10.0,126000
2025-07-09,PRD-08,Jabodetabek,9,14000,15.0,107100
2025-07-10,PRD-01,DI Yogyakarta,28,28000,0.0,784000
2025-07-10,PRD-01,Jawa Tengah,16,28000,0.0,448000
2025-07-10,PRD-01,Jawa Timur,12,28000,0.0,336000
2025-07-10,PRD-01,Jabodetabek,17,28000,10.0,428400
2025-07-10,PRD-02,DI Yogyakarta,17,26000,0.0,442000
2025-07-10,PRD-02,Jawa Tengah,10,26000,0.0,260000
2025-07-10,PRD-02,Jawa Timur,9,26000,5.0,222300
2025-07-10,PRD-02,Jabodetabek,8,26000,5.0,197600
2025-07-10,PRD-03,DI Yogyakarta,7,25000,5.0,166250
2025-07-10,PRD-03,Jawa Tengah,6,25000,0.0,150000
2025-07-10,PRD-03,Jawa Timur,2,25000,0.0,50000
2025-07-10,PRD-03,Jabodetabek,10,25000,0.0,250000
2025-07-10,PRD-04,DI Yogyakarta,35,15000,10.0,472500
2025-07-10,PRD-04,Jawa Tengah,31,15000,0.0,465000
2025-07-10,PRD-04,Jawa Timur,14,15000,0.0,210000
2025-07-10,PRD-04,Jabodetabek,23,15000,0.0,345000
2025-07-10,PRD-05,DI Yogyakarta,5,18000,0.0,90000
2025-07-10,PRD-05,Jawa Tengah,9,18000,0.0,162000
2025-07-10,PRD-05,Jawa Timur,3,18000,0.0,54000
2025-07-10,PRD-05,Jabodetabek,7,18000,0.0,126000
2025-07-10,PRD-06,DI Yogyakarta,26,12000,0.0,312000
2025-07-10,PRD-06,Jawa Tengah,17,12000,0.0,204000
2025-07-10,PRD-06,Jawa Timur,11,12000,0.0,132000
2025-07-10,PRD-06,Jabodetabek,20,12000,5.0,228000
2025-07-10,PRD-07,DI Yogyakarta,7,32000,0.0,224000
2025-07-10,PRD-07,Jawa Tengah,5,32000,10.0,144000
2025-07-10,PRD-07,Jawa Timur,1,32000,10.0,28800
2025-07-10,PRD-07,Jabodetabek,5,32000,0.0,160000
2025-07-10,PRD-08,DI Yogyakarta,8,14000,10.0,100800
2025-07-10,PRD-08,Jawa Tengah,10,14000,0.0,140000
2025-07-10,PRD-08,Jawa Timur,6,14000,5.0,79800
2025-07-10,PRD-08,Jabodetabek,9,14000,5.0,119700
2025-07-11,PRD-01,DI Yogyakarta,13,28000,0.0,364000
2025-07-11,PRD-01,Jawa Tengah,17,28000,0.0,476000
2025-07-11,PRD-01,Jawa Timur,12,28000,10.0,302400
2025-07-11,PRD-01,Jabodetabek,19,28000,0.0,532000
2025-07-11,PRD-02,DI Yogyakarta,12,26000,15.0,265200
2025-07-11,PRD-02,Jawa Tengah,12,26000,0.0,312000
2025-07-11,PRD-02,Jawa Timur,9,26000,10.0,210600
2025-07-11,PRD-02,Jabodetabek,12,26000,0.0,312000
2025-07-11,PRD-03,DI Yogyakarta,10,25000,5.0,237500
2025-07-11,PRD-03,Jawa Tengah,3,25000,0.0,75000
2025-07-11,PRD-03,Jawa Timur,3,25000,0.0,75000
2025-07-11,PRD-03,Jabodetabek,5,25000,10.0,112500
2025-07-11,PRD-04,DI Yogyakarta,25,15000,0.0,375000
2025-07-11,PRD-04,Jawa Tengah,16,15000,0.0,240000
2025-07-11,PRD-04,Jawa Timur,18,15000,0.0,270000
2025-07-11,PRD-04,Jabodetabek,19,15000,10.0,256500
2025-07-11,PRD-05,DI Yogyakarta,8,18000,0.0,144000
2025-07-11,PRD-05,Jawa Tengah,7,18000,0.0,126000
2025-07-11,PRD-05,Jawa Timur,6,18000,0.0,108000
2025-07-11,PRD-05,Jabodetabek,8,18000,0.0,144000
2025-07-11,PRD-06,DI Yogyakarta,19,12000,10.0,205200
2025-07-11,PRD-06,Jawa Tengah,17,12000,15.0,173400
2025-07-11,PRD-06,Jawa Timur,11,12000,0.0,132000
2025-07-11,PRD-06,Jabodetabek,24,12000,0.0,288000
2025-07-11,PRD-07,DI Yogyakarta,7,32000,5.0,212800
2025-07-11,PRD-07,Jawa Tengah,1,32000,0.0,32000
2025-07-11,PRD-07,Jawa Timur,3,32000,0.0,96000
2025-07-11,PRD-07,Jabodetabek,2,32000,0.0,64000
2025-07-11,PRD-08,DI Yogyakarta,11,14000,0.0,154000
2025-07-11,PRD-08,Jawa Tengah,9,14000,0.0,126000
2025-07-11,PRD-08,Jawa Timur,10,14000,0.0,140000
2025-07-11,PRD-08,Jabodetabek,14,14000,0.0,196000
2025-07-12,PRD-01,DI Yogyakarta,28,28000,0.0,784000
2025-07-12,PRD-01,Jawa Tengah,21,28000,0.0,588000
2025-07-12,PRD-01,Jawa Timur,17,28000,0.0,476000
2025-07-12,PRD-01,Jabodetabek,29,28000,10.0,730800
2025-07-12,PRD-02,DI Yogyakarta,26,26000,0.0,676000
2025-07-12,PRD-02,Jawa Tengah,14,26000,0.0,364000
2025-07-12,PRD-02,Jawa Timur,8,26000,0.0,208000
2025-07-12,PRD-02,Jabodetabek,16,26000,10.0,374400
2025-07-12,PRD-03,DI Yogyakarta,9,25000,0.0,225000
2025-07-12,PRD-03,Jawa Tengah,9,25000,0.0,225000
2025-07-12,PRD-03,Jawa Timur,10,25000,0.0,250000
2025-07-12,PRD-03,Jabodetabek,18,25000,5.0,427500
2025-07-12,PRD-04,DI Yogyakarta,39,15000,0.0,585000
2025-07-12,PRD-04,Jawa Tengah,29,15000,0.0,435000
2025-07-12,PRD-04,Jawa Timur,17,15000,5.0,242250
2025-07-12,PRD-04,Jabodetabek,26,15000,0.0,390000
2025-07-12,PRD-05,DI Yogyakarta,11,18000,0.0,198000
2025-07-12,PRD-05,Jawa Tengah,9,18000,10.0,145800
2025-07-12,PRD-05,Jawa Timur,5,18000,0.0,90000
2025-07-12,PRD-05,Jabodetabek,8,18000,0.0,144000
2025-07-12,PRD-06,DI Yogyakarta,27,12000,15.0,275400
2025-07-12,PRD-06,Jawa Tengah,21,12000,0.0,252000
2025-07-12,PRD-06,Jawa Timur,21,12000,10.0,226800
2025-07-12,PRD-06,Jabodetabek,17,12000,0.0,204000
2025-07-12,PRD-07,DI Yogyakarta,9,32000,0.0,288000
2025-07-12,PRD-07,Jawa Tengah,5,32000,0.0,160000
2025-07-12,PRD-07,Jawa Timur,4,32000,0.0,128000
2025-07-12,PRD-07,Jabodetabek,9,32000,0.0,288000
2025-07-12,PRD-08,DI Yogyakarta,15,14000,0.0,210000
2025-07-12,PRD-08,Jawa Tengah,9,14000,0.0,126000
2025-07-12,PRD-08,Jawa Timur,6,14000,0.0,84000
2025-07-12,PRD-08,Jabodetabek,10,14000,0.0,140000
2025-07-13,PRD-01,DI Yogyakarta,27,28000,5.0,718200
2025-07-13,PRD-01,Jawa Tengah,17,28000,0.0,476000
2025-07-13,PRD-01,Jawa Timur,15,28000,0.0,420000
2025-07-13,PRD-01,Jabodetabek,20,28000,0.0,560000
2025-07-13,PRD-02,DI Yogyakarta,33,26000,0.0,858000
2025-07-13,PRD-02,Jawa Tengah,10,26000,0.0,260000
2025-07-13,PRD-02,Jawa Timur,7,26000,0.0,182000
2025-07-13,PRD-02,Jabodetabek,18,26000,0.0,468000
2025-07-13,PRD-03,DI Yogyakarta,16,25000,0.0,400000
2025-07-13,PRD-03,Jawa Tengah,5,25000,0.0,125000
2025-07-13,PRD-03,Jawa Timur,10,25000,10.0,225000
2025-07-13,PRD-03,Jabodetabek,12,25000,0.0,300000
2025-07-13,PRD-04,DI Yogyakarta,42,15000,0.0,630000
2025-07-13,PRD-04,Jawa Tengah,30,15000,0.0,450000
2025-07-13,PRD-04,Jawa Timur,21,15000,0.0,315000
2025-07-13,PRD-04,Jabodetabek,35,15000,0.0,525000
2025-07-13,PRD-05,DI Yogyakarta,15,18000,0.0,270000
2025-07-13,PRD-05,Jawa Tengah,6,18000,0.0,108000
2025-07-13,PRD-05,Jawa Timur,10,18000,0.0,180000
2025-07-13,PRD-05,Jabodetabek,10,18000,0.0,180000
2025-07-13,PRD-06,DI Yogyakarta,32,12000,0.0,384000
2025-07-13,PRD-06,Jawa Tengah,29,12000,0.0,348000
2025-07-13,PRD-06,Jawa Timur,22,12000,10.0,237600
2025-07-13,PRD-06,Jabodetabek,34,12000,0.0,408000
2025-07-13,PRD-07,DI Yogyakarta,7,32000,0.0,224000
2025-07-13,PRD-07,Jawa Tengah,5,32000,0.0,160000
2025-07-13,PRD-07,Jawa Timur,6,32000,5.0,182400
2025-07-13,PRD-07,Jabodetabek,11,32000,0.0,352000
2025-07-13,PRD-08,DI Yogyakarta,23,14000,0.0,322000
2025-07-13,PRD-08,Jawa Tengah,7,14000,15.0,83300
2025-07-13,PRD-08,Jawa Timur,10,14000,0.0,140000
2025-07-13,PRD-08,Jabodetabek,13,14000,5.0,172900
2025-07-14,PRD-01,DI Yogyakarta,12,28000,0.0,336000
2025-07-14,PRD-01,Jawa Tengah,17,28000,0.0,476000
2025-07-14,PRD-01,Jawa Timur,6,28000,0.0,168000
2025-07-14,PRD-01,Jabodetabek,24,28000,0.0,672000
2025-07-14,PRD-02,DI Yogyakarta,21,26000,0.0,546000
2025-07-14,PRD-02,Jawa Tengah,17,26000,0.0,442000
2025-07-14,PRD-02,Jawa Timur,11,26000,10.0,257400
2025-07-14,PRD-02,Jabodetabek,18,26000,0.0,468000
2025-07-14,PRD-03,DI Yogyakarta,17,25000,0.0,425000
2025-07-14,PRD-03,Jawa Tengah,7,25000,0.0,175000
2025-07-14,PRD-03,Jawa Timur,3,25000,0.0,75000
2025-07-14,PRD-03,Jabodetabek,4,25000,0.0,100000
2025-07-14,PRD-04,DI Yogyakarta,30,15000,0.0,450000
2025-07-14,PRD-04,Jawa Tengah,16,15000,0.0,240000
2025-07-14,PRD-04,Jawa Timur,12,15000,0.0,180000
2025-07-14,PRD-04,Jabodetabek,32,15000,0.0,480000
2025-07-14,PRD-05,DI Yogyakarta,12,18000,0.0,216000
2025-07-14,PRD-05,Jawa Tengah,6,18000,0.0,108000
2025-07-14,PRD-05,Jawa Timur,5,18000,0.0,90000
2025-07-14,PRD-05,Jabodetabek,10,18000,0.0,180000
2025-07-14,PRD-06,DI Yogyakarta,25,12000,0.0,300000
2025-07-14,PRD-06,Jawa Tengah,11,12000,0.0,132000
2025-07-14,PRD-06,Jawa Timur,9,12000,0.0,108000
2025-07-14,PRD-06,Jabodetabek,18,12000,15.0,183600
2025-07-14,PRD-07,DI Yogyakarta,2,32000,0.0,64000
2025-07-14,PRD-07,Jawa Tengah,2,32000,0.0,64000
2025-07-14,PRD-07,Jawa Timur,3,32000,0.0,96000
2025-07-14,PRD-07,Jabodetabek,7,32000,0.0,224000
2025-07-14,PRD-08,DI Yogyakarta,14,14000,0.0,196000
2025-07-14,PRD-08,Jawa Tengah,5,14000,0.0,70000
2025-07-14,PRD-08,Jawa Timur,5,14000,0.0,70000
2025-07-14,PRD-08,Jabodetabek,11,14000,0.0,154000
2025-07-15,PRD-01,DI Yogyakarta,21,28000,0.0,588000
2025-07-15,PRD-01,Jawa Tengah,11,28000,10.0,277200
2025-07-15,PRD-01,Jawa Timur,13,28000,0.0,364000
2025-07-15,PRD-01,Jabodetabek,19,28000,0.0,532000
2025-07-15,PRD-02,DI Yogyakarta,14,26000,0.0,364000
2025-07-15,PRD-02,Jawa Tengah,10,26000,0.0,260000
2025-07-15,PRD-02,Jawa Timur,6,26000,0.0,156000
2025-07-15,PRD-02,Jabodetabek,19,26000,0.0,494000
2025-07-15,PRD-03,DI Yogyakarta,10,25000,0.0,250000
2025-07-15,PRD-03,Jawa Tengah,7,25000,0.0,175000
2025-07-15,PRD-03,Jawa Timur,5,25000,5.0,118750
2025-07-15,PRD-03,Jabodetabek,11,25000,0.0,275000
2025-07-15,PRD-04,DI Yogyakarta,23,15000,5.0,327750
2025-07-15,PRD-04,Jawa Tengah,16,15000,0.0,240000
2025-07-15,PRD-04,Jawa Timur,16,15000,5.0,228000
2025-07-15,PRD-04,Jabodetabek,18,15000,0.0,270000
2025-07-15,PRD-05,DI Yogyakarta,7,18000,0.0,126000
2025-07-15,PRD-05,Jawa Tengah,6,18000,0.0,108000
2025-07-15,PRD-05,Jawa Timur,8,18000,5.0,136800
2025-07-15,PRD-05,Jabodetabek,6,18000,0.0,108000
2025-07-15,PRD-06,DI Yogyakarta,28,12000,10.0,302400
2025-07-15,PRD-06,Jawa Tengah,14,12000,10.0,151200
2025-07-15,PRD-06,Jawa Timur,16,12000,0.0,192000
2025-07-15,PRD-06,Jabodetabek,17,12000,5.0,193800
2025-07-15,PRD-07,DI Yogyakarta,9,32000,0.0,288000
2025-07-15,PRD-07,Jawa Tengah,6,32000,0.0,192000
2025-07-15,PRD-07,Jawa Timur,4,32000,0.0,128000
2025-07-15,PRD-07,Jabodetabek,2,32000,0.0,64000
2025-07-15,PRD-08,DI Yogyakarta,9,14000,0.0,126000
2025-07-15,PRD-08,Jawa Tengah,9,14000,0.0,126000
2025-07-15,PRD-08,Jawa Timur,8,14000,0.0,112000
2025-07-15,PRD-08,Jabodetabek,12,14000,0.0,168000
2025-07-16,PRD-01,DI Yogyakarta,21,28000,0.0,588000
2025-07-16,PRD-01,Jawa Tengah,17,28000,0.0,476000
2025-07-16,PRD-01,Jawa Timur,13,28000,10.0,327600
2025-07-16,PRD-01,Jabodetabek,23,28000,0.0,644000
2025-07-16,PRD-02,DI Yogyakarta,15,26000,0.0,390000
2025-07-16,PRD-02,Jawa Tengah,11,26000,0.0,286000
2025-07-16,PRD-02,Jawa Timur,12,26000,0.0,312000
2025-07-16,PRD-02,Jabodetabek,13,26000,5.0,321100
2025-07-16,PRD-03,DI Yogyakarta,8,25000,0.0,200000
2025-07-16,PRD-03,Jawa Tengah,7,25000,0.0,175000
2025-07-16,PRD-03,Jawa Timur,2,25000,0.0,50000
2025-07-16,PRD-03,Jabodetabek,10,25000,0.0,250000
2025-07-16,PRD-04,DI Yogyakarta,28,15000,0.0,420000
2025-07-16,PRD-04,Jawa Tengah,20,15000,0.0,300000
2025-07-16,PRD-04,Jawa Timur,17,15000,10.0,229500
2025-07-16,PRD-04,Jabodetabek,32,15000,0.0,480000
2025-07-16,PRD-05,DI Yogyakarta,7,18000,0.0,126000
2025-07-16,PRD-05,Jawa Tengah,5,18000,5.0,85500
2025-07-16,PRD-05,Jawa Timur,3,18000,0.0,54000
2025-07-16,PRD-05,Jabodetabek,6,18000,5.0,102600
2025-07-16,PRD-06,DI Yogyakarta,24,12000,0.0,288000
2025-07-16,PRD-06,Jawa Tengah,16,12000,0.0,192000
2025-07-16,PRD-06,Jawa Timur,11,12000,0.0,132000
2025-07-16,PRD-06,Jabodetabek,19,12000,0.0,228000
2025-07-16,PRD-07,DI Yogyakarta,1,32000,10.0,28800
2025-07-16,PRD-07,Jawa Tengah,6,32000,0.0,192000
2025-07-16,PRD-07,Jawa Timur,3,32000,0.0,96000
2025-07-16,PRD-07,Jabodetabek,6,32000,5.0,182400
2025-07-16,PRD-08,DI Yogyakarta,8,14000,0.0,112000
2025-07-16,PRD-08,Jawa Tengah,9,14000,0.0,126000
2025-07-16,PRD-08,Jawa Timur,6,14000,10.0,75600
2025-07-16,PRD-08,Jabodetabek,14,14000,10.0,176400
2025-07-17,PRD-01,DI Yogyakarta,13,28000,0.0,364000
2025-07-17,PRD-01,Jawa Tengah,15,28000,0.0,420000
2025-07-17,PRD-01,Jawa Timur,12,28000,0.0,336000
2025-07-17,PRD-01,Jabodetabek,25,28000,10.0,630000
2025-07-17,PRD-02,DI Yogyakarta,15,26000,5.0,370500
2025-07-17,PRD-02,Jawa Tengah,15,26000,0.0,390000
2025-07-17,PRD-02,Jawa Timur,15,26000,10.0,351000
2025-07-17,PRD-02,Jabodetabek,14,26000,15.0,309400
2025-07-17,PRD-03,DI Yogyakarta,9,25000,0.0,225000
2025-07-17,PRD-03,Jawa Tengah,4,25000,0.0,100000
2025-07-17,PRD-03,Jawa Timur,6,25000,0.0,150000
2025-07-17,PRD-03,Jabodetabek,11,25000,0.0,275000
2025-07-17,PRD-04,DI Yogyakarta,22,15000,15.0,280500
2025-07-17,PRD-04,Jawa Tengah,26,15000,10.0,351000
2025-07-17,PRD-04,Jawa Timur,12,15000,0.0,180000
2025-07-17,PRD-04,Jabodetabek,18,15000,0.0,270000
2025-07-17,PRD-05,DI Yogyakarta,14,18000,0.0,252000
2025-07-17,PRD-05,Jawa Tengah,4,18000,0.0,72000
2025-07-17,PRD-05,Jawa Timur,4,18000,0.0,72000
2025-07-17,PRD-05,Jabodetabek,12,18000,0.0,216000
2025-07-17,PRD-06,DI Yogyakarta,29,12000,5.0,330600
2025-07-17,PRD-06,Jawa Tengah,17,12000,0.0,204000
2025-07-17,PRD-06,Jawa Timur,10,12000,0.0,120000
2025-07-17,PRD-06,Jabodetabek,20,12000,0.0,240000
2025-07-17,PRD-07,DI Yogyakarta,10,32000,0.0,320000
2025-07-17,PRD-07,Jawa Tengah,3,32000,5.0,91200
2025-07-17,PRD-07,Jawa Timur,6,32000,0.0,192000
2025-07-17,PRD-07,Jabodetabek,8,32000,10.0,230400
2025-07-17,PRD-08,DI Yogyakarta,16,14000,5.0,212800
2025-07-17,PRD-08,Jawa Tengah,7,14000,0.0,98000
2025-07-17,PRD-08,Jawa Timur,2,14000,5.0,26600
2025-07-17,PRD-08,Jabodetabek,11,14000,10.0,138600
2025-07-18,PRD-01,DI Yogyakarta,23,28000,0.0,644000
2025-07-18,PRD-01,Jawa Tengah,8,28000,0.0,224000
2025-07-18,PRD-01,Jawa Timur,7,28000,0.0,196000
2025-07-18,PRD-01,Jabodetabek,25,28000,15.0,595000
2025-07-18,PRD-02,DI Yogyakarta,7,26000,0.0,182000
2025-07-18,PRD-02,Jawa Tengah,10,26000,5.0,247000
2025-07-18,PRD-02,Jawa Timur,10,26000,0.0,260000
2025-07-18,PRD-02,Jabodetabek,10,26000,0.0,260000
2025-07-18,PRD-03,DI Yogyakarta,11,25000,0.0,275000
2025-07-18,PRD-03,Jawa Tengah,7,25000,0.0,175000
2025-07-18,PRD-03,Jawa Timur,7,25000,0.0,175000
2025-07-18,PRD-03,Jabodetabek,7,25000,0.0,175000
2025-07-18,PRD-04,DI Yogyakarta,25,15000,0.0,375000
2025-07-18,PRD-04,Jawa Tengah,23,15000,0.0,345000
2025-07-18,PRD-04,Jawa Timur,21,15000,0.0,315000
2025-07-18,PRD-04,Jabodetabek,28,15000,0.0,420000
2025-07-18,PRD-05,DI Yogyakarta,8,18000,15.0,122400
2025-07-18,PRD-05,Jawa Tengah,8,18000,0.0,144000
2025-07-18,PRD-05,Jawa Timur,6,18000,0.0,108000
2025-07-18,PRD-05,Jabodetabek,6,18000,0.0,108000
2025-07-18,PRD-06,DI Yogyakarta,28,12000,10.0,302400
2025-07-18,PRD-06,Jawa Tengah,14,12000,0.0,168000
2025-07-18,PRD-06,Jawa Timur,10,12000,0.0,120000
2025-07-18,PRD-06,Jabodetabek,13,12000,0.0,156000
2025-07-18,PRD-07,DI Yogyakarta,9,32000,0.0,288000
2025-07-18,PRD-07,Jawa Tengah,7,32000,0.0,224000
2025-07-18,PRD-07,Jawa Timur,7,32000,0.0,224000
2025-07-18,PRD-07,Jabodetabek,3,32000,5.0,91200
2025-07-18,PRD-08,DI Yogyakarta,21,14000,0.0,294000
2025-07-18,PRD-08,Jawa Tengah,5,14000,0.0,70000
2025-07-18,PRD-08,Jawa Timur,8,14000,15.0,95200
2025-07-18,PRD-08,Jabodetabek,11,14000,0.0,154000
2025-07-19,PRD-01,DI Yogyakarta,37,28000,0.0,1036000
2025-07-19,PRD-01,Jawa Tengah,19,28000,0.0,532000
2025-07-19,PRD-01,Jawa Timur,19,28000,0.0,532000
2025-07-19,PRD-01,Jabodetabek,34,28000,5.0,904400
2025-07-19,PRD-02,DI Yogyakarta,16,26000,0.0,416000
2025-07-19,PRD-02,Jawa Tengah,20,26000,0.0,520000
2025-07-19,PRD-02,Jawa Timur,11,26000,0.0,286000
2025-07-19,PRD-02,Jabodetabek,26,26000,0.0,676000
2025-07-19,PRD-03,DI Yogyakarta,13,25000,0.0,325000
2025-07-19,PRD-03,Jawa Tengah,7,25000,0.0,175000
2025-07-19,PRD-03,Jawa Timur,6,25000,0.0,150000
2025-07-19,PRD-03,Jabodetabek,13,25000,0.0,325000
2025-07-19,PRD-04,DI Yogyakarta,34,15000,5.0,484500
2025-07-19,PRD-04,Jawa Tengah,19,15000,0.0,285000
2025-07-19,PRD-04,Jawa Timur,18,15000,0.0,270000
2025-07-19,PRD-04,Jabodetabek,28,15000,0.0,420000
2025-07-19,PRD-05,DI Yogyakarta,11,18000,0.0,198000
2025-07-19,PRD-05,Jawa Tengah,5,18000,0.0,90000
2025-07-19,PRD-05,Jawa Timur,8,18000,5.0,136800
2025-07-19,PRD-05,Jabodetabek,12,18000,0.0,216000
2025-07-19,PRD-06,DI Yogyakarta,28,12000,15.0,285600
2025-07-19,PRD-06,Jawa Tengah,25,12000,0.0,300000
2025-07-19,PRD-06,Jawa Timur,18,12000,0.0,216000
2025-07-19,PRD-06,Jabodetabek,25,12000,0.0,300000
2025-07-19,PRD-07,DI Yogyakarta,11,32000,0.0,352000
2025-07-19,PRD-07,Jawa Tengah,6,32000,0.0,192000
2025-07-19,PRD-07,Jawa Timur,3,32000,0.0,96000
2025-07-19,PRD-07,Jabodetabek,9,32000,5.0,273600
2025-07-19,PRD-08,DI Yogyakarta,12,14000,15.0,142800
2025-07-19,PRD-08,Jawa Tengah,16,14000,0.0,224000
2025-07-19,PRD-08,Jawa Timur,4,14000,0.0,56000
2025-07-19,PRD-08,Jabodetabek,17,14000,0.0,238000
2025-07-20,PRD-01,DI Yogyakarta,23,28000,0.0,644000
2025-07-20,PRD-01,Jawa Tengah,16,28000,5.0,425600
2025-07-20,PRD-01,Jawa Timur,10,28000,10.0,252000
2025-07-20,PRD-01,Jabodetabek,14,28000,10.0,352800
2025-07-20,PRD-02,DI Yogyakarta,27,26000,0.0,702000
2025-07-20,PRD-02,Jawa Tengah,17,26000,0.0,442000
2025-07-20,PRD-02,Jawa Timur,13,26000,5.0,321100
2025-07-20,PRD-02,Jabodetabek,14,26000,0.0,364000
2025-07-20,PRD-03,DI Yogyakarta,14,25000,0.0,350000
2025-07-20,PRD-03,Jawa Tengah,6,25000,0.0,150000
2025-07-20,PRD-03,Jawa Timur,4,25000,0.0,100000
2025-07-20,PRD-03,Jabodetabek,7,25000,0.0,175000
2025-07-20,PRD-04,DI Yogyakarta,34,15000,0.0,510000
2025-07-20,PRD-04,Jawa Tengah,27,15000,0.0,405000
2025-07-20,PRD-04,Jawa Timur,22,15000,0.0,330000
2025-07-20,PRD-04,Jabodetabek,27,15000,0.0,405000
2025-07-20,PRD-05,DI Yogyakarta,14,18000,0.0,252000
2025-07-20,PRD-05,Jawa Tengah,14,18000,0.0,252000
2025-07-20,PRD-05,Jawa Timur,7,18000,0.0,126000
2025-07-20,PRD-05,Jabodetabek,13,18000,5.0,222300
2025-07-20,PRD-06,DI Yogyakarta,38,12000,10.0,410400
2025-07-20,PRD-06,Jawa Tengah,19,12000,15.0,193800
2025-07-20,PRD-06,Jawa Timur,18,12000,0.0,216000
2025-07-20,PRD-06,Jabodetabek,23,12000,0.0,276000
2025-07-20,PRD-07,DI Yogyakarta,10,32000,5.0,304000
2025-07-20,PRD-07,Jawa Tengah,7,32000,15.0,190400
2025-07-20,PRD-07,Jawa Timur,6,32000,15.0,163200
2025-07-20,PRD-07,Jabodetabek,17,32000,0.0,544000
2025-07-20,PRD-08,DI Yogyakarta,16,14000,5.0,212800
2025-07-20,PRD-08,Jawa Tengah,10,14000,0.0,140000
2025-07-20,PRD-08,Jawa Timur,5,14000,10.0,63000
2025-07-20,PRD-08,Jabodetabek,14,14000,5.0,186200
2025-07-21,PRD-01,DI Yogyakarta,21,28000,0.0,588000
2025-07-21,PRD-01,Jawa Tengah,21,28000,0.0,588000
2025-07-21,PRD-01,Jawa Timur,11,28000,10.0,277200
2025-07-21,PRD-01,Jabodetabek,20,28000,10.0,504000
2025-07-21,PRD-02,DI Yogyakarta,20,26000,0.0,520000
2025-07-21,PRD-02,Jawa Tengah,11,26000,5.0,271700
2025-07-21,PRD-02,Jawa Timur,11,26000,10.0,257400
2025-07-21,PRD-02,Jabodetabek,12,26000,0.0,312000
2025-07-21,PRD-03,DI Yogyakarta,12,25000,5.0,285000
2025-07-21,PRD-03,Jawa Tengah,10,25000,0.0,250000
2025-07-21,PRD-03,Jawa Timur,5,25000,0.0,125000
2025-07-21,PRD-03,Jabodetabek,8,25000,0.0,200000
2025-07-21,PRD-04,DI Yogyakarta,26,15000,0.0,390000
2025-07-21,PRD-04,Jawa Tengah,19,15000,0.0,285000
2025-07-21,PRD-04,Jawa Timur,12,15000,5.0,171000
2025-07-21,PRD-04,Jabodetabek,31,15000,0.0,465000
2025-07-21,PRD-05,DI Yogyakarta,11,18000,10.0,178200
2025-07-21,PRD-05,Jawa Tengah,4,18000,0.0,72000
2025-07-21,PRD-05,Jawa Timur,0,18000,0.0,0
2025-07-21,PRD-05,Jabodetabek,7,18000,10.0,113400
2025-07-21,PRD-06,DI Yogyakarta,20,12000,0.0,240000
2025-07-21,PRD-06,Jawa Tengah,15,12000,10.0,162000
2025-07-21,PRD-06,Jawa Timur,21,12000,0.0,252000
2025-07-21,PRD-06,Jabodetabek,17,12000,0.0,204000
2025-07-21,PRD-07,DI Yogyakarta,7,32000,0.0,224000
2025-07-21,PRD-07,Jawa Tengah,2,32000,5.0,60800
2025-07-21,PRD-07,Jawa Timur,4,32000,0.0,128000
2025-07-21,PRD-07,Jabodetabek,4,32000,0.0,128000
2025-07-21,PRD-08,DI Yogyakarta,18,14000,5.0,239400
2025-07-21,PRD-08,Jawa Tengah,8,14000,10.0,100800
2025-07-21,PRD-08,Jawa Timur,5,14000,0.0,70000
2025-07-21,PRD-08,Jabodetabek,10,14000,0.0,140000
2025-07-22,PRD-01,DI Yogyakarta,21,28000,0.0,588000
2025-07-22,PRD-01,Jawa Tengah,12,28000,0.0,336000
2025-07-22,PRD-01,Jawa Timur,7,28000,0.0,196000
2025-07-22,PRD-01,Jabodetabek,19,28000,0.0,532000
2025-07-22,PRD-02,DI Yogyakarta,22,26000,0.0,572000
2025-07-22,PRD-02,Jawa Tengah,20,26000,0.0,520000
2025-07-22,PRD-02,Jawa Timur,5,26000,0.0,130000
2025-07-22,PRD-02,Jabodetabek,8,26000,0.0,208000
2025-07-22,PRD-03,DI Yogyakarta,10,25000,0.0,250000
2025-07-22,PRD-03,Jawa Tengah,5,25000,0.0,125000
2025-07-22,PRD-03,Jawa Timur,3,25000,0.0,75000
2025-07-22,PRD-03,Jabodetabek,3,25000,5.0,71250
2025-07-22,PRD-04,DI Yogyakarta,35,15000,0.0,525000
2025-07-22,PRD-04,Jawa Tengah,20,15000,0.0,300000
2025-07-22,PRD-04,Jawa Timur,13,15000,0.0,195000
2025-07-22,PRD-04,Jabodetabek,21,15000,0.0,315000
2025-07-22,PRD-05,DI Yogyakarta,5,18000,5.0,85500
2025-07-22,PRD-05,Jawa Tengah,5,18000,0.0,90000
2025-07-22,PRD-05,Jawa Timur,6,18000,0.0,108000
2025-07-22,PRD-05,Jabodetabek,6,18000,0.0,108000
2025-07-22,PRD-06,DI Yogyakarta,25,12000,0.0,300000
2025-07-22,PRD-06,Jawa Tengah,22,12000,15.0,224400
2025-07-22,PRD-06,Jawa Timur,10,12000,0.0,120000
2025-07-22,PRD-06,Jabodetabek,24,12000,0.0,288000
2025-07-22,PRD-07,DI Yogyakarta,6,32000,0.0,192000
2025-07-22,PRD-07,Jawa Tengah,6,32000,0.0,192000
2025-07-22,PRD-07,Jawa Timur,4,32000,0.0,128000
2025-07-22,PRD-07,Jabodetabek,7,32000,5.0,212800
2025-07-22,PRD-08,DI Yogyakarta,14,14000,0.0,196000
2025-07-22,PRD-08,Jawa Tengah,15,14000,0.0,210000
2025-07-22,PRD-08,Jawa Timur,4,14000,0.0,56000
2025-07-22,PRD-08,Jabodetabek,9,14000,5.0,119700
2025-07-23,PRD-01,DI Yogyakarta,20,28000,0.0,560000
2025-07-23,PRD-01,Jawa Tengah,6,28000,0.0,168000
2025-07-23,PRD-01,Jawa Timur,14,28000,0.0,392000
2025-07-23,PRD-01,Jabodetabek,16,28000,0.0,448000
2025-07-23,PRD-02,DI Yogyakarta,17,26000,0.0,442000
2025-07-23,PRD-02,Jawa Tengah,15,26000,0.0,390000
2025-07-23,PRD-02,Jawa Timur,10,26000,0.0,260000
2025-07-23,PRD-02,Jabodetabek,12,26000,0.0,312000
2025-07-23,PRD-03,DI Yogyakarta,9,25000,0.0,225000
2025-07-23,PRD-03,Jawa Tengah,7,25000,0.0,175000
2025-07-23,PRD-03,Jawa Timur,6,25000,10.0,135000
2025-07-23,PRD-03,Jabodetabek,4,25000,5.0,95000
2025-07-23,PRD-04,DI Yogyakarta,25,15000,0.0,375000
2025-07-23,PRD-04,Jawa Tengah,22,15000,0.0,330000
2025-07-23,PRD-04,Jawa Timur,14,15000,0.0,210000
2025-07-23,PRD-04,Jabodetabek,26,15000,10.0,351000
2025-07-23,PRD-05,DI Yogyakarta,4,18000,0.0,72000
2025-07-23,PRD-05,Jawa Tengah,6,18000,0.0,108000
2025-07-23,PRD-05,Jawa Timur,3,18000,0.0,54000
2025-07-23,PRD-05,Jabodetabek,3,18000,0.0,54000
2025-07-23,PRD-06,DI Yogyakarta,20,12000,0.0,240000
2025-07-23,PRD-06,Jawa Tengah,9,12000,0.0,108000
2025-07-23,PRD-06,Jawa Timur,13,12000,0.0,156000
2025-07-23,PRD-06,Jabodetabek,19,12000,0.0,228000
2025-07-23,PRD-07,DI Yogyakarta,6,32000,10.0,172800
2025-07-23,PRD-07,Jawa Tengah,9,32000,0.0,288000
2025-07-23,PRD-07,Jawa Timur,4,32000,0.0,128000
2025-07-23,PRD-07,Jabodetabek,6,32000,10.0,172800
2025-07-23,PRD-08,DI Yogyakarta,17,14000,5.0,226100
2025-07-23,PRD-08,Jawa Tengah,4,14000,0.0,56000
2025-07-23,PRD-08,Jawa Timur,7,14000,0.0,98000
2025-07-23,PRD-08,Jabodetabek,9,14000,0.0,126000
2025-07-24,PRD-01,DI Yogyakarta,28,28000,0.0,784000
2025-07-24,PRD-01,Jawa Tengah,12,28000,0.0,336000
2025-07-24,PRD-01,Jawa Timur,6,28000,0.0,168000
2025-07-24,PRD-01,Jabodetabek,17,28000,10.0,428400
2025-07-24,PRD-02,DI Yogyakarta,18,26000,0.0,468000
2025-07-24,PRD-02,Jawa Tengah,10,26000,0.0,260000
2025-07-24,PRD-02,Jawa Timur,8,26000,0.0,208000
2025-07-24,PRD-02,Jabodetabek,13,26000,0.0,338000
2025-07-24,PRD-03,DI Yogyakarta,9,25000,0.0,225000
2025-07-24,PRD-03,Jawa Tengah,4,25000,15.0,85000
2025-07-24,PRD-03,Jawa Timur,5,25000,5.0,118750
2025-07-24,PRD-03,Jabodetabek,12,25000,0.0,300000
2025-07-24,PRD-04,DI Yogyakarta,26,15000,0.0,390000
2025-07-24,PRD-04,Jawa Tengah,17,15000,10.0,229500
2025-07-24,PRD-04,Jawa Timur,18,15000,0.0,270000
2025-07-24,PRD-04,Jabodetabek,26,15000,0.0,390000
2025-07-24,PRD-05,DI Yogyakarta,9,18000,0.0,162000
2025-07-24,PRD-05,Jawa Tengah,4,18000,0.0,72000
2025-07-24,PRD-05,Jawa Timur,4,18000,10.0,64800
2025-07-24,PRD-05,Jabodetabek,7,18000,0.0,126000
2025-07-24,PRD-06,DI Yogyakarta,23,12000,0.0,276000
2025-07-24,PRD-06,Jawa Tengah,24,12000,0.0,288000
2025-07-24,PRD-06,Jawa Timur,13,12000,0.0,156000
2025-07-24,PRD-06,Jabodetabek,13,12000,0.0,156000
2025-07-24,PRD-07,DI Yogyakarta,5,32000,0.0,160000
2025-07-24,PRD-07,Jawa Tengah,3,32000,0.0,96000
2025-07-24,PRD-07,Jawa Timur,7,32000,0.0,224000
2025-07-24,PRD-07,Jabodetabek,8,32000,0.0,256000
2025-07-24,PRD-08,DI Yogyakarta,12,14000,0.0,168000
2025-07-24,PRD-08,Jawa Tengah,13,14000,0.0,182000
2025-07-24,PRD-08,Jawa Timur,9,14000,0.0,126000
2025-07-24,PRD-08,Jabodetabek,14,14000,5.0,186200
2025-07-25,PRD-01,DI Yogyakarta,21,28000,0.0,588000
2025-07-25,PRD-01,Jawa Tengah,19,28000,0.0,532000
2025-07-25,PRD-01,Jawa Timur,11,28000,0.0,308000
2025-07-25,PRD-01,Jabodetabek,11,28000,0.0,308000
2025-07-25,PRD-02,DI Yogyakarta,17,26000,0.0,442000
2025-07-25,PRD-02,Jawa Tengah,15,26000,0.0,390000
2025-07-25,PRD-02,Jawa Timur,11,26000,0.0,286000
2025-07-25,PRD-02,Jabodetabek,17,26000,0.0,442000
2025-07-25,PRD-03,DI Yogyakarta,15,25000,0.0,375000
2025-07-25,PRD-03,Jawa Tengah,6,25000,0.0,150000
2025-07-25,PRD-03,Jawa Timur,6,25000,0.0,150000
2025-07-25,PRD-03,Jabodetabek,12,25000,0.0,300000
2025-07-25,PRD-04,DI Yogyakarta,21,15000,5.0,299250
2025-07-25,PRD-04,Jawa Tengah,22,15000,15.0,280500
2025-07-25,PRD-04,Jawa Timur,15,15000,10.0,202500
2025-07-25,PRD-04,Jabodetabek,24,15000,0.0,360000
2025-07-25,PRD-05,DI Yogyakarta,9,18000,0.0,162000
2025-07-25,PRD-05,Jawa Tengah,3,18000,0.0,54000
2025-07-25,PRD-05,Jawa Timur,6,18000,0.0,108000
2025-07-25,PRD-05,Jabodetabek,9,18000,0.0,162000
2025-07-25,PRD-06,DI Yogyakarta,23,12000,0.0,276000
2025-07-25,PRD-06,Jawa Tengah,23,12000,0.0,276000
2025-07-25,PRD-06,Jawa Timur,13,12000,10.0,140400
2025-07-25,PRD-06,Jabodetabek,20,12000,0.0,240000
2025-07-25,PRD-07,DI Yogyakarta,5,32000,0.0,160000
2025-07-25,PRD-07,Jawa Tengah,4,32000,10.0,115200
2025-07-25,PRD-07,Jawa Timur,5,32000,0.0,160000
2025-07-25,PRD-07,Jabodetabek,7,32000,0.0,224000
2025-07-25,PRD-08,DI Yogyakarta,7,14000,10.0,88200
2025-07-25,PRD-08,Jawa Tengah,10,14000,0.0,140000
2025-07-25,PRD-08,Jawa Timur,6,14000,0.0,84000
2025-07-25,PRD-08,Jabodetabek,12,14000,0.0,168000
2025-07-26,PRD-01,DI Yogyakarta,29,28000,0.0,812000
2025-07-26,PRD-01,Jawa Tengah,17,28000,0.0,476000
2025-07-26,PRD-01,Jawa Timur,16,28000,0.0,448000
2025-07-26,PRD-01,Jabodetabek,25,28000,0.0,700000
2025-07-26,PRD-02,DI Yogyakarta,23,26000,0.0,598000
2025-07-26,PRD-02,Jawa Tengah,12,26000,0.0,312000
2025-07-26,PRD-02,Jawa Timur,12,26000,10.0,280800
2025-07-26,PRD-02,Jabodetabek,22,26000,0.0,572000
2025-07-26,PRD-03,DI Yogyakarta,16,25000,0.0,400000
2025-07-26,PRD-03,Jawa Tengah,12,25000,0.0,300000
2025-07-26,PRD-03,Jawa Timur,7,25000,0.0,175000
2025-07-26,PRD-03,Jabodetabek,5,25000,0.0,125000
2025-07-26,PRD-04,DI Yogyakarta,31,15000,10.0,418500
2025-07-26,PRD-04,Jawa Tengah,17,15000,5.0,242250
2025-07-26,PRD-04,Jawa Timur,19,15000,0.0,285000
2025-07-26,PRD-04,Jabodetabek,30,15000,0.0,450000
2025-07-26,PRD-05,DI Yogyakarta,9,18000,0.0,162000
2025-07-26,PRD-05,Jawa Tengah,9,18000,0.0,162000
2025-07-26,PRD-05,Jawa Timur,8,18000,0.0,144000
2025-07-26,PRD-05,Jabodetabek,10,18000,0.0,180000
2025-07-26,PRD-06,DI Yogyakarta,25,12000,0.0,300000
2025-07-26,PRD-06,Jawa Tengah,18,12000,0.0,216000
2025-07-26,PRD-06,Jawa Timur,16,12000,0.0,192000
2025-07-26,PRD-06,Jabodetabek,24,12000,0.0,288000
2025-07-26,PRD-07,DI Yogyakarta,8,32000,0.0,256000
2025-07-26,PRD-07,Jawa Tengah,4,32000,0.0,128000
2025-07-26,PRD-07,Jawa Timur,4,32000,0.0,128000
2025-07-26,PRD-07,Jabodetabek,7,32000,10.0,201600
2025-07-26,PRD-08,DI Yogyakarta,17,14000,5.0,226100
2025-07-26,PRD-08,Jawa Tengah,14,14000,0.0,196000
2025-07-26,PRD-08,Jawa Timur,9,14000,5.0,119700
2025-07-26,PRD-08,Jabodetabek,11,14000,5.0,146300
2025-07-27,PRD-01,DI Yogyakarta,23,28000,0.0,644000
2025-07-27,PRD-01,Jawa Tengah,12,28000,10.0,302400
2025-07-27,PRD-01,Jawa Timur,15,28000,0.0,420000
2025-07-27,PRD-01,Jabodetabek,28,28000,0.0,784000
2025-07-27,PRD-02,DI Yogyakarta,18,26000,0.0,468000
2025-07-27,PRD-02,Jawa Tengah,9,26000,0.0,234000
2025-07-27,PRD-02,Jawa Timur,13,26000,5.0,321100
2025-07-27,PRD-02,Jabodetabek,28,26000,0.0,728000
2025-07-27,PRD-03,DI Yogyakarta,7,25000,0.0,175000
2025-07-27,PRD-03,Jawa Tengah,12,25000,0.0,300000
2025-07-27,PRD-03,Jawa Timur,11,25000,0.0,275000
2025-07-27,PRD-03,Jabodetabek,10,25000,10.0,225000
2025-07-27,PRD-04,DI Yogyakarta,37,15000,0.0,555000
2025-07-27,PRD-04,Jawa Tengah,20,15000,0.0,300000
2025-07-27,PRD-04,Jawa Timur,15,15000,5.0,213750
2025-07-27,PRD-04,Jabodetabek,14,15000,0.0,210000
2025-07-27,PRD-05,DI Yogyakarta,10,18000,0.0,180000
2025-07-27,PRD-05,Jawa Tengah,4,18000,0.0,72000
2025-07-27,PRD-05,Jawa Timur,5,18000,0.0,90000
2025-07-27,PRD-05,Jabodetabek,3,18000,0.0,54000
2025-07-27,PRD-06,DI Yogyakarta,40,12000,0.0,480000
2025-07-27,PRD-06,Jawa Tengah,19,12000,10.0,205200
2025-07-27,PRD-06,Jawa Timur,18,12000,10.0,194400
2025-07-27,PRD-06,Jabodetabek,25,12000,0.0,300000
2025-07-27,PRD-07,DI Yogyakarta,10,32000,0.0,320000
2025-07-27,PRD-07,Jawa Tengah,4,32000,0.0,128000
2025-07-27,PRD-07,Jawa Timur,2,32000,0.0,64000
2025-07-27,PRD-07,Jabodetabek,12,32000,0.0,384000
2025-07-27,PRD-08,DI Yogyakarta,22,14000,0.0,308000
2025-07-27,PRD-08,Jawa Tengah,13,14000,0.0,182000
2025-07-27,PRD-08,Jawa Timur,11,14000,0.0,154000
2025-07-27,PRD-08,Jabodetabek,14,14000,0.0,196000
2025-07-28,PRD-01,DI Yogyakarta,27,28000,5.0,718200
2025-07-28,PRD-01,Jawa Tengah,14,28000,5.0,372400
2025-07-28,PRD-01,Jawa Timur,9,28000,0.0,252000
2025-07-28,PRD-01,Jabodetabek,15,28000,0.0,420000
2025-07-28,PRD-02,DI Yogyakarta,5,26000,0.0,130000
2025-07-28,PRD-02,Jawa Tengah,12,26000,5.0,296400
2025-07-28,PRD-02,Jawa Timur,8,26000,0.0,208000
2025-07-28,PRD-02,Jabodetabek,13,26000,0.0,338000
2025-07-28,PRD-03,DI Yogyakarta,7,25000,0.0,175000
2025-07-28,PRD-03,Jawa Tengah,10,25000,0.0,250000
2025-07-28,PRD-03,Jawa Timur,6,25000,0.0,150000
2025-07-28,PRD-03,Jabodetabek,13,25000,0.0,325000
2025-07-28,PRD-04,DI Yogyakarta,26,15000,5.0,370500
2025-07-28,PRD-04,Jawa Tengah,12,15000,0.0,180000
2025-07-28,PRD-04,Jawa Timur,11,15000,0.0,165000
2025-07-28,PRD-04,Jabodetabek,16,15000,0.0,240000
2025-07-28,PRD-05,DI Yogyakarta,8,18000,5.0,136800
2025-07-28,PRD-05,Jawa Tengah,5,18000,0.0,90000
2025-07-28,PRD-05,Jawa Timur,3,18000,0.0,54000
2025-07-28,PRD-05,Jabodetabek,0,18000,0.0,0
2025-07-28,PRD-06,DI Yogyakarta,32,12000,0.0,384000
2025-07-28,PRD-06,Jawa Tengah,16,12000,0.0,192000
2025-07-28,PRD-06,Jawa Timur,12,12000,10.0,129600
2025-07-28,PRD-06,Jabodetabek,26,12000,0.0,312000
2025-07-28,PRD-07,DI Yogyakarta,15,32000,0.0,480000
2025-07-28,PRD-07,Jawa Tengah,6,32000,0.0,192000
2025-07-28,PRD-07,Jawa Timur,2,32000,0.0,64000
2025-07-28,PRD-07,Jabodetabek,7,32000,0.0,224000
2025-07-28,PRD-08,DI Yogyakarta,15,14000,0.0,210000
2025-07-28,PRD-08,Jawa Tengah,5,14000,0.0,70000
2025-07-28,PRD-08,Jawa Timur,8,14000,5.0,106400
2025-07-28,PRD-08,Jabodetabek,9,14000,0.0,126000
2025-07-29,PRD-01,DI Yogyakarta,25,28000,0.0,700000
2025-07-29,PRD-01,Jawa Tengah,19,28000,0.0,532000
2025-07-29,PRD-01,Jawa Timur,8,28000,0.0,224000
2025-07-29,PRD-01,Jabodetabek,16,28000,0.0,448000
2025-07-29,PRD-02,DI Yogyakarta,10,26000,0.0,260000
2025-07-29,PRD-02,Jawa Tengah,14,26000,0.0,364000
2025-07-29,PRD-02,Jawa Timur,5,26000,0.0,130000
2025-07-29,PRD-02,Jabodetabek,12,26000,0.0,312000
2025-07-29,PRD-03,DI Yogyakarta,6,25000,10.0,135000
2025-07-29,PRD-03,Jawa Tengah,6,25000,0.0,150000
2025-07-29,PRD-03,Jawa Timur,3,25000,15.0,63750
2025-07-29,PRD-03,Jabodetabek,10,25000,0.0,250000
2025-07-29,PRD-04,DI Yogyakarta,32,15000,0.0,480000
2025-07-29,PRD-04,Jawa Tengah,20,15000,15.0,255000
2025-07-29,PRD-04,Jawa Timur,19,15000,0.0,285000
2025-07-29,PRD-04,Jabodetabek,22,15000,0.0,330000
2025-07-29,PRD-05,DI Yogyakarta,8,18000,10.0,129600
2025-07-29,PRD-05,Jawa Tengah,5,18000,5.0,85500
2025-07-29,PRD-05,Jawa Timur,5,18000,0.0,90000
2025-07-29,PRD-05,Jabodetabek,7,18000,0.0,126000
2025-07-29,PRD-06,DI Yogyakarta,21,12000,5.0,239400
2025-07-29,PRD-06,Jawa Tengah,12,12000,0.0,144000
2025-07-29,PRD-06,Jawa Timur,13,12000,0.0,156000
2025-07-29,PRD-06,Jabodetabek,9,12000,0.0,108000
2025-07-29,PRD-07,DI Yogyakarta,7,32000,10.0,201600
2025-07-29,PRD-07,Jawa Tengah,4,32000,10.0,115200
2025-07-29,PRD-07,Jawa Timur,3,32000,0.0,96000
2025-07-29,PRD-07,Jabodetabek,7,32000,0.0,224000
2025-07-29,PRD-08,DI Yogyakarta,11,14000,0.0,154000
2025-07-29,PRD-08,Jawa Tengah,7,14000,5.0,93100
2025-07-29,PRD-08,Jawa Timur,11,14000,0.0,154000
2025-07-29,PRD-08,Jabodetabek,13,14000,0.0,182000
2025-07-30,PRD-01,DI Yogyakarta,20,28000,10.0,504000
2025-07-30,PRD-01,Jawa Tengah,23,28000,0.0,644000
2025-07-30,PRD-01,Jawa Timur,17,28000,0.0,476000
2025-07-30,PRD-01,Jabodetabek,25,28000,0.0,700000
2025-07-30,PRD-02,DI Yogyakarta,23,26000,0.0,598000
2025-07-30,PRD-02,Jawa Tengah,16,26000,5.0,395200
2025-07-30,PRD-02,Jawa Timur,6,26000,10.0,140400
2025-07-30,PRD-02,Jabodetabek,14,26000,0.0,364000
2025-07-30,PRD-03,DI Yogyakarta,8,25000,0.0,200000
2025-07-30,PRD-03,Jawa Tengah,4,25000,0.0,100000
2025-07-30,PRD-03,Jawa Timur,9,25000,0.0,225000
2025-07-30,PRD-03,Jabodetabek,12,25000,0.0,300000
2025-07-30,PRD-04,DI Yogyakarta,26,15000,0.0,390000
2025-07-30,PRD-04,Jawa Tengah,22,15000,0.0,330000
2025-07-30,PRD-04,Jawa Timur,19,15000,0.0,285000
2025-07-30,PRD-04,Jabodetabek,36,15000,0.0,540000
2025-07-30,PRD-05,DI Yogyakarta,9,18000,0.0,162000
2025-07-30,PRD-05,Jawa Tengah,9,18000,0.0,162000
2025-07-30,PRD-05,Jawa Timur,3,18000,0.0,54000
2025-07-30,PRD-05,Jabodetabek,7,18000,0.0,126000
2025-07-30,PRD-06,DI Yogyakarta,17,12000,0.0,204000
2025-07-30,PRD-06,Jawa Tengah,9,12000,0.0,108000
2025-07-30,PRD-06,Jawa Timur,10,12000,0.0,120000
2025-07-30,PRD-06,Jabodetabek,15,12000,5.0,171000
2025-07-30,PRD-07,DI Yogyakarta,9,32000,5.0,273600
2025-07-30,PRD-07,Jawa Tengah,6,32000,0.0,192000
2025-07-30,PRD-07,Jawa Timur,6,32000,0.0,192000
2025-07-30,PRD-07,Jabodetabek,5,32000,0.0,160000
2025-07-30,PRD-08,DI Yogyakarta,11,14000,0.0,154000
2025-07-30,PRD-08,Jawa Tengah,11,14000,0.0,154000
2025-07-30,PRD-08,Jawa Timur,5,14000,0.0,70000
2025-07-30,PRD-08,Jabodetabek,8,14000,0.0,112000
2025-07-31,PRD-01,DI Yogyakarta,20,28000,0.0,560000
2025-07-31,PRD-01,Jawa Tengah,13,28000,5.0,345800
2025-07-31,PRD-01,Jawa Timur,10,28000,0.0,280000
2025-07-31,PRD-01,Jabodetabek,19,28000,0.0,532000
2025-07-31,PRD-02,DI Yogyakarta,12,26000,5.0,296400
2025-07-31,PRD-02,Jawa Tengah,12,26000,0.0,312000
2025-07-31,PRD-02,Jawa Timur,11,26000,15.0,243100
2025-07-31,PRD-02,Jabodetabek,8,26000,0.0,208000
2025-07-31,PRD-03,DI Yogyakarta,7,25000,0.0,175000
2025-07-31,PRD-03,Jawa Tengah,5,25000,5.0,118750
2025-07-31,PRD-03,Jawa Timur,6,25000,10.0,135000
2025-07-31,PRD-03,Jabodetabek,7,25000,0.0,175000
2025-07-31,PRD-04,DI Yogyakarta,27,15000,5.0,384750
2025-07-31,PRD-04,Jawa Tengah,25,15000,0.0,375000
2025-07-31,PRD-04,Jawa Timur,12,15000,0.0,180000
2025-07-31,PRD-04,Jabodetabek,18,15000,0.0,270000
2025-07-31,PRD-05,DI Yogyakarta,7,18000,0.0,126000
2025-07-31,PRD-05,Jawa Tengah,7,18000,0.0,126000
2025-07-31,PRD-05,Jawa Timur,3,18000,0.0,54000
2025-07-31,PRD-05,Jabodetabek,10,18000,10.0,162000
2025-07-31,PRD-06,DI Yogyakarta,23,12000,15.0,234600
2025-07-31,PRD-06,Jawa Tengah,19,12000,0.0,228000
2025-07-31,PRD-06,Jawa Timur,5,12000,0.0,60000
2025-07-31,PRD-06,Jabodetabek,16,12000,0.0,192000
2025-07-31,PRD-07,DI Yogyakarta,4,32000,5.0,121600
2025-07-31,PRD-07,Jawa Tengah,6,32000,0.0,192000
2025-07-31,PRD-07,Jawa Timur,3,32000,0.0,96000
2025-07-31,PRD-07,Jabodetabek,7,32000,0.0,224000
2025-07-31,PRD-08,DI Yogyakarta,7,14000,0.0,98000
2025-07-31,PRD-08,Jawa Tengah,7,14000,0.0,98000
2025-07-31,PRD-08,Jawa Timur,2,14000,0.0,28000
2025-07-31,PRD-08,Jabodetabek,15,14000,0.0,210000
2025-08-01,PRD-01,DI Yogyakarta,17,28000,0.0,476000
2025-08-01,PRD-01,Jawa Tengah,9,28000,10.0,226800
2025-08-01,PRD-01,Jawa Timur,8,28000,0.0,224000
2025-08-01,PRD-01,Jabodetabek,24,28000,5.0,638400
2025-08-01,PRD-02,DI Yogyakarta,16,26000,15.0,353600
2025-08-01,PRD-02,Jawa Tengah,6,26000,0.0,156000
2025-08-01,PRD-02,Jawa Timur,7,26000,5.0,172900
2025-08-01,PRD-02,Jabodetabek,14,26000,0.0,364000
2025-08-01,PRD-03,DI Yogyakarta,7,25000,0.0,175000
2025-08-01,PRD-03,Jawa Tengah,7,25000,5.0,166250
2025-08-01,PRD-03,Jawa Timur,9,25000,0.0,225000
2025-08-01,PRD-03,Jabodetabek,12,25000,0.0,300000
2025-08-01,PRD-04,DI Yogyakarta,21,15000,0.0,315000
2025-08-01,PRD-04,Jawa Tengah,22,15000,0.0,330000
2025-08-01,PRD-04,Jawa Timur,21,15000,0.0,315000
2025-08-01,PRD-04,Jabodetabek,28,15000,15.0,357000
2025-08-01,PRD-05,DI Yogyakarta,16,18000,0.0,288000
2025-08-01,PRD-05,Jawa Tengah,7,18000,10.0,113400
2025-08-01,PRD-05,Jawa Timur,4,18000,0.0,72000
2025-08-01,PRD-05,Jabodetabek,10,18000,5.0,171000
2025-08-01,PRD-06,DI Yogyakarta,16,12000,0.0,192000
2025-08-01,PRD-06,Jawa Tengah,16,12000,0.0,192000
2025-08-01,PRD-06,Jawa Timur,11,12000,10.0,118800
2025-08-01,PRD-06,Jabodetabek,23,12000,0.0,276000
2025-08-01,PRD-07,DI Yogyakarta,8,32000,0.0,256000
2025-08-01,PRD-07,Jawa Tengah,3,32000,0.0,96000
2025-08-01,PRD-07,Jawa Timur,9,32000,10.0,259200
2025-08-01,PRD-07,Jabodetabek,5,32000,0.0,160000
2025-08-01,PRD-08,DI Yogyakarta,11,14000,0.0,154000
2025-08-01,PRD-08,Jawa Tengah,9,14000,0.0,126000
2025-08-01,PRD-08,Jawa Timur,8,14000,0.0,112000
2025-08-01,PRD-08,Jabodetabek,9,14000,0.0,126000
2025-08-02,PRD-01,DI Yogyakarta,25,28000,5.0,665000
2025-08-02,PRD-01,Jawa Tengah,19,28000,0.0,532000
2025-08-02,PRD-01,Jawa Timur,17,28000,0.0,476000
2025-08-02,PRD-01,Jabodetabek,20,28000,0.0,560000
2025-08-02,PRD-02,DI Yogyakarta,18,26000,5.0,444600
2025-08-02,PRD-02,Jawa Tengah,20,26000,10.0,468000
2025-08-02,PRD-02,Jawa Timur,12,26000,0.0,312000
2025-08-02,PRD-02,Jabodetabek,20,26000,0.0,520000
2025-08-02,PRD-03,DI Yogyakarta,10,25000,0.0,250000
2025-08-02,PRD-03,Jawa Tengah,6,25000,0.0,150000
2025-08-02,PRD-03,Jawa Timur,5,25000,0.0,125000
2025-08-02,PRD-03,Jabodetabek,8,25000,0.0,200000
2025-08-02,PRD-04,DI Yogyakarta,30,15000,0.0,450000
2025-08-02,PRD-04,Jawa Tengah,23,15000,15.0,293250
2025-08-02,PRD-04,Jawa Timur,18,15000,10.0,243000
2025-08-02,PRD-04,Jabodetabek,32,15000,0.0,480000
2025-08-02,PRD-05,DI Yogyakarta,12,18000,0.0,216000
2025-08-02,PRD-05,Jawa Tengah,8,18000,0.0,144000
2025-08-02,PRD-05,Jawa Timur,9,18000,0.0,162000
2025-08-02,PRD-05,Jabodetabek,10,18000,0.0,180000
2025-08-02,PRD-06,DI Yogyakarta,28,12000,0.0,336000
2025-08-02,PRD-06,Jawa Tengah,24,12000,0.0,288000
2025-08-02,PRD-06,Jawa Timur,22,12000,0.0,264000
2025-08-02,PRD-06,Jabodetabek,31,12000,0.0,372000
2025-08-02,PRD-07,DI Yogyakarta,7,32000,0.0,224000
2025-08-02,PRD-07,Jawa Tengah,7,32000,15.0,190400
2025-08-02,PRD-07,Jawa Timur,8,32000,0.0,256000
2025-08-02,PRD-07,Jabodetabek,11,32000,5.0,334400
2025-08-02,PRD-08,DI Yogyakarta,11,14000,0.0,154000
2025-08-02,PRD-08,Jawa Tengah,16,14000,0.0,224000
2025-08-02,PRD-08,Jawa Timur,12,14000,10.0,151200
2025-08-02,PRD-08,Jabodetabek,17,14000,0.0,238000
2025-08-03,PRD-01,DI Yogyakarta,24,28000,0.0,672000
2025-08-03,PRD-01,Jawa Tengah,20,28000,15.0,476000
2025-08-03,PRD-01,Jawa Timur,22,28000,0.0,616000
2025-08-03,PRD-01,Jabodetabek,28,28000,0.0,784000
2025-08-03,PRD-02,DI Yogyakarta,27,26000,0.0,702000
2025-08-03,PRD-02,Jawa Tengah,12,26000,0.0,312000
2025-08-03,PRD-02,Jawa Timur,14,26000,5.0,345800
2025-08-03,PRD-02,Jabodetabek,16,26000,0.0,416000
2025-08-03,PRD-03,DI Yogyakarta,8,25000,15.0,170000
2025-08-03,PRD-03,Jawa Tengah,5,25000,10.0,112500
2025-08-03,PRD-03,Jawa Timur,3,25000,0.0,75000
2025-08-03,PRD-03,Jabodetabek,13,25000,0.0,325000
2025-08-03,PRD-04,DI Yogyakarta,35,15000,0.0,525000
2025-08-03,PRD-04,Jawa Tengah,28,15000,0.0,420000
2025-08-03,PRD-04,Jawa Timur,21,15000,0.0,315000
2025-08-03,PRD-04,Jabodetabek,23,15000,0.0,345000
2025-08-03,PRD-05,DI Yogyakarta,7,18000,0.0,126000
2025-08-03,PRD-05,Jawa Tengah,6,18000,0.0,108000
2025-08-03,PRD-05,Jawa Timur,5,18000,0.0,90000
2025-08-03,PRD-05,Jabodetabek,10,18000,0.0,180000
2025-08-03,PRD-06,DI Yogyakarta,21,12000,15.0,214200
2025-08-03,PRD-06,Jawa Tengah,14,12000,10.0,151200
2025-08-03,PRD-06,Jawa Timur,12,12000,5.0,136800
2025-08-03,PRD-06,Jabodetabek,26,12000,0.0,312000
2025-08-03,PRD-07,DI Yogyakarta,5,32000,0.0,160000
2025-08-03,PRD-07,Jawa Tengah,11,32000,0.0,352000
2025-08-03,PRD-07,Jawa Timur,7,32000,0.0,224000
2025-08-03,PRD-07,Jabodetabek,5,32000,0.0,160000
2025-08-03,PRD-08,DI Yogyakarta,11,14000,0.0,154000
2025-08-03,PRD-08,Jawa Tengah,11,14000,10.0,138600
2025-08-03,PRD-08,Jawa Timur,8,14000,0.0,112000
2025-08-03,PRD-08,Jabodetabek,15,14000,0.0,210000
2025-08-04,PRD-01,DI Yogyakarta,27,28000,0.0,756000
2025-08-04,PRD-01,Jawa Tengah,12,28000,0.0,336000
2025-08-04,PRD-01,Jawa Timur,14,28000,0.0,392000
2025-08-04,PRD-01,Jabodetabek,14,28000,0.0,392000
2025-08-04,PRD-02,DI Yogyakarta,16,26000,0.0,416000
2025-08-04,PRD-02,Jawa Tengah,9,26000,0.0,234000
2025-08-04,PRD-02,Jawa Timur,3,26000,5.0,74100
2025-08-04,PRD-02,Jabodetabek,10,26000,0.0,260000
2025-08-04,PRD-03,DI Yogyakarta,10,25000,0.0,250000
2025-08-04,PRD-03,Jawa Tengah,7,25000,0.0,175000
2025-08-04,PRD-03,Jawa Timur,8,25000,15.0,170000
2025-08-04,PRD-03,Jabodetabek,5,25000,0.0,125000
2025-08-04,PRD-04,DI Yogyakarta,29,15000,5.0,413250
2025-08-04,PRD-04,Jawa Tengah,22,15000,0.0,330000
2025-08-04,PRD-04,Jawa Timur,15,15000,0.0,225000
2025-08-04,PRD-04,Jabodetabek,19,15000,0.0,285000
2025-08-04,PRD-05,DI Yogyakarta,11,18000,0.0,198000
2025-08-04,PRD-05,Jawa Tengah,6,18000,0.0,108000
2025-08-04,PRD-05,Jawa Timur,1,18000,15.0,15300
2025-08-04,PRD-05,Jabodetabek,6,18000,5.0,102600
2025-08-04,PRD-06,DI Yogyakarta,26,12000,0.0,312000
2025-08-04,PRD-06,Jawa Tengah,9,12000,10.0,97200
2025-08-04,PRD-06,Jawa Timur,13,12000,0.0,156000
2025-08-04,PRD-06,Jabodetabek,25,12000,0.0,300000
2025-08-04,PRD-07,DI Yogyakarta,8,32000,10.0,230400
2025-08-04,PRD-07,Jawa Tengah,5,32000,0.0,160000
2025-08-04,PRD-07,Jawa Timur,5,32000,0.0,160000
2025-08-04,PRD-07,Jabodetabek,6,32000,0.0,192000
2025-08-04,PRD-08,DI Yogyakarta,11,14000,5.0,146300
2025-08-04,PRD-08,Jawa Tengah,9,14000,5.0,119700
2025-08-04,PRD-08,Jawa Timur,8,14000,10.0,100800
2025-08-04,PRD-08,Jabodetabek,10,14000,0.0,140000
2025-08-05,PRD-01,DI Yogyakarta,26,28000,0.0,728000
2025-08-05,PRD-01,Jawa Tengah,10,28000,0.0,280000
2025-08-05,PRD-01,Jawa Timur,18,28000,0.0,504000
2025-08-05,PRD-01,Jabodetabek,17,28000,0.0,476000
2025-08-05,PRD-02,DI Yogyakarta,16,26000,5.0,395200
2025-08-05,PRD-02,Jawa Tengah,14,26000,5.0,345800
2025-08-05,PRD-02,Jawa Timur,11,26000,0.0,286000
2025-08-05,PRD-02,Jabodetabek,18,26000,0.0,468000
2025-08-05,PRD-03,DI Yogyakarta,10,25000,0.0,250000
2025-08-05,PRD-03,Jawa Tengah,8,25000,0.0,200000
2025-08-05,PRD-03,Jawa Timur,5,25000,0.0,125000
2025-08-05,PRD-03,Jabodetabek,7,25000,0.0,175000
2025-08-05,PRD-04,DI Yogyakarta,29,15000,15.0,369750
2025-08-05,PRD-04,Jawa Tengah,17,15000,0.0,255000
2025-08-05,PRD-04,Jawa Timur,13,15000,10.0,175500
2025-08-05,PRD-04,Jabodetabek,22,15000,0.0,330000
2025-08-05,PRD-05,DI Yogyakarta,5,18000,0.0,90000
2025-08-05,PRD-05,Jawa Tengah,3,18000,0.0,54000
2025-08-05,PRD-05,Jawa Timur,7,18000,0.0,126000
2025-08-05,PRD-05,Jabodetabek,7,18000,0.0,126000
2025-08-05,PRD-06,DI Yogyakarta,21,12000,0.0,252000
2025-08-05,PRD-06,Jawa Tengah,13,12000,0.0,156000
2025-08-05,PRD-06,Jawa Timur,9,12000,10.0,97200
2025-08-05,PRD-06,Jabodetabek,22,12000,0.0,264000
2025-08-05,PRD-07,DI Yogyakarta,7,32000,0.0,224000
2025-08-05,PRD-07,Jawa Tengah,7,32000,0.0,224000
2025-08-05,PRD-07,Jawa Timur,2,32000,0.0,64000
2025-08-05,PRD-07,Jabodetabek,7,32000,0.0,224000
2025-08-05,PRD-08,DI Yogyakarta,13,14000,5.0,172900
2025-08-05,PRD-08,Jawa Tengah,15,14000,0.0,210000
2025-08-05,PRD-08,Jawa Timur,7,14000,15.0,83300
2025-08-05,PRD-08,Jabodetabek,9,14000,0.0,126000
2025-08-06,PRD-01,DI Yogyakarta,18,28000,0.0,504000
2025-08-06,PRD-01,Jawa Tengah,14,28000,10.0,352800
2025-08-06,PRD-01,Jawa Timur,4,28000,0.0,112000
2025-08-06,PRD-01,Jabodetabek,17,28000,0.0,476000
2025-08-06,PRD-02,DI Yogyakarta,15,26000,15.0,331500
2025-08-06,PRD-02,Jawa Tengah,13,26000,5.0,321100
2025-08-06,PRD-02,Jawa Timur,8,26000,15.0,176800
2025-08-06,PRD-02,Jabodetabek,10,26000,5.0,247000
2025-08-06,PRD-03,DI Yogyakarta,13,25000,0.0,325000
2025-08-06,PRD-03,Jawa Tengah,6,25000,0.0,150000
2025-08-06,PRD-03,Jawa Timur,3,25000,0.0,75000
2025-08-06,PRD-03,Jabodetabek,11,25000,0.0,275000
2025-08-06,PRD-04,DI Yogyakarta,20,15000,0.0,300000
2025-08-06,PRD-04,Jawa Tengah,14,15000,0.0,210000
2025-08-06,PRD-04,Jawa Timur,7,15000,15.0,89250
2025-08-06,PRD-04,Jabodetabek,22,15000,15.0,280500
2025-08-06,PRD-05,DI Yogyakarta,6,18000,0.0,108000
2025-08-06,PRD-05,Jawa Tengah,7,18000,0.0,126000
2025-08-06,PRD-05,Jawa Timur,2,18000,0.0,36000
2025-08-06,PRD-05,Jabodetabek,8,18000,0.0,144000
2025-08-06,PRD-06,DI Yogyakarta,21,12000,5.0,239400
2025-08-06,PRD-06,Jawa Tengah,11,12000,0.0,132000
2025-08-06,PRD-06,Jawa Timur,16,12000,10.0,172800
2025-08-06,PRD-06,Jabodetabek,23,12000,0.0,276000
2025-08-06,PRD-07,DI Yogyakarta,8,32000,0.0,256000
2025-08-06,PRD-07,Jawa Tengah,6,32000,0.0,192000
2025-08-06,PRD-07,Jawa Timur,6,32000,0.0,192000
2025-08-06,PRD-07,Jabodetabek,4,32000,0.0,128000
2025-08-06,PRD-08,DI Yogyakarta,8,14000,0.0,112000
2025-08-06,PRD-08,Jawa Tengah,7,14000,0.0,98000
2025-08-06,PRD-08,Jawa Timur,5,14000,0.0,70000
2025-08-06,PRD-08,Jabodetabek,12,14000,0.0,168000
2025-08-07,PRD-01,DI Yogyakarta,21,28000,0.0,588000
2025-08-07,PRD-01,Jawa Tengah,7,28000,0.0,196000
2025-08-07,PRD-01,Jawa Timur,13,28000,0.0,364000
2025-08-07,PRD-01,Jabodetabek,19,28000,0.0,532000
2025-08-07,PRD-02,DI Yogyakarta,13,26000,0.0,338000
2025-08-07,PRD-02,Jawa Tengah,10,26000,0.0,260000
2025-08-07,PRD-02,Jawa Timur,8,26000,0.0,208000
2025-08-07,PRD-02,Jabodetabek,13,26000,0.0,338000
2025-08-07,PRD-03,DI Yogyakarta,12,25000,0.0,300000
2025-08-07,PRD-03,Jawa Tengah,7,25000,0.0,175000
2025-08-07,PRD-03,Jawa Timur,11,25000,0.0,275000
2025-08-07,PRD-03,Jabodetabek,7,25000,0.0,175000
2025-08-07,PRD-04,DI Yogyakarta,24,15000,0.0,360000
2025-08-07,PRD-04,Jawa Tengah,15,15000,0.0,225000
2025-08-07,PRD-04,Jawa Timur,13,15000,0.0,195000
2025-08-07,PRD-04,Jabodetabek,22,15000,0.0,330000
2025-08-07,PRD-05,DI Yogyakarta,3,18000,0.0,54000
2025-08-07,PRD-05,Jawa Tengah,5,18000,0.0,90000
2025-08-07,PRD-05,Jawa Timur,2,18000,5.0,34200
2025-08-07,PRD-05,Jabodetabek,5,18000,5.0,85500
2025-08-07,PRD-06,DI Yogyakarta,29,12000,0.0,348000
2025-08-07,PRD-06,Jawa Tengah,21,12000,0.0,252000
2025-08-07,PRD-06,Jawa Timur,13,12000,0.0,156000
2025-08-07,PRD-06,Jabodetabek,23,12000,0.0,276000
2025-08-07,PRD-07,DI Yogyakarta,3,32000,0.0,96000
2025-08-07,PRD-07,Jawa Tengah,7,32000,0.0,224000
2025-08-07,PRD-07,Jawa Timur,6,32000,0.0,192000
2025-08-07,PRD-07,Jabodetabek,10,32000,0.0,320000
2025-08-07,PRD-08,DI Yogyakarta,17,14000,0.0,238000
2025-08-07,PRD-08,Jawa Tengah,5,14000,0.0,70000
2025-08-07,PRD-08,Jawa Timur,5,14000,0.0,70000
2025-08-07,PRD-08,Jabodetabek,6,14000,15.0,71400
2025-08-08,PRD-01,DI Yogyakarta,11,28000,0.0,308000
2025-08-08,PRD-01,Jawa Tengah,14,28000,0.0,392000
2025-08-08,PRD-01,Jawa Timur,8,28000,5.0,212800
2025-08-08,PRD-01,Jabodetabek,20,28000,0.0,560000
2025-08-08,PRD-02,DI Yogyakarta,14,26000,0.0,364000
2025-08-08,PRD-02,Jawa Tengah,9,26000,0.0,234000
2025-08-08,PRD-02,Jawa Timur,8,26000,0.0,208000
2025-08-08,PRD-02,Jabodetabek,21,26000,0.0,546000
2025-08-08,PRD-03,DI Yogyakarta,16,25000,10.0,360000
2025-08-08,PRD-03,Jawa Tengah,6,25000,0.0,150000
2025-08-08,PRD-03,Jawa Timur,6,25000,0.0,150000
2025-08-08,PRD-03,Jabodetabek,6,25000,0.0,150000
2025-08-08,PRD-04,DI Yogyakarta,30,15000,0.0,450000
2025-08-08,PRD-04,Jawa Tengah,19,15000,0.0,285000
2025-08-08,PRD-04,Jawa Timur,5,15000,0.0,75000
2025-08-08,PRD-04,Jabodetabek,21,15000,0.0,315000
2025-08-08,PRD-05,DI Yogyakarta,2,18000,0.0,36000
2025-08-08,PRD-05,Jawa Tengah,0,18000,0.0,0
2025-08-08,PRD-05,Jawa Timur,4,18000,0.0,72000
2025-08-08,PRD-05,Jabodetabek,10,18000,5.0,171000
2025-08-08,PRD-06,DI Yogyakarta,25,12000,0.0,300000
2025-08-08,PRD-06,Jawa Tengah,13,12000,0.0,156000
2025-08-08,PRD-06,Jawa Timur,8,12000,0.0,96000
2025-08-08,PRD-06,Jabodetabek,17,12000,10.0,183600
2025-08-08,PRD-07,DI Yogyakarta,2,32000,0.0,64000
2025-08-08,PRD-07,Jawa Tengah,10,32000,0.0,320000
2025-08-08,PRD-07,Jawa Timur,4,32000,0.0,128000
2025-08-08,PRD-07,Jabodetabek,11,32000,0.0,352000
2025-08-08,PRD-08,DI Yogyakarta,7,14000,5.0,93100
2025-08-08,PRD-08,Jawa Tengah,7,14000,10.0,88200
2025-08-08,PRD-08,Jawa Timur,8,14000,0.0,112000
2025-08-08,PRD-08,Jabodetabek,9,14000,10.0,113400
2025-08-09,PRD-01,DI Yogyakarta,37,28000,10.0,932400
2025-08-09,PRD-01,Jawa Tengah,26,28000,0.0,728000
2025-08-09,PRD-01,Jawa Timur,28,28000,0.0,784000
2025-08-09,PRD-01,Jabodetabek,33,28000,5.0,877800
2025-08-09,PRD-02,DI Yogyakarta,21,26000,0.0,546000
2025-08-09,PRD-02,Jawa Tengah,17,26000,0.0,442000
2025-08-09,PRD-02,Jawa Timur,16,26000,15.0,353600
2025-08-09,PRD-02,Jabodetabek,22,26000,0.0,572000
2025-08-09,PRD-03,DI Yogyakarta,12,25000,0.0,300000
2025-08-09,PRD-03,Jawa Tengah,7,25000,0.0,175000
2025-08-09,PRD-03,Jawa Timur,7,25000,0.0,175000
2025-08-09,PRD-03,Jabodetabek,14,25000,0.0,350000
2025-08-09,PRD-04,DI Yogyakarta,46,15000,0.0,690000
2025-08-09,PRD-04,Jawa Tengah,24,15000,0.0,360000
2025-08-09,PRD-04,Jawa Timur,19,15000,0.0,285000
2025-08-09,PRD-04,Jabodetabek,30,15000,0.0,450000
2025-08-09,PRD-05,DI Yogyakarta,8,18000,0.0,144000
2025-08-09,PRD-05,Jawa Tengah,7,18000,0.0,126000
2025-08-09,PRD-05,Jawa Timur,2,18000,0.0,36000
2025-08-09,PRD-05,Jabodetabek,13,18000,10.0,210600
2025-08-09,PRD-06,DI Yogyakarta,29,12000,5.0,330600
2025-08-09,PRD-06,Jawa Tengah,24,12000,0.0,288000
2025-08-09,PRD-06,Jawa Timur,15,12000,10.0,162000
2025-08-09,PRD-06,Jabodetabek,26,12000,0.0,312000
2025-08-09,PRD-07,DI Yogyakarta,8,32000,0.0,256000
2025-08-09,PRD-07,Jawa Tengah,8,32000,0.0,256000
2025-08-09,PRD-07,Jawa Timur,5,32000,0.0,160000
2025-08-09,PRD-07,Jabodetabek,9,32000,0.0,288000
2025-08-09,PRD-08,DI Yogyakarta,18,14000,0.0,252000
2025-08-09,PRD-08,Jawa Tengah,14,14000,0.0,196000
2025-08-09,PRD-08,Jawa Timur,2,14000,15.0,23800
2025-08-09,PRD-08,Jabodetabek,12,14000,0.0,168000
2025-08-10,PRD-01,DI Yogyakarta,22,28000,10.0,554400
2025-08-10,PRD-01,Jawa Tengah,20,28000,0.0,560000
2025-08-10,PRD-01,Jawa Timur,15,28000,5.0,399000
2025-08-10,PRD-01,Jabodetabek,29,28000,0.0,812000
2025-08-10,PRD-02,DI Yogyakarta,27,26000,0.0,702000
2025-08-10,PRD-02,Jawa Tengah,17,26000,0.0,442000
2025-08-10,PRD-02,Jawa Timur,11,26000,0.0,286000
2025-08-10,PRD-02,Jabodetabek,13,26000,5.0,321100
2025-08-10,PRD-03,DI Yogyakarta,8,25000,0.0,200000
2025-08-10,PRD-03,Jawa Tengah,7,25000,0.0,175000
2025-08-10,PRD-03,Jawa Timur,5,25000,0.0,125000
2025-08-10,PRD-03,Jabodetabek,9,25000,15.0,191250
2025-08-10,PRD-04,DI Yogyakarta,52,15000,15.0,663000
2025-08-10,PRD-04,Jawa Tengah,21,15000,0.0,315000
2025-08-10,PRD-04,Jawa Timur,24,15000,0.0,360000
2025-08-10,PRD-04,Jabodetabek,28,15000,0.0,420000
2025-08-10,PRD-05,DI Yogyakarta,13,18000,0.0,234000
2025-08-10,PRD-05,Jawa Tengah,0,18000,0.0,0
2025-08-10,PRD-05,Jawa Timur,5,18000,0.0,90000
2025-08-10,PRD-05,Jabodetabek,10,18000,0.0,180000
2025-08-10,PRD-06,DI Yogyakarta,33,12000,15.0,336600
2025-08-10,PRD-06,Jawa Tengah,16,12000,0.0,192000
2025-08-10,PRD-06,Jawa Timur,15,12000,0.0,180000
2025-08-10,PRD-06,Jabodetabek,16,12000,0.0,192000
2025-08-10,PRD-07,DI Yogyakarta,8,32000,5.0,243200
2025-08-10,PRD-07,Jawa Tengah,3,32000,0.0,96000
2025-08-10,PRD-07,Jawa Timur,6,32000,0.0,192000
2025-08-10,PRD-07,Jabodetabek,7,32000,0.0,224000
2025-08-10,PRD-08,DI Yogyakarta,18,14000,0.0,252000
2025-08-10,PRD-08,Jawa Tengah,13,14000,0.0,182000
2025-08-10,PRD-08,Jawa Timur,12,14000,5.0,159600
2025-08-10,PRD-08,Jabodetabek,6,14000,5.0,79800
2025-08-11,PRD-01,DI Yogyakarta,24,28000,0.0,672000
2025-08-11,PRD-01,Jawa Tengah,11,28000,15.0,261800
2025-08-11,PRD-01,Jawa Timur,7,28000,0.0,196000
2025-08-11,PRD-01,Jabodetabek,13,28000,0.0,364000
2025-08-11,PRD-02,DI Yogyakarta,14,26000,10.0,327600
2025-08-11,PRD-02,Jawa Tengah,7,26000,0.0,182000
2025-08-11,PRD-02,Jawa Timur,9,26000,10.0,210600
2025-08-11,PRD-02,Jabodetabek,14,26000,0.0,364000
2025-08-11,PRD-03,DI Yogyakarta,6,25000,0.0,150000
2025-08-11,PRD-03,Jawa Tengah,5,25000,15.0,106250
2025-08-11,PRD-03,Jawa Timur,2,25000,0.0,50000
2025-08-11,PRD-03,Jabodetabek,7,25000,0.0,175000
2025-08-11,PRD-04,DI Yogyakarta,35,15000,0.0,525000
2025-08-11,PRD-04,Jawa Tengah,18,15000,5.0,256500
2025-08-11,PRD-04,Jawa Timur,14,15000,0.0,210000
2025-08-11,PRD-04,Jabodetabek,22,15000,0.0,330000
2025-08-11,PRD-05,DI Yogyakarta,5,18000,0.0,90000
2025-08-11,PRD-05,Jawa Tengah,7,18000,0.0,126000
2025-08-11,PRD-05,Jawa Timur,4,18000,0.0,72000
2025-08-11,PRD-05,Jabodetabek,6,18000,0.0,108000
2025-08-11,PRD-06,DI Yogyakarta,18,12000,0.0,216000
2025-08-11,PRD-06,Jawa Tengah,15,12000,0.0,180000
2025-08-11,PRD-06,Jawa Timur,16,12000,0.0,192000
2025-08-11,PRD-06,Jabodetabek,16,12000,0.0,192000
2025-08-11,PRD-07,DI Yogyakarta,5,32000,0.0,160000
2025-08-11,PRD-07,Jawa Tengah,3,32000,0.0,96000
2025-08-11,PRD-07,Jawa Timur,2,32000,0.0,64000
2025-08-11,PRD-07,Jabodetabek,10,32000,0.0,320000
2025-08-11,PRD-08,DI Yogyakarta,10,14000,0.0,140000
2025-08-11,PRD-08,Jawa Tengah,8,14000,0.0,112000
2025-08-11,PRD-08,Jawa Timur,2,14000,5.0,26600
2025-08-11,PRD-08,Jabodetabek,10,14000,0.0,140000
2025-08-12,PRD-01,DI Yogyakarta,27,28000,0.0,756000
2025-08-12,PRD-01,Jawa Tengah,14,28000,5.0,372400
2025-08-12,PRD-01,Jawa Timur,11,28000,10.0,277200
2025-08-12,PRD-01,Jabodetabek,21,28000,0.0,588000
2025-08-12,PRD-02,DI Yogyakarta,8,26000,5.0,197600
2025-08-12,PRD-02,Jawa Tengah,14,26000,5.0,345800
2025-08-12,PRD-02,Jawa Timur,8,26000,0.0,208000
2025-08-12,PRD-02,Jabodetabek,12,26000,15.0,265200
2025-08-12,PRD-03,DI Yogyakarta,6,25000,0.0,150000
2025-08-12,PRD-03,Jawa Tengah,6,25000,0.0,150000
2025-08-12,PRD-03,Jawa Timur,6,25000,10.0,135000
2025-08-12,PRD-03,Jabodetabek,6,25000,0.0,150000
2025-08-12,PRD-04,DI Yogyakarta,26,15000,0.0,390000
2025-08-12,PRD-04,Jawa Tengah,16,15000,0.0,240000
2025-08-12,PRD-04,Jawa Timur,12,15000,0.0,180000
2025-08-12,PRD-04,Jabodetabek,21,15000,0.0,315000
2025-08-12,PRD-05,DI Yogyakarta,10,18000,0.0,180000
2025-08-12,PRD-05,Jawa Tengah,5,18000,5.0,85500
2025-08-12,PRD-05,Jawa Timur,5,18000,0.0,90000
2025-08-12,PRD-05,Jabodetabek,4,18000,0.0,72000
2025-08-12,PRD-06,DI Yogyakarta,16,12000,0.0,192000
2025-08-12,PRD-06,Jawa Tengah,14,12000,0.0,168000
2025-08-12,PRD-06,Jawa Timur,9,12000,0.0,108000
2025-08-12,PRD-06,Jabodetabek,16,12000,0.0,192000
2025-08-12,PRD-07,DI Yogyakarta,7,32000,0.0,224000
2025-08-12,PRD-07,Jawa Tengah,1,32000,0.0,32000
2025-08-12,PRD-07,Jawa Timur,6,32000,0.0,192000
2025-08-12,PRD-07,Jabodetabek,8,32000,0.0,256000
2025-08-12,PRD-08,DI Yogyakarta,7,14000,0.0,98000
2025-08-12,PRD-08,Jawa Tengah,2,14000,5.0,26600
2025-08-12,PRD-08,Jawa Timur,5,14000,5.0,66500
2025-08-12,PRD-08,Jabodetabek,15,14000,10.0,189000
2025-08-13,PRD-01,DI Yogyakarta,13,28000,0.0,364000
2025-08-13,PRD-01,Jawa Tengah,17,28000,15.0,404600
2025-08-13,PRD-01,Jawa Timur,8,28000,0.0,224000
2025-08-13,PRD-01,Jabodetabek,18,28000,5.0,478800
2025-08-13,PRD-02,DI Yogyakarta,10,26000,0.0,260000
2025-08-13,PRD-02,Jawa Tengah,12,26000,0.0,312000
2025-08-13,PRD-02,Jawa Timur,7,26000,10.0,163800
2025-08-13,PRD-02,Jabodetabek,20,26000,0.0,520000
2025-08-13,PRD-03,DI Yogyakarta,15,25000,5.0,356250
2025-08-13,PRD-03,Jawa Tengah,6,25000,0.0,150000
2025-08-13,PRD-03,Jawa Timur,7,25000,0.0,175000
2025-08-13,PRD-03,Jabodetabek,9,25000,0.0,225000
2025-08-13,PRD-04,DI Yogyakarta,24,15000,0.0,360000
2025-08-13,PRD-04,Jawa Tengah,16,15000,0.0,240000
2025-08-13,PRD-04,Jawa Timur,22,15000,0.0,330000
2025-08-13,PRD-04,Jabodetabek,22,15000,0.0,330000
2025-08-13,PRD-05,DI Yogyakarta,9,18000,0.0,162000
2025-08-13,PRD-05,Jawa Tengah,10,18000,5.0,171000
2025-08-13,PRD-05,Jawa Timur,5,18000,0.0,90000
2025-08-13,PRD-05,Jabodetabek,10,18000,5.0,171000
2025-08-13,PRD-06,DI Yogyakarta,23,12000,0.0,276000
2025-08-13,PRD-06,Jawa Tengah,13,12000,0.0,156000
2025-08-13,PRD-06,Jawa Timur,18,12000,10.0,194400
2025-08-13,PRD-06,Jabodetabek,16,12000,0.0,192000
2025-08-13,PRD-07,DI Yogyakarta,9,32000,15.0,244800
2025-08-13,PRD-07,Jawa Tengah,4,32000,0.0,128000
2025-08-13,PRD-07,Jawa Timur,7,32000,5.0,212800
2025-08-13,PRD-07,Jabodetabek,8,32000,10.0,230400
2025-08-13,PRD-08,DI Yogyakarta,9,14000,0.0,126000
2025-08-13,PRD-08,Jawa Tengah,11,14000,0.0,154000
2025-08-13,PRD-08,Jawa Timur,4,14000,0.0,56000
2025-08-13,PRD-08,Jabodetabek,12,14000,0.0,168000
2025-08-14,PRD-01,DI Yogyakarta,24,28000,5.0,638400
2025-08-14,PRD-01,Jawa Tengah,15,28000,5.0,399000
2025-08-14,PRD-01,Jawa Timur,9,28000,0.0,252000
2025-08-14,PRD-01,Jabodetabek,18,28000,0.0,504000
2025-08-14,PRD-02,DI Yogyakarta,17,26000,0.0,442000
2025-08-14,PRD-02,Jawa Tengah,11,26000,10.0,257400
2025-08-14,PRD-02,Jawa Timur,13,26000,0.0,338000
2025-08-14,PRD-02,Jabodetabek,12,26000,0.0,312000
2025-08-14,PRD-03,DI Yogyakarta,9,25000,0.0,225000
2025-08-14,PRD-03,Jawa Tengah,6,25000,10.0,135000
2025-08-14,PRD-03,Jawa Timur,5,25000,15.0,106250
2025-08-14,PRD-03,Jabodetabek,5,25000,0.0,125000
2025-08-14,PRD-04,DI Yogyakarta,25,15000,10.0,337500
2025-08-14,PRD-04,Jawa Tengah,14,15000,0.0,210000
2025-08-14,PRD-04,Jawa Timur,15,15000,0.0,225000
2025-08-14,PRD-04,Jabodetabek,22,15000,15.0,280500
2025-08-14,PRD-05,DI Yogyakarta,5,18000,10.0,81000
2025-08-14,PRD-05,Jawa Tengah,2,18000,0.0,36000
2025-08-14,PRD-05,Jawa Timur,4,18000,0.0,72000
2025-08-14,PRD-05,Jabodetabek,6,18000,5.0,102600
2025-08-14,PRD-06,DI Yogyakarta,19,12000,0.0,228000
2025-08-14,PRD-06,Jawa Tengah,7,12000,0.0,84000
2025-08-14,PRD-06,Jawa Timur,9,12000,0.0,108000
2025-08-14,PRD-06,Jabodetabek,19,12000,0.0,228000
2025-08-14,PRD-07,DI Yogyakarta,7,32000,5.0,212800
2025-08-14,PRD-07,Jawa Tengah,6,32000,0.0,192000
2025-08-14,PRD-07,Jawa Timur,0,32000,0.0,0
2025-08-14,PRD-07,Jabodetabek,4,32000,0.0,128000
2025-08-14,PRD-08,DI Yogyakarta,9,14000,0.0,126000
2025-08-14,PRD-08,Jawa Tengah,3,14000,0.0,42000
2025-08-14,PRD-08,Jawa Timur,2,14000,5.0,26600
2025-08-14,PRD-08,Jabodetabek,8,14000,0.0,112000
2025-08-15,PRD-01,DI Yogyakarta,21,28000,0.0,588000
2025-08-15,PRD-01,Jawa Tengah,9,28000,0.0,252000
2025-08-15,PRD-01,Jawa Timur,11,28000,0.0,308000
2025-08-15,PRD-01,Jabodetabek,20,28000,0.0,560000
2025-08-15,PRD-02,DI Yogyakarta,15,26000,0.0,390000
2025-08-15,PRD-02,Jawa Tengah,9,26000,0.0,234000
2025-08-15,PRD-02,Jawa Timur,14,26000,5.0,345800
2025-08-15,PRD-02,Jabodetabek,13,26000,0.0,338000
2025-08-15,PRD-03,DI Yogyakarta,9,25000,0.0,225000
2025-08-15,PRD-03,Jawa Tengah,4,25000,0.0,100000
2025-08-15,PRD-03,Jawa Timur,4,25000,5.0,95000
2025-08-15,PRD-03,Jabodetabek,9,25000,15.0,191250
2025-08-15,PRD-04,DI Yogyakarta,29,15000,0.0,435000
2025-08-15,PRD-04,Jawa Tengah,15,15000,0.0,225000
2025-08-15,PRD-04,Jawa Timur,13,15000,0.0,195000
2025-08-15,PRD-04,Jabodetabek,16,15000,5.0,228000
2025-08-15,PRD-05,DI Yogyakarta,7,18000,5.0,119700
2025-08-15,PRD-05,Jawa Tengah,6,18000,10.0,97200
2025-08-15,PRD-05,Jawa Timur,1,18000,0.0,18000
2025-08-15,PRD-05,Jabodetabek,8,18000,0.0,144000
2025-08-15,PRD-06,DI Yogyakarta,21,12000,0.0,252000
2025-08-15,PRD-06,Jawa Tengah,16,12000,5.0,182400
2025-08-15,PRD-06,Jawa Timur,15,12000,0.0,180000
2025-08-15,PRD-06,Jabodetabek,17,12000,0.0,204000
2025-08-15,PRD-07,DI Yogyakarta,9,32000,0.0,288000
2025-08-15,PRD-07,Jawa Tengah,4,32000,10.0,115200
2025-08-15,PRD-07,Jawa Timur,3,32000,0.0,96000
2025-08-15,PRD-07,Jabodetabek,3,32000,0.0,96000
2025-08-15,PRD-08,DI Yogyakarta,19,14000,0.0,266000
2025-08-15,PRD-08,Jawa Tengah,7,14000,0.0,98000
2025-08-15,PRD-08,Jawa Timur,5,14000,15.0,59500
2025-08-15,PRD-08,Jabodetabek,9,14000,0.0,126000
2025-08-16,PRD-01,DI Yogyakarta,19,28000,0.0,532000
2025-08-16,PRD-01,Jawa Tengah,21,28000,0.0,588000
2025-08-16,PRD-01,Jawa Timur,10,28000,0.0,280000
2025-08-16,PRD-01,Jabodetabek,25,28000,0.0,700000
2025-08-16,PRD-02,DI Yogyakarta,18,26000,0.0,468000
2025-08-16,PRD-02,Jawa Tengah,12,26000,0.0,312000
2025-08-16,PRD-02,Jawa Timur,10,26000,0.0,260000
2025-08-16,PRD-02,Jabodetabek,15,26000,0.0,390000
2025-08-16,PRD-03,DI Yogyakarta,12,25000,0.0,300000
2025-08-16,PRD-03,Jawa Tengah,8,25000,0.0,200000
2025-08-16,PRD-03,Jawa Timur,7,25000,5.0,166250
2025-08-16,PRD-03,Jabodetabek,14,25000,0.0,350000
2025-08-16,PRD-04,DI Yogyakarta,24,15000,5.0,342000
2025-08-16,PRD-04,Jawa Tengah,26,15000,10.0,351000
2025-08-16,PRD-04,Jawa Timur,19,15000,0.0,285000
2025-08-16,PRD-04,Jabodetabek,26,15000,0.0,390000
2025-08-16,PRD-05,DI Yogyakarta,10,18000,0.0,180000
2025-08-16,PRD-05,Jawa Tengah,7,18000,0.0,126000
2025-08-16,PRD-05,Jawa Timur,5,18000,0.0,90000
2025-08-16,PRD-05,Jabodetabek,17,18000,0.0,306000
2025-08-16,PRD-06,DI Yogyakarta,26,12000,10.0,280800
2025-08-16,PRD-06,Jawa Tengah,23,12000,0.0,276000
2025-08-16,PRD-06,Jawa Timur,7,12000,0.0,84000
2025-08-16,PRD-06,Jabodetabek,17,12000,0.0,204000
2025-08-16,PRD-07,DI Yogyakarta,7,32000,10.0,201600
2025-08-16,PRD-07,Jawa Tengah,6,32000,0.0,192000
2025-08-16,PRD-07,Jawa Timur,2,32000,15.0,54400
2025-08-16,PRD-07,Jabodetabek,8,32000,0.0,256000
2025-08-16,PRD-08,DI Yogyakarta,12,14000,0.0,168000
2025-08-16,PRD-08,Jawa Tengah,8,14000,0.0,112000
2025-08-16,PRD-08,Jawa Timur,5,14000,0.0,70000
2025-08-16,PRD-08,Jabodetabek,10,14000,5.0,133000
2025-08-17,PRD-01,DI Yogyakarta,23,28000,0.0,644000
2025-08-17,PRD-01,Jawa Tengah,16,28000,0.0,448000
2025-08-17,PRD-01,Jawa Timur,8,28000,0.0,224000
2025-08-17,PRD-01,Jabodetabek,25,28000,10.0,630000
2025-08-17,PRD-02,DI Yogyakarta,15,26000,0.0,390000
2025-08-17,PRD-02,Jawa Tengah,22,26000,0.0,572000
2025-08-17,PRD-02,Jawa Timur,15,26000,0.0,390000
2025-08-17,PRD-02,Jabodetabek,21,26000,0.0,546000
2025-08-17,PRD-03,DI Yogyakarta,8,25000,5.0,190000
2025-08-17,PRD-03,Jawa Tengah,19,25000,0.0,475000
2025-08-17,PRD-03,Jawa Timur,5,25000,5.0,118750
2025-08-17,PRD-03,Jabodetabek,12,25000,0.0,300000
2025-08-17,PRD-04,DI Yogyakarta,45,15000,0.0,675000
2025-08-17,PRD-04,Jawa Tengah,19,15000,10.0,256500
2025-08-17,PRD-04,Jawa Timur,24,15000,15.0,306000
2025-08-17,PRD-04,Jabodetabek,39,15000,0.0,585000
2025-08-17,PRD-05,DI Yogyakarta,9,18000,0.0,162000
2025-08-17,PRD-05,Jawa Tengah,3,18000,10.0,48600
2025-08-17,PRD-05,Jawa Timur,3,18000,0.0,54000
2025-08-17,PRD-05,Jabodetabek,7,18000,0.0,126000
2025-08-17,PRD-06,DI Yogyakarta,30,12000,0.0,360000
2025-08-17,PRD-06,Jawa Tengah,18,12000,0.0,216000
2025-08-17,PRD-06,Jawa Timur,5,12000,0.0,60000
2025-08-17,PRD-06,Jabodetabek,20,12000,0.0,240000
2025-08-17,PRD-07,DI Yogyakarta,9,32000,0.0,288000
2025-08-17,PRD-07,Jawa Tengah,8,32000,0.0,256000
2025-08-17,PRD-07,Jawa Timur,12,32000,0.0,384000
2025-08-17,PRD-07,Jabodetabek,8,32000,0.0,256000
2025-08-17,PRD-08,DI Yogyakarta,15,14000,5.0,199500
2025-08-17,PRD-08,Jawa Tengah,13,14000,0.0,182000
2025-08-17,PRD-08,Jawa Timur,9,14000,0.0,126000
2025-08-17,PRD-08,Jabodetabek,14,14000,0.0,196000
2025-08-18,PRD-01,DI Yogyakarta,22,28000,0.0,616000
2025-08-18,PRD-01,Jawa Tengah,13,28000,0.0,364000
2025-08-18,PRD-01,Jawa Timur,13,28000,5.0,345800
2025-08-18,PRD-01,Jabodetabek,18,28000,15.0,428400
2025-08-18,PRD-02,DI Yogyakarta,17,26000,0.0,442000
2025-08-18,PRD-02,Jawa Tengah,12,26000,0.0,312000
2025-08-18,PRD-02,Jawa Timur,13,26000,0.0,338000
2025-08-18,PRD-02,Jabodetabek,12,26000,5.0,296400
2025-08-18,PRD-03,DI Yogyakarta,7,25000,0.0,175000
2025-08-18,PRD-03,Jawa Tengah,9,25000,0.0,225000
2025-08-18,PRD-03,Jawa Timur,4,25000,0.0,100000
2025-08-18,PRD-03,Jabodetabek,8,25000,0.0,200000
2025-08-18,PRD-04,DI Yogyakarta,30,15000,0.0,450000
2025-08-18,PRD-04,Jawa Tengah,15,15000,0.0,225000
2025-08-18,PRD-04,Jawa Timur,18,15000,0.0,270000
2025-08-18,PRD-04,Jabodetabek,19,15000,0.0,285000
2025-08-18,PRD-05,DI Yogyakarta,3,18000,0.0,54000
2025-08-18,PRD-05,Jawa Tengah,8,18000,0.0,144000
2025-08-18,PRD-05,Jawa Timur,3,18000,0.0,54000
2025-08-18,PRD-05,Jabodetabek,3,18000,0.0,54000
2025-08-18,PRD-06,DI Yogyakarta,19,12000,0.0,228000
2025-08-18,PRD-06,Jawa Tengah,16,12000,0.0,192000
2025-08-18,PRD-06,Jawa Timur,13,12000,0.0,156000
2025-08-18,PRD-06,Jabodetabek,23,12000,0.0,276000
2025-08-18,PRD-07,DI Yogyakarta,2,32000,0.0,64000
2025-08-18,PRD-07,Jawa Tengah,4,32000,0.0,128000
2025-08-18,PRD-07,Jawa Timur,7,32000,5.0,212800
2025-08-18,PRD-07,Jabodetabek,4,32000,10.0,115200
2025-08-18,PRD-08,DI Yogyakarta,16,14000,0.0,224000
2025-08-18,PRD-08,Jawa Tengah,9,14000,0.0,126000
2025-08-18,PRD-08,Jawa Timur,6,14000,0.0,84000
2025-08-18,PRD-08,Jabodetabek,9,14000,0.0,126000
2025-08-19,PRD-01,DI Yogyakarta,18,28000,5.0,478800
2025-08-19,PRD-01,Jawa Tengah,13,28000,0.0,364000
2025-08-19,PRD-01,Jawa Timur,8,28000,0.0,224000
2025-08-19,PRD-01,Jabodetabek,20,28000,0.0,560000
2025-08-19,PRD-02,DI Yogyakarta,6,26000,0.0,156000
2025-08-19,PRD-02,Jawa Tengah,14,26000,0.0,364000
2025-08-19,PRD-02,Jawa Timur,8,26000,0.0,208000
2025-08-19,PRD-02,Jabodetabek,10,26000,0.0,260000
2025-08-19,PRD-03,DI Yogyakarta,11,25000,5.0,261250
2025-08-19,PRD-03,Jawa Tengah,5,25000,0.0,125000
2025-08-19,PRD-03,Jawa Timur,9,25000,5.0,213750
2025-08-19,PRD-03,Jabodetabek,9,25000,0.0,225000
2025-08-19,PRD-04,DI Yogyakarta,25,15000,0.0,375000
2025-08-19,PRD-04,Jawa Tengah,20,15000,0.0,300000
2025-08-19,PRD-04,Jawa Timur,13,15000,0.0,195000
2025-08-19,PRD-04,Jabodetabek,28,15000,0.0,420000
2025-08-19,PRD-05,DI Yogyakarta,2,18000,10.0,32400
2025-08-19,PRD-05,Jawa Tengah,5,18000,0.0,90000
2025-08-19,PRD-05,Jawa Timur,3,18000,0.0,54000
2025-08-19,PRD-05,Jabodetabek,4,18000,5.0,68400
2025-08-19,PRD-06,DI Yogyakarta,18,12000,0.0,216000
2025-08-19,PRD-06,Jawa Tengah,14,12000,0.0,168000
2025-08-19,PRD-06,Jawa Timur,9,12000,10.0,97200
2025-08-19,PRD-06,Jabodetabek,20,12000,0.0,240000
2025-08-19,PRD-07,DI Yogyakarta,6,32000,0.0,192000
2025-08-19,PRD-07,Jawa Tengah,2,32000,10.0,57600
2025-08-19,PRD-07,Jawa Timur,7,32000,0.0,224000
2025-08-19,PRD-07,Jabodetabek,6,32000,15.0,163200
2025-08-19,PRD-08,DI Yogyakarta,17,14000,0.0,238000
2025-08-19,PRD-08,Jawa Tengah,9,14000,5.0,119700
2025-08-19,PRD-08,Jawa Timur,7,14000,0.0,98000
2025-08-19,PRD-08,Jabodetabek,14,14000,5.0,186200
2025-08-20,PRD-01,DI Yogyakarta,14,28000,0.0,392000
2025-08-20,PRD-01,Jawa Tengah,24,28000,5.0,638400
2025-08-20,PRD-01,Jawa Timur,10,28000,10.0,252000
2025-08-20,PRD-01,Jabodetabek,15,28000,0.0,420000
2025-08-20,PRD-02,DI Yogyakarta,11,26000,0.0,286000
2025-08-20,PRD-02,Jawa Tengah,10,26000,0.0,260000
2025-08-20,PRD-02,Jawa Timur,6,26000,10.0,140400
2025-08-20,PRD-02,Jabodetabek,11,26000,0.0,286000
2025-08-20,PRD-03,DI Yogyakarta,8,25000,0.0,200000
2025-08-20,PRD-03,Jawa Tengah,4,25000,0.0,100000
2025-08-20,PRD-03,Jawa Timur,2,25000,0.0,50000
2025-08-20,PRD-03,Jabodetabek,5,25000,10.0,112500
2025-08-20,PRD-04,DI Yogyakarta,17,15000,0.0,255000
2025-08-20,PRD-04,Jawa Tengah,19,15000,10.0,256500
2025-08-20,PRD-04,Jawa Timur,14,15000,5.0,199500
2025-08-20,PRD-04,Jabodetabek,28,15000,0.0,420000
2025-08-20,PRD-05,DI Yogyakarta,11,18000,0.0,198000
2025-08-20,PRD-05,Jawa Tengah,3,18000,0.0,54000
2025-08-20,PRD-05,Jawa Timur,3,18000,0.0,54000
2025-08-20,PRD-05,Jabodetabek,6,18000,0.0,108000
2025-08-20,PRD-06,DI Yogyakarta,26,12000,15.0,265200
2025-08-20,PRD-06,Jawa Tengah,18,12000,0.0,216000
2025-08-20,PRD-06,Jawa Timur,11,12000,0.0,132000
2025-08-20,PRD-06,Jabodetabek,16,12000,10.0,172800
2025-08-20,PRD-07,DI Yogyakarta,9,32000,5.0,273600
2025-08-20,PRD-07,Jawa Tengah,6,32000,0.0,192000
2025-08-20,PRD-07,Jawa Timur,1,32000,0.0,32000
2025-08-20,PRD-07,Jabodetabek,6,32000,0.0,192000
2025-08-20,PRD-08,DI Yogyakarta,15,14000,0.0,210000
2025-08-20,PRD-08,Jawa Tengah,8,14000,5.0,106400
2025-08-20,PRD-08,Jawa Timur,6,14000,0.0,84000
2025-08-20,PRD-08,Jabodetabek,8,14000,0.0,112000
2025-08-21,PRD-01,DI Yogyakarta,17,28000,5.0,452200
2025-08-21,PRD-01,Jawa Tengah,11,28000,0.0,308000
2025-08-21,PRD-01,Jawa Timur,10,28000,0.0,280000
2025-08-21,PRD-01,Jabodetabek,14,28000,5.0,372400
2025-08-21,PRD-02,DI Yogyakarta,12,26000,0.0,312000
2025-08-21,PRD-02,Jawa Tengah,14,26000,0.0,364000
2025-08-21,PRD-02,Jawa Timur,9,26000,0.0,234000
2025-08-21,PRD-02,Jabodetabek,8,26000,0.0,208000
2025-08-21,PRD-03,DI Yogyakarta,9,25000,10.0,202500
2025-08-21,PRD-03,Jawa Tengah,14,25000,0.0,350000
2025-08-21,PRD-03,Jawa Timur,3,25000,0.0,75000
2025-08-21,PRD-03,Jabodetabek,3,25000,0.0,75000
2025-08-21,PRD-04,DI Yogyakarta,23,15000,0.0,345000
2025-08-21,PRD-04,Jawa Tengah,15,15000,0.0,225000
2025-08-21,PRD-04,Jawa Timur,16,15000,0.0,240000
2025-08-21,PRD-04,Jabodetabek,24,15000,0.0,360000
2025-08-21,PRD-05,DI Yogyakarta,5,18000,0.0,90000
2025-08-21,PRD-05,Jawa Tengah,11,18000,0.0,198000
2025-08-21,PRD-05,Jawa Timur,4,18000,5.0,68400
2025-08-21,PRD-05,Jabodetabek,2,18000,0.0,36000
2025-08-21,PRD-06,DI Yogyakarta,15,12000,0.0,180000
2025-08-21,PRD-06,Jawa Tengah,16,12000,0.0,192000
2025-08-21,PRD-06,Jawa Timur,13,12000,0.0,156000
2025-08-21,PRD-06,Jabodetabek,20,12000,5.0,228000
2025-08-21,PRD-07,DI Yogyakarta,5,32000,0.0,160000
2025-08-21,PRD-07,Jawa Tengah,5,32000,15.0,136000
2025-08-21,PRD-07,Jawa Timur,6,32000,0.0,192000
2025-08-21,PRD-07,Jabodetabek,11,32000,0.0,352000
2025-08-21,PRD-08,DI Yogyakarta,19,14000,0.0,266000
2025-08-21,PRD-08,Jawa Tengah,5,14000,0.0,70000
2025-08-21,PRD-08,Jawa Timur,10,14000,0.0,140000
2025-08-21,PRD-08,Jabodetabek,3,14000,0.0,42000
2025-08-22,PRD-01,DI Yogyakarta,22,28000,5.0,585200
2025-08-22,PRD-01,Jawa Tengah,11,28000,0.0,308000
2025-08-22,PRD-01,Jawa Timur,14,28000,10.0,352800
2025-08-22,PRD-01,Jabodetabek,14,28000,15.0,333200
2025-08-22,PRD-02,DI Yogyakarta,13,26000,0.0,338000
2025-08-22,PRD-02,Jawa Tengah,10,26000,0.0,260000
2025-08-22,PRD-02,Jawa Timur,8,26000,0.0,208000
2025-08-22,PRD-02,Jabodetabek,12,26000,0.0,312000
2025-08-22,PRD-03,DI Yogyakarta,12,25000,0.0,300000
2025-08-22,PRD-03,Jawa Tengah,10,25000,10.0,225000
2025-08-22,PRD-03,Jawa Timur,6,25000,0.0,150000
2025-08-22,PRD-03,Jabodetabek,8,25000,10.0,180000
2025-08-22,PRD-04,DI Yogyakarta,21,15000,0.0,315000
2025-08-22,PRD-04,Jawa Tengah,15,15000,0.0,225000
2025-08-22,PRD-04,Jawa Timur,17,15000,0.0,255000
2025-08-22,PRD-04,Jabodetabek,25,15000,0.0,375000
2025-08-22,PRD-05,DI Yogyakarta,7,18000,5.0,119700
2025-08-22,PRD-05,Jawa Tengah,5,18000,0.0,90000
2025-08-22,PRD-05,Jawa Timur,4,18000,0.0,72000
2025-08-22,PRD-05,Jabodetabek,6,18000,0.0,108000
2025-08-22,PRD-06,DI Yogyakarta,31,12000,0.0,372000
2025-08-22,PRD-06,Jawa Tengah,15,12000,0.0,180000
2025-08-22,PRD-06,Jawa Timur,12,12000,0.0,144000
2025-08-22,PRD-06,Jabodetabek,20,12000,5.0,228000
2025-08-22,PRD-07,DI Yogyakarta,7,32000,0.0,224000
2025-08-22,PRD-07,Jawa Tengah,4,32000,0.0,128000
2025-08-22,PRD-07,Jawa Timur,2,32000,0.0,64000
2025-08-22,PRD-07,Jabodetabek,6,32000,0.0,192000
2025-08-22,PRD-08,DI Yogyakarta,8,14000,0.0,112000
2025-08-22,PRD-08,Jawa Tengah,3,14000,0.0,42000
2025-08-22,PRD-08,Jawa Timur,5,14000,0.0,70000
2025-08-22,PRD-08,Jabodetabek,10,14000,0.0,140000
2025-08-23,PRD-01,DI Yogyakarta,25,28000,0.0,700000
2025-08-23,PRD-01,Jawa Tengah,25,28000,0.0,700000
2025-08-23,PRD-01,Jawa Timur,17,28000,0.0,476000
2025-08-23,PRD-01,Jabodetabek,25,28000,0.0,700000
2025-08-23,PRD-02,DI Yogyakarta,21,26000,0.0,546000
2025-08-23,PRD-02,Jawa Tengah,13,26000,0.0,338000
2025-08-23,PRD-02,Jawa Timur,10,26000,0.0,260000
2025-08-23,PRD-02,Jabodetabek,17,26000,0.0,442000
2025-08-23,PRD-03,DI Yogyakarta,6,25000,0.0,150000
2025-08-23,PRD-03,Jawa Tengah,15,25000,0.0,375000
2025-08-23,PRD-03,Jawa Timur,3,25000,0.0,75000
2025-08-23,PRD-03,Jabodetabek,14,25000,10.0,315000
2025-08-23,PRD-04,DI Yogyakarta,45,15000,0.0,675000
2025-08-23,PRD-04,Jawa Tengah,23,15000,15.0,293250
2025-08-23,PRD-04,Jawa Timur,19,15000,0.0,285000
2025-08-23,PRD-04,Jabodetabek,30,15000,0.0,450000
2025-08-23,PRD-05,DI Yogyakarta,14,18000,0.0,252000
2025-08-23,PRD-05,Jawa Tengah,10,18000,5.0,171000
2025-08-23,PRD-05,Jawa Timur,7,18000,0.0,126000
2025-08-23,PRD-05,Jabodetabek,7,18000,0.0,126000
2025-08-23,PRD-06,DI Yogyakarta,30,12000,0.0,360000
2025-08-23,PRD-06,Jawa Tengah,27,12000,0.0,324000
2025-08-23,PRD-06,Jawa Timur,21,12000,0.0,252000
2025-08-23,PRD-06,Jabodetabek,26,12000,0.0,312000
2025-08-23,PRD-07,DI Yogyakarta,8,32000,0.0,256000
2025-08-23,PRD-07,Jawa Tengah,4,32000,0.0,128000
2025-08-23,PRD-07,Jawa Timur,5,32000,0.0,160000
2025-08-23,PRD-07,Jabodetabek,9,32000,0.0,288000
2025-08-23,PRD-08,DI Yogyakarta,17,14000,15.0,202300
2025-08-23,PRD-08,Jawa Tengah,12,14000,0.0,168000
2025-08-23,PRD-08,Jawa Timur,10,14000,0.0,140000
2025-08-23,PRD-08,Jabodetabek,9,14000,0.0,126000
2025-08-24,PRD-01,DI Yogyakarta,23,28000,0.0,644000
2025-08-24,PRD-01,Jawa Tengah,20,28000,5.0,532000
2025-08-24,PRD-01,Jawa Timur,14,28000,0.0,392000
2025-08-24,PRD-01,Jabodetabek,25,28000,0.0,700000
2025-08-24,PRD-02,DI Yogyakarta,12,26000,0.0,312000
2025-08-24,PRD-02,Jawa Tengah,18,26000,0.0,468000
2025-08-24,PRD-02,Jawa Timur,15,26000,0.0,390000
2025-08-24,PRD-02,Jabodetabek,13,26000,0.0,338000
2025-08-24,PRD-03,DI Yogyakarta,15,25000,0.0,375000
2025-08-24,PRD-03,Jawa Tengah,7,25000,0.0,175000
2025-08-24,PRD-03,Jawa Timur,5,25000,5.0,118750
2025-08-24,PRD-03,Jabodetabek,14,25000,0.0,350000
2025-08-24,PRD-04,DI Yogyakarta,36,15000,0.0,540000
2025-08-24,PRD-04,Jawa Tengah,21,15000,0.0,315000
2025-08-24,PRD-04,Jawa Timur,22,15000,15.0,280500
2025-08-24,PRD-04,Jabodetabek,23,15000,0.0,345000
2025-08-24,PRD-05,DI Yogyakarta,8,18000,0.0,144000
2025-08-24,PRD-05,Jawa Tengah,10,18000,5.0,171000
2025-08-24,PRD-05,Jawa Timur,3,18000,0.0,54000
2025-08-24,PRD-05,Jabodetabek,10,18000,0.0,180000
2025-08-24,PRD-06,DI Yogyakarta,34,12000,15.0,346800
2025-08-24,PRD-06,Jawa Tengah,21,12000,0.0,252000
2025-08-24,PRD-06,Jawa Timur,15,12000,0.0,180000
2025-08-24,PRD-06,Jabodetabek,15,12000,0.0,180000
2025-08-24,PRD-07,DI Yogyakarta,13,32000,0.0,416000
2025-08-24,PRD-07,Jawa Tengah,5,32000,0.0,160000
2025-08-24,PRD-07,Jawa Timur,1,32000,0.0,32000
2025-08-24,PRD-07,Jabodetabek,5,32000,0.0,160000
2025-08-24,PRD-08,DI Yogyakarta,15,14000,0.0,210000
2025-08-24,PRD-08,Jawa Tengah,8,14000,0.0,112000
2025-08-24,PRD-08,Jawa Timur,12,14000,0.0,168000
2025-08-24,PRD-08,Jabodetabek,9,14000,0.0,126000
2025-08-25,PRD-01,DI Yogyakarta,17,28000,0.0,476000
2025-08-25,PRD-01,Jawa Tengah,13,28000,0.0,364000
2025-08-25,PRD-01,Jawa Timur,12,28000,0.0,336000
2025-08-25,PRD-01,Jabodetabek,20,28000,0.0,560000
2025-08-25,PRD-02,DI Yogyakarta,19,26000,0.0,494000
2025-08-25,PRD-02,Jawa Tengah,6,26000,0.0,156000
2025-08-25,PRD-02,Jawa Timur,9,26000,0.0,234000
2025-08-25,PRD-02,Jabodetabek,12,26000,0.0,312000
2025-08-25,PRD-03,DI Yogyakarta,7,25000,10.0,157500
2025-08-25,PRD-03,Jawa Tengah,8,25000,0.0,200000
2025-08-25,PRD-03,Jawa Timur,4,25000,0.0,100000
2025-08-25,PRD-03,Jabodetabek,9,25000,10.0,202500
2025-08-25,PRD-04,DI Yogyakarta,26,15000,0.0,390000
2025-08-25,PRD-04,Jawa Tengah,20,15000,0.0,300000
2025-08-25,PRD-04,Jawa Timur,14,15000,0.0,210000
2025-08-25,PRD-04,Jabodetabek,29,15000,0.0,435000
2025-08-25,PRD-05,DI Yogyakarta,6,18000,0.0,108000
2025-08-25,PRD-05,Jawa Tengah,7,18000,10.0,113400
2025-08-25,PRD-05,Jawa Timur,3,18000,0.0,54000
2025-08-25,PRD-05,Jabodetabek,10,18000,0.0,180000
2025-08-25,PRD-06,DI Yogyakarta,11,12000,0.0,132000
2025-08-25,PRD-06,Jawa Tengah,8,12000,5.0,91200
2025-08-25,PRD-06,Jawa Timur,12,12000,0.0,144000
2025-08-25,PRD-06,Jabodetabek,14,12000,0.0,168000
2025-08-25,PRD-07,DI Yogyakarta,5,32000,5.0,152000
2025-08-25,PRD-07,Jawa Tengah,6,32000,0.0,192000
2025-08-25,PRD-07,Jawa Timur,4,32000,0.0,128000
2025-08-25,PRD-07,Jabodetabek,6,32000,0.0,192000
2025-08-25,PRD-08,DI Yogyakarta,13,14000,10.0,163800
2025-08-25,PRD-08,Jawa Tengah,7,14000,0.0,98000
2025-08-25,PRD-08,Jawa Timur,6,14000,10.0,75600
2025-08-25,PRD-08,Jabodetabek,7,14000,5.0,93100
2025-08-26,PRD-01,DI Yogyakarta,22,28000,0.0,616000
2025-08-26,PRD-01,Jawa Tengah,10,28000,0.0,280000
2025-08-26,PRD-01,Jawa Timur,16,28000,0.0,448000
2025-08-26,PRD-01,Jabodetabek,17,28000,0.0,476000
2025-08-26,PRD-02,DI Yogyakarta,12,26000,0.0,312000
2025-08-26,PRD-02,Jawa Tengah,9,26000,0.0,234000
2025-08-26,PRD-02,Jawa Timur,8,26000,0.0,208000
2025-08-26,PRD-02,Jabodetabek,7,26000,0.0,182000
2025-08-26,PRD-03,DI Yogyakarta,8,25000,5.0,190000
2025-08-26,PRD-03,Jawa Tengah,7,25000,10.0,157500
2025-08-26,PRD-03,Jawa Timur,4,25000,0.0,100000
2025-08-26,PRD-03,Jabodetabek,2,25000,10.0,45000
2025-08-26,PRD-04,DI Yogyakarta,21,15000,15.0,267750
2025-08-26,PRD-04,Jawa Tengah,15,15000,0.0,225000
2025-08-26,PRD-04,Jawa Timur,17,15000,0.0,255000
2025-08-26,PRD-04,Jabodetabek,22,15000,0.0,330000
2025-08-26,PRD-05,DI Yogyakarta,9,18000,5.0,153900
2025-08-26,PRD-05,Jawa Tengah,4,18000,10.0,64800
2025-08-26,PRD-05,Jawa Timur,3,18000,0.0,54000
2025-08-26,PRD-05,Jabodetabek,11,18000,0.0,198000
2025-08-26,PRD-06,DI Yogyakarta,21,12000,0.0,252000
2025-08-26,PRD-06,Jawa Tengah,16,12000,0.0,192000
2025-08-26,PRD-06,Jawa Timur,8,12000,0.0,96000
2025-08-26,PRD-06,Jabodetabek,16,12000,0.0,192000
2025-08-26,PRD-07,DI Yogyakarta,7,32000,0.0,224000
2025-08-26,PRD-07,Jawa Tengah,3,32000,0.0,96000
2025-08-26,PRD-07,Jawa Timur,3,32000,0.0,96000
2025-08-26,PRD-07,Jabodetabek,9,32000,0.0,288000
2025-08-26,PRD-08,DI Yogyakarta,19,14000,0.0,266000
2025-08-26,PRD-08,Jawa Tengah,9,14000,0.0,126000
2025-08-26,PRD-08,Jawa Timur,1,14000,0.0,14000
2025-08-26,PRD-08,Jabodetabek,6,14000,0.0,84000
2025-08-27,PRD-01,DI Yogyakarta,13,28000,5.0,345800
2025-08-27,PRD-01,Jawa Tengah,16,28000,5.0,425600
2025-08-27,PRD-01,Jawa Timur,7,28000,0.0,196000
2025-08-27,PRD-01,Jabodetabek,16,28000,10.0,403200
2025-08-27,PRD-02,DI Yogyakarta,11,26000,0.0,286000
2025-08-27,PRD-02,Jawa Tengah,15,26000,0.0,390000
2025-08-27,PRD-02,Jawa Timur,6,26000,0.0,156000
2025-08-27,PRD-02,Jabodetabek,14,26000,0.0,364000
2025-08-27,PRD-03,DI Yogyakarta,12,25000,0.0,300000
2025-08-27,PRD-03,Jawa Tengah,3,25000,10.0,67500
2025-08-27,PRD-03,Jawa Timur,11,25000,0.0,275000
2025-08-27,PRD-03,Jabodetabek,8,25000,0.0,200000
2025-08-27,PRD-04,DI Yogyakarta,28,15000,15.0,357000
2025-08-27,PRD-04,Jawa Tengah,13,15000,0.0,195000
2025-08-27,PRD-04,Jawa Timur,11,15000,0.0,165000
2025-08-27,PRD-04,Jabodetabek,25,15000,0.0,375000
2025-08-27,PRD-05,DI Yogyakarta,12,18000,0.0,216000
2025-08-27,PRD-05,Jawa Tengah,9,18000,0.0,162000
2025-08-27,PRD-05,Jawa Timur,3,18000,0.0,54000
2025-08-27,PRD-05,Jabodetabek,3,18000,0.0,54000
2025-08-27,PRD-06,DI Yogyakarta,29,12000,0.0,348000
2025-08-27,PRD-06,Jawa Tengah,13,12000,0.0,156000
2025-08-27,PRD-06,Jawa Timur,6,12000,0.0,72000
2025-08-27,PRD-06,Jabodetabek,18,12000,0.0,216000
2025-08-27,PRD-07,DI Yogyakarta,9,32000,0.0,288000
2025-08-27,PRD-07,Jawa Tengah,3,32000,10.0,86400
2025-08-27,PRD-07,Jawa Timur,5,32000,0.0,160000
2025-08-27,PRD-07,Jabodetabek,4,32000,10.0,115200
2025-08-27,PRD-08,DI Yogyakarta,13,14000,0.0,182000
2025-08-27,PRD-08,Jawa Tengah,6,14000,0.0,84000
2025-08-27,PRD-08,Jawa Timur,5,14000,0.0,70000
2025-08-27,PRD-08,Jabodetabek,7,14000,0.0,98000
2025-08-28,PRD-01,DI Yogyakarta,25,28000,0.0,700000
2025-08-28,PRD-01,Jawa Tengah,8,28000,0.0,224000
2025-08-28,PRD-01,Jawa Timur,10,28000,0.0,280000
2025-08-28,PRD-01,Jabodetabek,23,28000,5.0,611800
2025-08-28,PRD-02,DI Yogyakarta,13,26000,0.0,338000
2025-08-28,PRD-02,Jawa Tengah,12,26000,0.0,312000
2025-08-28,PRD-02,Jawa Timur,5,26000,5.0,123500
2025-08-28,PRD-02,Jabodetabek,10,26000,0.0,260000
2025-08-28,PRD-03,DI Yogyakarta,4,25000,0.0,100000
2025-08-28,PRD-03,Jawa Tengah,3,25000,0.0,75000
2025-08-28,PRD-03,Jawa Timur,4,25000,0.0,100000
2025-08-28,PRD-03,Jabodetabek,13,25000,0.0,325000
2025-08-28,PRD-04,DI Yogyakarta,29,15000,0.0,435000
2025-08-28,PRD-04,Jawa Tengah,23,15000,0.0,345000
2025-08-28,PRD-04,Jawa Timur,18,15000,0.0,270000
2025-08-28,PRD-04,Jabodetabek,22,15000,0.0,330000
2025-08-28,PRD-05,DI Yogyakarta,7,18000,0.0,126000
2025-08-28,PRD-05,Jawa Tengah,8,18000,0.0,144000
2025-08-28,PRD-05,Jawa Timur,6,18000,0.0,108000
2025-08-28,PRD-05,Jabodetabek,9,18000,0.0,162000
2025-08-28,PRD-06,DI Yogyakarta,20,12000,5.0,228000
2025-08-28,PRD-06,Jawa Tengah,24,12000,0.0,288000
2025-08-28,PRD-06,Jawa Timur,11,12000,0.0,132000
2025-08-28,PRD-06,Jabodetabek,10,12000,0.0,120000
2025-08-28,PRD-07,DI Yogyakarta,9,32000,0.0,288000
2025-08-28,PRD-07,Jawa Tengah,5,32000,0.0,160000
2025-08-28,PRD-07,Jawa Timur,0,32000,10.0,0
2025-08-28,PRD-07,Jabodetabek,5,32000,0.0,160000
2025-08-28,PRD-08,DI Yogyakarta,12,14000,0.0,168000
2025-08-28,PRD-08,Jawa Tengah,8,14000,0.0,112000
2025-08-28,PRD-08,Jawa Timur,2,14000,0.0,28000
2025-08-28,PRD-08,Jabodetabek,6,14000,0.0,84000
2025-08-29,PRD-01,DI Yogyakarta,23,28000,0.0,644000
2025-08-29,PRD-01,Jawa Tengah,17,28000,0.0,476000
2025-08-29,PRD-01,Jawa Timur,9,28000,0.0,252000
2025-08-29,PRD-01,Jabodetabek,17,28000,0.0,476000
2025-08-29,PRD-02,DI Yogyakarta,14,26000,0.0,364000
2025-08-29,PRD-02,Jawa Tengah,10,26000,0.0,260000
2025-08-29,PRD-02,Jawa Timur,3,26000,0.0,78000
2025-08-29,PRD-02,Jabodetabek,8,26000,0.0,208000
2025-08-29,PRD-03,DI Yogyakarta,10,25000,0.0,250000
2025-08-29,PRD-03,Jawa Tengah,6,25000,0.0,150000
2025-08-29,PRD-03,Jawa Timur,3,25000,0.0,75000
2025-08-29,PRD-03,Jabodetabek,11,25000,5.0,261250
2025-08-29,PRD-04,DI Yogyakarta,26,15000,0.0,390000
2025-08-29,PRD-04,Jawa Tengah,18,15000,0.0,270000
2025-08-29,PRD-04,Jawa Timur,14,15000,0.0,210000
2025-08-29,PRD-04,Jabodetabek,24,15000,10.0,324000
2025-08-29,PRD-05,DI Yogyakarta,8,18000,5.0,136800
2025-08-29,PRD-05,Jawa Tengah,5,18000,10.0,81000
2025-08-29,PRD-05,Jawa Timur,5,18000,0.0,90000
2025-08-29,PRD-05,Jabodetabek,7,18000,0.0,126000
2025-08-29,PRD-06,DI Yogyakarta,15,12000,0.0,180000
2025-08-29,PRD-06,Jawa Tengah,14,12000,0.0,168000
2025-08-29,PRD-06,Jawa Timur,7,12000,0.0,84000
2025-08-29,PRD-06,Jabodetabek,17,12000,10.0,183600
2025-08-29,PRD-07,DI Yogyakarta,9,32000,0.0,288000
2025-08-29,PRD-07,Jawa Tengah,6,32000,15.0,163200
2025-08-29,PRD-07,Jawa Timur,0,32000,0.0,0
2025-08-29,PRD-07,Jabodetabek,6,32000,0.0,192000
2025-08-29,PRD-08,DI Yogyakarta,12,14000,0.0,168000
2025-08-29,PRD-08,Jawa Tengah,11,14000,0.0,154000
2025-08-29,PRD-08,Jawa Timur,2,14000,0.0,28000
2025-08-29,PRD-08,Jabodetabek,15,14000,0.0,210000
2025-08-30,PRD-01,DI Yogyakarta,28,28000,0.0,784000
2025-08-30,PRD-01,Jawa Tengah,17,28000,0.0,476000
2025-08-30,PRD-01,Jawa Timur,9,28000,0.0,252000
2025-08-30,PRD-01,Jabodetabek,18,28000,0.0,504000
2025-08-30,PRD-02,DI Yogyakarta,24,26000,0.0,624000
2025-08-30,PRD-02,Jawa Tengah,6,26000,0.0,156000
2025-08-30,PRD-02,Jawa Timur,10,26000,5.0,247000
2025-08-30,PRD-02,Jabodetabek,9,26000,0.0,234000
2025-08-30,PRD-03,DI Yogyakarta,12,25000,0.0,300000
2025-08-30,PRD-03,Jawa Tengah,9,25000,5.0,213750
2025-08-30,PRD-03,Jawa Timur,9,25000,0.0,225000
2025-08-30,PRD-03,Jabodetabek,13,25000,0.0,325000
2025-08-30,PRD-04,DI Yogyakarta,25,15000,0.0,375000
2025-08-30,PRD-04,Jawa Tengah,29,15000,0.0,435000
2025-08-30,PRD-04,Jawa Timur,24,15000,0.0,360000
2025-08-30,PRD-04,Jabodetabek,29,15000,0.0,435000
2025-08-30,PRD-05,DI Yogyakarta,8,18000,0.0,144000
2025-08-30,PRD-05,Jawa Tengah,2,18000,0.0,36000
2025-08-30,PRD-05,Jawa Timur,4,18000,0.0,72000
2025-08-30,PRD-05,Jabodetabek,14,18000,0.0,252000
2025-08-30,PRD-06,DI Yogyakarta,25,12000,0.0,300000
2025-08-30,PRD-06,Jawa Tengah,25,12000,5.0,285000
2025-08-30,PRD-06,Jawa Timur,19,12000,0.0,228000
2025-08-30,PRD-06,Jabodetabek,29,12000,0.0,348000
2025-08-30,PRD-07,DI Yogyakarta,5,32000,0.0,160000
2025-08-30,PRD-07,Jawa Tengah,6,32000,0.0,192000
2025-08-30,PRD-07,Jawa Timur,5,32000,0.0,160000
2025-08-30,PRD-07,Jabodetabek,7,32000,0.0,224000
2025-08-30,PRD-08,DI Yogyakarta,15,14000,0.0,210000
2025-08-30,PRD-08,Jawa Tengah,12,14000,0.0,168000
2025-08-30,PRD-08,Jawa Timur,7,14000,0.0,98000
2025-08-30,PRD-08,Jabodetabek,13,14000,0.0,182000
2025-08-31,PRD-01,DI Yogyakarta,25,28000,0.0,700000
2025-08-31,PRD-01,Jawa Tengah,20,28000,0.0,560000
2025-08-31,PRD-01,Jawa Timur,16,28000,0.0,448000
2025-08-31,PRD-01,Jabodetabek,12,28000,0.0,336000
2025-08-31,PRD-02,DI Yogyakarta,15,26000,10.0,351000
2025-08-31,PRD-02,Jawa Tengah,18,26000,0.0,468000
2025-08-31,PRD-02,Jawa Timur,10,26000,5.0,247000
2025-08-31,PRD-02,Jabodetabek,19,26000,0.0,494000
2025-08-31,PRD-03,DI Yogyakarta,11,25000,10.0,247500
2025-08-31,PRD-03,Jawa Tengah,8,25000,0.0,200000
2025-08-31,PRD-03,Jawa Timur,6,25000,15.0,127500
2025-08-31,PRD-03,Jabodetabek,10,25000,0.0,250000
2025-08-31,PRD-04,DI Yogyakarta,31,15000,0.0,465000
2025-08-31,PRD-04,Jawa Tengah,17,15000,0.0,255000
2025-08-31,PRD-04,Jawa Timur,18,15000,0.0,270000
2025-08-31,PRD-04,Jabodetabek,35,15000,0.0,525000
2025-08-31,PRD-05,DI Yogyakarta,6,18000,0.0,108000
2025-08-31,PRD-05,Jawa Tengah,6,18000,10.0,97200
2025-08-31,PRD-05,Jawa Timur,11,18000,10.0,178200
2025-08-31,PRD-05,Jabodetabek,10,18000,0.0,180000
2025-08-31,PRD-06,DI Yogyakarta,25,12000,5.0,285000
2025-08-31,PRD-06,Jawa Tengah,19,12000,0.0,228000
2025-08-31,PRD-06,Jawa Timur,16,12000,5.0,182400
2025-08-31,PRD-06,Jabodetabek,25,12000,0.0,300000
2025-08-31,PRD-07,DI Yogyakarta,7,32000,0.0,224000
2025-08-31,PRD-07,Jawa Tengah,8,32000,5.0,243200
2025-08-31,PRD-07,Jawa Timur,5,32000,0.0,160000
2025-08-31,PRD-07,Jabodetabek,5,32000,0.0,160000
2025-08-31,PRD-08,DI Yogyakarta,11,14000,0.0,154000
2025-08-31,PRD-08,Jawa Tengah,8,14000,0.0,112000
2025-08-31,PRD-08,Jawa Timur,6,14000,15.0,71400
2025-08-31,PRD-08,Jabodetabek,8,14000,0.0,112000
2025-09-01,PRD-01,DI Yogyakarta,20,28000,0.0,560000
2025-09-01,PRD-01,Jawa Tengah,14,28000,0.0,392000
2025-09-01,PRD-01,Jawa Timur,11,28000,0.0,308000
2025-09-01,PRD-01,Jabodetabek,15,28000,0.0,420000
2025-09-01,PRD-02,DI Yogyakarta,10,26000,0.0,260000
2025-09-01,PRD-02,Jawa Tengah,6,26000,0.0,156000
2025-09-01,PRD-02,Jawa Timur,6,26000,10.0,140400
2025-09-01,PRD-02,Jabodetabek,17,26000,0.0,442000
2025-09-01,PRD-03,DI Yogyakarta,9,25000,5.0,213750
2025-09-01,PRD-03,Jawa Tengah,7,25000,0.0,175000
2025-09-01,PRD-03,Jawa Timur,8,25000,10.0,180000
2025-09-01,PRD-03,Jabodetabek,7,25000,0.0,175000
2025-09-01,PRD-04,DI Yogyakarta,20,15000,15.0,255000
2025-09-01,PRD-04,Jawa Tengah,11,15000,5.0,156750
2025-09-01,PRD-04,Jawa Timur,14,15000,10.0,189000
2025-09-01,PRD-04,Jabodetabek,26,15000,0.0,390000
2025-09-01,PRD-05,DI Yogyakarta,7,18000,0.0,126000
2025-09-01,PRD-05,Jawa Tengah,5,18000,0.0,90000
2025-09-01,PRD-05,Jawa Timur,4,18000,10.0,64800
2025-09-01,PRD-05,Jabodetabek,10,18000,5.0,171000
2025-09-01,PRD-06,DI Yogyakarta,17,12000,0.0,204000
2025-09-01,PRD-06,Jawa Tengah,18,12000,5.0,205200
2025-09-01,PRD-06,Jawa Timur,14,12000,10.0,151200
2025-09-01,PRD-06,Jabodetabek,13,12000,0.0,156000
2025-09-01,PRD-07,DI Yogyakarta,6,32000,0.0,192000
2025-09-01,PRD-07,Jawa Tengah,8,32000,0.0,256000
2025-09-01,PRD-07,Jawa Timur,2,32000,0.0,64000
2025-09-01,PRD-07,Jabodetabek,9,32000,0.0,288000
2025-09-01,PRD-08,DI Yogyakarta,8,14000,0.0,112000
2025-09-01,PRD-08,Jawa Tengah,8,14000,0.0,112000
2025-09-01,PRD-08,Jawa Timur,5,14000,15.0,59500
2025-09-01,PRD-08,Jabodetabek,9,14000,0.0,126000
2025-09-02,PRD-01,DI Yogyakarta,12,28000,0.0,336000
2025-09-02,PRD-01,Jawa Tengah,11,28000,0.0,308000
2025-09-02,PRD-01,Jawa Timur,11,28000,5.0,292600
2025-09-02,PRD-01,Jabodetabek,9,28000,0.0,252000
2025-09-02,PRD-02,DI Yogyakarta,13,26000,0.0,338000
2025-09-02,PRD-02,Jawa Tengah,6,26000,0.0,156000
2025-09-02,PRD-02,Jawa Timur,5,26000,0.0,130000
2025-09-02,PRD-02,Jabodetabek,7,26000,0.0,182000
2025-09-02,PRD-03,DI Yogyakarta,10,25000,5.0,237500
2025-09-02,PRD-03,Jawa Tengah,10,25000,0.0,250000
2025-09-02,PRD-03,Jawa Timur,5,25000,0.0,125000
2025-09-02,PRD-03,Jabodetabek,9,25000,0.0,225000
2025-09-02,PRD-04,DI Yogyakarta,29,15000,0.0,435000
2025-09-02,PRD-04,Jawa Tengah,10,15000,0.0,150000
2025-09-02,PRD-04,Jawa Timur,21,15000,10.0,283500
2025-09-02,PRD-04,Jabodetabek,32,15000,0.0,480000
2025-09-02,PRD-05,DI Yogyakarta,10,18000,0.0,180000
2025-09-02,PRD-05,Jawa Tengah,7,18000,0.0,126000
2025-09-02,PRD-05,Jawa Timur,5,18000,0.0,90000
2025-09-02,PRD-05,Jabodetabek,8,18000,0.0,144000
2025-09-02,PRD-06,DI Yogyakarta,18,12000,0.0,216000
2025-09-02,PRD-06,Jawa Tengah,11,12000,5.0,125400
2025-09-02,PRD-06,Jawa Timur,7,12000,0.0,84000
2025-09-02,PRD-06,Jabodetabek,16,12000,0.0,192000
2025-09-02,PRD-07,DI Yogyakarta,11,32000,0.0,352000
2025-09-02,PRD-07,Jawa Tengah,4,32000,0.0,128000
2025-09-02,PRD-07,Jawa Timur,5,32000,0.0,160000
2025-09-02,PRD-07,Jabodetabek,3,32000,0.0,96000
2025-09-02,PRD-08,DI Yogyakarta,19,14000,10.0,239400
2025-09-02,PRD-08,Jawa Tengah,7,14000,0.0,98000
2025-09-02,PRD-08,Jawa Timur,7,14000,0.0,98000
2025-09-02,PRD-08,Jabodetabek,11,14000,15.0,130900
2025-09-03,PRD-01,DI Yogyakarta,21,28000,0.0,588000
2025-09-03,PRD-01,Jawa Tengah,11,28000,0.0,308000
2025-09-03,PRD-01,Jawa Timur,12,28000,10.0,302400
2025-09-03,PRD-01,Jabodetabek,20,28000,0.0,560000
2025-09-03,PRD-02,DI Yogyakarta,19,26000,0.0,494000
2025-09-03,PRD-02,Jawa Tengah,14,26000,0.0,364000
2025-09-03,PRD-02,Jawa Timur,5,26000,0.0,130000
2025-09-03,PRD-02,Jabodetabek,17,26000,5.0,419900
2025-09-03,PRD-03,DI Yogyakarta,6,25000,0.0,150000
2025-09-03,PRD-03,Jawa Tengah,7,25000,0.0,175000
2025-09-03,PRD-03,Jawa Timur,7,25000,0.0,175000
2025-09-03,PRD-03,Jabodetabek,5,25000,5.0,118750
2025-09-03,PRD-04,DI Yogyakarta,21,15000,0.0,315000
2025-09-03,PRD-04,Jawa Tengah,23,15000,5.0,327750
2025-09-03,PRD-04,Jawa Timur,17,15000,0.0,255000
2025-09-03,PRD-04,Jabodetabek,21,15000,0.0,315000
2025-09-03,PRD-05,DI Yogyakarta,5,18000,0.0,90000
2025-09-03,PRD-05,Jawa Tengah,9,18000,0.0,162000
2025-09-03,PRD-05,Jawa Timur,3,18000,0.0,54000
2025-09-03,PRD-05,Jabodetabek,3,18000,0.0,54000
2025-09-03,PRD-06,DI Yogyakarta,17,12000,0.0,204000
2025-09-03,PRD-06,Jawa Tengah,10,12000,0.0,120000
2025-09-03,PRD-06,Jawa Timur,16,12000,0.0,192000
2025-09-03,PRD-06,Jabodetabek,16,12000,0.0,192000
2025-09-03,PRD-07,DI Yogyakarta,7,32000,0.0,224000
2025-09-03,PRD-07,Jawa Tengah,7,32000,5.0,212800
2025-09-03,PRD-07,Jawa Timur,3,32000,0.0,96000
2025-09-03,PRD-07,Jabodetabek,9,32000,0.0,288000
2025-09-03,PRD-08,DI Yogyakarta,9,14000,0.0,126000
2025-09-03,PRD-08,Jawa Tengah,6,14000,0.0,84000
2025-09-03,PRD-08,Jawa Timur,3,14000,0.0,42000
2025-09-03,PRD-08,Jabodetabek,12,14000,0.0,168000
2025-09-04,PRD-01,DI Yogyakarta,15,28000,0.0,420000
2025-09-04,PRD-01,Jawa Tengah,13,28000,0.0,364000
2025-09-04,PRD-01,Jawa Timur,15,28000,10.0,378000
2025-09-04,PRD-01,Jabodetabek,11,28000,0.0,308000
2025-09-04,PRD-02,DI Yogyakarta,12,26000,5.0,296400
2025-09-04,PRD-02,Jawa Tengah,10,26000,0.0,260000
2025-09-04,PRD-02,Jawa Timur,8,26000,0.0,208000
2025-09-04,PRD-02,Jabodetabek,18,26000,0.0,468000
2025-09-04,PRD-03,DI Yogyakarta,7,25000,0.0,175000
2025-09-04,PRD-03,Jawa Tengah,6,25000,0.0,150000
2025-09-04,PRD-03,Jawa Timur,5,25000,5.0,118750
2025-09-04,PRD-03,Jabodetabek,12,25000,0.0,300000
2025-09-04,PRD-04,DI Yogyakarta,22,15000,0.0,330000
2025-09-04,PRD-04,Jawa Tengah,11,15000,0.0,165000
2025-09-04,PRD-04,Jawa Timur,18,15000,0.0,270000
2025-09-04,PRD-04,Jabodetabek,28,15000,0.0,420000
2025-09-04,PRD-05,DI Yogyakarta,7,18000,0.0,126000
2025-09-04,PRD-05,Jawa Tengah,5,18000,0.0,90000
2025-09-04,PRD-05,Jawa Timur,5,18000,5.0,85500
2025-09-04,PRD-05,Jabodetabek,5,18000,0.0,90000
2025-09-04,PRD-06,DI Yogyakarta,16,12000,0.0,192000
2025-09-04,PRD-06,Jawa Tengah,10,12000,15.0,102000
2025-09-04,PRD-06,Jawa Timur,14,12000,0.0,168000
2025-09-04,PRD-06,Jabodetabek,16,12000,0.0,192000
2025-09-04,PRD-07,DI Yogyakarta,5,32000,0.0,160000
2025-09-04,PRD-07,Jawa Tengah,4,32000,0.0,128000
2025-09-04,PRD-07,Jawa Timur,4,32000,0.0,128000
2025-09-04,PRD-07,Jabodetabek,9,32000,0.0,288000
2025-09-04,PRD-08,DI Yogyakarta,13,14000,0.0,182000
2025-09-04,PRD-08,Jawa Tengah,12,14000,0.0,168000
2025-09-04,PRD-08,Jawa Timur,7,14000,0.0,98000
2025-09-04,PRD-08,Jabodetabek,9,14000,5.0,119700
2025-09-05,PRD-01,DI Yogyakarta,22,28000,0.0,616000
2025-09-05,PRD-01,Jawa Tengah,15,28000,0.0,420000
2025-09-05,PRD-01,Jawa Timur,11,28000,10.0,277200
2025-09-05,PRD-01,Jabodetabek,15,28000,0.0,420000
2025-09-05,PRD-02,DI Yogyakarta,16,26000,10.0,374400
2025-09-05,PRD-02,Jawa Tengah,6,26000,0.0,156000
2025-09-05,PRD-02,Jawa Timur,10,26000,0.0,260000
2025-09-05,PRD-02,Jabodetabek,17,26000,0.0,442000
2025-09-05,PRD-03,DI Yogyakarta,7,25000,0.0,175000
2025-09-05,PRD-03,Jawa Tengah,2,25000,10.0,45000
2025-09-05,PRD-03,Jawa Timur,4,25000,10.0,90000
2025-09-05,PRD-03,Jabodetabek,7,25000,0.0,175000
2025-09-05,PRD-04,DI Yogyakarta,30,15000,0.0,450000
2025-09-05,PRD-04,Jawa Tengah,23,15000,5.0,327750
2025-09-05,PRD-04,Jawa Timur,22,15000,0.0,330000
2025-09-05,PRD-04,Jabodetabek,19,15000,15.0,242250
2025-09-05,PRD-05,DI Yogyakarta,4,18000,0.0,72000
2025-09-05,PRD-05,Jawa Tengah,8,18000,0.0,144000
2025-09-05,PRD-05,Jawa Timur,4,18000,0.0,72000
2025-09-05,PRD-05,Jabodetabek,9,18000,0.0,162000
2025-09-05,PRD-06,DI Yogyakarta,18,12000,15.0,183600
2025-09-05,PRD-06,Jawa Tengah,13,12000,5.0,148200
2025-09-05,PRD-06,Jawa Timur,15,12000,0.0,180000
2025-09-05,PRD-06,Jabodetabek,18,12000,0.0,216000
2025-09-05,PRD-07,DI Yogyakarta,6,32000,0.0,192000
2025-09-05,PRD-07,Jawa Tengah,1,32000,10.0,28800
2025-09-05,PRD-07,Jawa Timur,2,32000,0.0,64000
2025-09-05,PRD-07,Jabodetabek,4,32000,0.0,128000
2025-09-05,PRD-08,DI Yogyakarta,5,14000,0.0,70000
2025-09-05,PRD-08,Jawa Tengah,4,14000,0.0,56000
2025-09-05,PRD-08,Jawa Timur,5,14000,0.0,70000
2025-09-05,PRD-08,Jabodetabek,2,14000,0.0,28000
2025-09-06,PRD-01,DI Yogyakarta,17,28000,0.0,476000
2025-09-06,PRD-01,Jawa Tengah,18,28000,5.0,478800
2025-09-06,PRD-01,Jawa Timur,12,28000,0.0,336000
2025-09-06,PRD-01,Jabodetabek,21,28000,0.0,588000
2025-09-06,PRD-02,DI Yogyakarta,22,26000,5.0,543400
2025-09-06,PRD-02,Jawa Tengah,20,26000,0.0,520000
2025-09-06,PRD-02,Jawa Timur,15,26000,5.0,370500
2025-09-06,PRD-02,Jabodetabek,21,26000,0.0,546000
2025-09-06,PRD-03,DI Yogyakarta,12,25000,0.0,300000
2025-09-06,PRD-03,Jawa Tengah,10,25000,5.0,237500
2025-09-06,PRD-03,Jawa Timur,8,25000,0.0,200000
2025-09-06,PRD-03,Jabodetabek,11,25000,10.0,247500
2025-09-06,PRD-04,DI Yogyakarta,27,15000,0.0,405000
2025-09-06,PRD-04,Jawa Tengah,21,15000,0.0,315000
2025-09-06,PRD-04,Jawa Timur,23,15000,0.0,345000
2025-09-06,PRD-04,Jabodetabek,38,15000,0.0,570000
2025-09-06,PRD-05,DI Yogyakarta,14,18000,5.0,239400
2025-09-06,PRD-05,Jawa Tengah,11,18000,0.0,198000
2025-09-06,PRD-05,Jawa Timur,3,18000,0.0,54000
2025-09-06,PRD-05,Jabodetabek,10,18000,0.0,180000
2025-09-06,PRD-06,DI Yogyakarta,29,12000,0.0,348000
2025-09-06,PRD-06,Jawa Tengah,26,12000,5.0,296400
2025-09-06,PRD-06,Jawa Timur,20,12000,10.0,216000
2025-09-06,PRD-06,Jabodetabek,14,12000,0.0,168000
2025-09-06,PRD-07,DI Yogyakarta,7,32000,0.0,224000
2025-09-06,PRD-07,Jawa Tengah,3,32000,0.0,96000
2025-09-06,PRD-07,Jawa Timur,11,32000,0.0,352000
2025-09-06,PRD-07,Jabodetabek,7,32000,0.0,224000
2025-09-06,PRD-08,DI Yogyakarta,9,14000,0.0,126000
2025-09-06,PRD-08,Jawa Tengah,10,14000,10.0,126000
2025-09-06,PRD-08,Jawa Timur,7,14000,0.0,98000
2025-09-06,PRD-08,Jabodetabek,12,14000,0.0,168000
2025-09-07,PRD-01,DI Yogyakarta,25,28000,0.0,700000
2025-09-07,PRD-01,Jawa Tengah,9,28000,0.0,252000
2025-09-07,PRD-01,Jawa Timur,15,28000,10.0,378000
2025-09-07,PRD-01,Jabodetabek,22,28000,0.0,616000
2025-09-07,PRD-02,DI Yogyakarta,12,26000,0.0,312000
2025-09-07,PRD-02,Jawa Tengah,13,26000,0.0,338000
2025-09-07,PRD-02,Jawa Timur,12,26000,0.0,312000
2025-09-07,PRD-02,Jabodetabek,23,26000,5.0,568100
2025-09-07,PRD-03,DI Yogyakarta,16,25000,0.0,400000
2025-09-07,PRD-03,Jawa Tengah,2,25000,0.0,50000
2025-09-07,PRD-03,Jawa Timur,3,25000,0.0,75000
2025-09-07,PRD-03,Jabodetabek,12,25000,0.0,300000
2025-09-07,PRD-04,DI Yogyakarta,35,15000,5.0,498750
2025-09-07,PRD-04,Jawa Tengah,22,15000,10.0,297000
2025-09-07,PRD-04,Jawa Timur,17,15000,0.0,255000
2025-09-07,PRD-04,Jabodetabek,29,15000,5.0,413250
2025-09-07,PRD-05,DI Yogyakarta,12,18000,0.0,216000
2025-09-07,PRD-05,Jawa Tengah,14,18000,0.0,252000
2025-09-07,PRD-05,Jawa Timur,4,18000,0.0,72000
2025-09-07,PRD-05,Jabodetabek,12,18000,15.0,183600
2025-09-07,PRD-06,DI Yogyakarta,31,12000,0.0,372000
2025-09-07,PRD-06,Jawa Tengah,12,12000,5.0,136800
2025-09-07,PRD-06,Jawa Timur,15,12000,10.0,162000
2025-09-07,PRD-06,Jabodetabek,32,12000,0.0,384000
2025-09-07,PRD-07,DI Yogyakarta,9,32000,0.0,288000
2025-09-07,PRD-07,Jawa Tengah,4,32000,15.0,108800
2025-09-07,PRD-07,Jawa Timur,4,32000,0.0,128000
2025-09-07,PRD-07,Jabodetabek,5,32000,0.0,160000
2025-09-07,PRD-08,DI Yogyakarta,16,14000,10.0,201600
2025-09-07,PRD-08,Jawa Tengah,10,14000,0.0,140000
2025-09-07,PRD-08,Jawa Timur,4,14000,5.0,53200
2025-09-07,PRD-08,Jabodetabek,9,14000,5.0,119700
2025-09-08,PRD-01,DI Yogyakarta,12,28000,0.0,336000
2025-09-08,PRD-01,Jawa Tengah,12,28000,0.0,336000
2025-09-08,PRD-01,Jawa Timur,10,28000,10.0,252000
2025-09-08,PRD-01,Jabodetabek,13,28000,5.0,345800
2025-09-08,PRD-02,DI Yogyakarta,20,26000,0.0,520000
2025-09-08,PRD-02,Jawa Tengah,10,26000,0.0,260000
2025-09-08,PRD-02,Jawa Timur,4,26000,0.0,104000
2025-09-08,PRD-02,Jabodetabek,12,26000,15.0,265200
2025-09-08,PRD-03,DI Yogyakarta,8,25000,5.0,190000
2025-09-08,PRD-03,Jawa Tengah,7,25000,0.0,175000
2025-09-08,PRD-03,Jawa Timur,4,25000,5.0,95000
2025-09-08,PRD-03,Jabodetabek,9,25000,10.0,202500
2025-09-08,PRD-04,DI Yogyakarta,23,15000,0.0,345000
2025-09-08,PRD-04,Jawa Tengah,14,15000,0.0,210000
2025-09-08,PRD-04,Jawa Timur,7,15000,0.0,105000
2025-09-08,PRD-04,Jabodetabek,9,15000,0.0,135000
2025-09-08,PRD-05,DI Yogyakarta,2,18000,0.0,36000
2025-09-08,PRD-05,Jawa Tengah,4,18000,0.0,72000
2025-09-08,PRD-05,Jawa Timur,6,18000,0.0,108000
2025-09-08,PRD-05,Jabodetabek,7,18000,0.0,126000
2025-09-08,PRD-06,DI Yogyakarta,19,12000,0.0,228000
2025-09-08,PRD-06,Jawa Tengah,16,12000,0.0,192000
2025-09-08,PRD-06,Jawa Timur,4,12000,0.0,48000
2025-09-08,PRD-06,Jabodetabek,22,12000,0.0,264000
2025-09-08,PRD-07,DI Yogyakarta,5,32000,0.0,160000
2025-09-08,PRD-07,Jawa Tengah,3,32000,15.0,81600
2025-09-08,PRD-07,Jawa Timur,1,32000,5.0,30400
2025-09-08,PRD-07,Jabodetabek,0,32000,0.0,0
2025-09-08,PRD-08,DI Yogyakarta,6,14000,0.0,84000
2025-09-08,PRD-08,Jawa Tengah,3,14000,0.0,42000
2025-09-08,PRD-08,Jawa Timur,5,14000,0.0,70000
2025-09-08,PRD-08,Jabodetabek,16,14000,0.0,224000
2025-09-09,PRD-01,DI Yogyakarta,13,28000,0.0,364000
2025-09-09,PRD-01,Jawa Tengah,13,28000,0.0,364000
2025-09-09,PRD-01,Jawa Timur,8,28000,0.0,224000
2025-09-09,PRD-01,Jabodetabek,16,28000,15.0,380800
2025-09-09,PRD-02,DI Yogyakarta,18,26000,10.0,421200
2025-09-09,PRD-02,Jawa Tengah,11,26000,5.0,271700
2025-09-09,PRD-02,Jawa Timur,6,26000,5.0,148200
2025-09-09,PRD-02,Jabodetabek,13,26000,10.0,304200
2025-09-09,PRD-03,DI Yogyakarta,6,25000,10.0,135000
2025-09-09,PRD-03,Jawa Tengah,8,25000,0.0,200000
2025-09-09,PRD-03,Jawa Timur,5,25000,0.0,125000
2025-09-09,PRD-03,Jabodetabek,9,25000,10.0,202500
2025-09-09,PRD-04,DI Yogyakarta,26,15000,0.0,390000
2025-09-09,PRD-04,Jawa Tengah,14,15000,10.0,189000
2025-09-09,PRD-04,Jawa Timur,10,15000,0.0,150000
2025-09-09,PRD-04,Jabodetabek,21,15000,0.0,315000
2025-09-09,PRD-05,DI Yogyakarta,3,18000,0.0,54000
2025-09-09,PRD-05,Jawa Tengah,3,18000,0.0,54000
2025-09-09,PRD-05,Jawa Timur,5,18000,0.0,90000
2025-09-09,PRD-05,Jabodetabek,4,18000,0.0,72000
2025-09-09,PRD-06,DI Yogyakarta,20,12000,0.0,240000
2025-09-09,PRD-06,Jawa Tengah,13,12000,0.0,156000
2025-09-09,PRD-06,Jawa Timur,11,12000,0.0,132000
2025-09-09,PRD-06,Jabodetabek,17,12000,5.0,193800
2025-09-09,PRD-07,DI Yogyakarta,2,32000,10.0,57600
2025-09-09,PRD-07,Jawa Tengah,5,32000,15.0,136000
2025-09-09,PRD-07,Jawa Timur,2,32000,0.0,64000
2025-09-09,PRD-07,Jabodetabek,14,32000,0.0,448000
2025-09-09,PRD-08,DI Yogyakarta,8,14000,0.0,112000
2025-09-09,PRD-08,Jawa Tengah,7,14000,0.0,98000
2025-09-09,PRD-08,Jawa Timur,6,14000,0.0,84000
2025-09-09,PRD-08,Jabodetabek,3,14000,0.0,42000
2025-09-10,PRD-01,DI Yogyakarta,20,28000,0.0,560000
2025-09-10,PRD-01,Jawa Tengah,11,28000,0.0,308000
2025-09-10,PRD-01,Jawa Timur,13,28000,0.0,364000
2025-09-10,PRD-01,Jabodetabek,15,28000,5.0,399000
2025-09-10,PRD-02,DI Yogyakarta,11,26000,5.0,271700
2025-09-10,PRD-02,Jawa Tengah,11,26000,5.0,271700
2025-09-10,PRD-02,Jawa Timur,6,26000,15.0,132600
2025-09-10,PRD-02,Jabodetabek,14,26000,0.0,364000
2025-09-10,PRD-03,DI Yogyakarta,8,25000,0.0,200000
2025-09-10,PRD-03,Jawa Tengah,8,25000,5.0,190000
2025-09-10,PRD-03,Jawa Timur,3,25000,0.0,75000
2025-09-10,PRD-03,Jabodetabek,10,25000,0.0,250000
2025-09-10,PRD-04,DI Yogyakarta,22,15000,5.0,313500
2025-09-10,PRD-04,Jawa Tengah,21,15000,0.0,315000
2025-09-10,PRD-04,Jawa Timur,13,15000,0.0,195000
2025-09-10,PRD-04,Jabodetabek,22,15000,0.0,330000
2025-09-10,PRD-05,DI Yogyakarta,6,18000,0.0,108000
2025-09-10,PRD-05,Jawa Tengah,6,18000,0.0,108000
2025-09-10,PRD-05,Jawa Timur,5,18000,15.0,76500
2025-09-10,PRD-05,Jabodetabek,3,18000,0.0,54000
2025-09-10,PRD-06,DI Yogyakarta,15,12000,10.0,162000
2025-09-10,PRD-06,Jawa Tengah,13,12000,10.0,140400
2025-09-10,PRD-06,Jawa Timur,17,12000,10.0,183600
2025-09-10,PRD-06,Jabodetabek,20,12000,0.0,240000
2025-09-10,PRD-07,DI Yogyakarta,5,32000,0.0,160000
2025-09-10,PRD-07,Jawa Tengah,5,32000,0.0,160000
2025-09-10,PRD-07,Jawa Timur,1,32000,0.0,32000
2025-09-10,PRD-07,Jabodetabek,4,32000,10.0,115200
2025-09-10,PRD-08,DI Yogyakarta,9,14000,5.0,119700
2025-09-10,PRD-08,Jawa Tengah,10,14000,10.0,126000
2025-09-10,PRD-08,Jawa Timur,4,14000,0.0,56000
2025-09-10,PRD-08,Jabodetabek,12,14000,0.0,168000
2025-09-11,PRD-01,DI Yogyakarta,18,28000,0.0,504000
2025-09-11,PRD-01,Jawa Tengah,15,28000,5.0,399000
2025-09-11,PRD-01,Jawa Timur,11,28000,0.0,308000
2025-09-11,PRD-01,Jabodetabek,15,28000,0.0,420000
2025-09-11,PRD-02,DI Yogyakarta,13,26000,0.0,338000
2025-09-11,PRD-02,Jawa Tengah,14,26000,15.0,309400
2025-09-11,PRD-02,Jawa Timur,9,26000,0.0,234000
2025-09-11,PRD-02,Jabodetabek,13,26000,0.0,338000
2025-09-11,PRD-03,DI Yogyakarta,10,25000,0.0,250000
2025-09-11,PRD-03,Jawa Tengah,7,25000,10.0,157500
2025-09-11,PRD-03,Jawa Timur,5,25000,0.0,125000
2025-09-11,PRD-03,Jabodetabek,6,25000,0.0,150000
2025-09-11,PRD-04,DI Yogyakarta,27,15000,5.0,384750
2025-09-11,PRD-04,Jawa Tengah,16,15000,0.0,240000
2025-09-11,PRD-04,Jawa Timur,14,15000,0.0,210000
2025-09-11,PRD-04,Jabodetabek,16,15000,0.0,240000
2025-09-11,PRD-05,DI Yogyakarta,13,18000,0.0,234000
2025-09-11,PRD-05,Jawa Tengah,6,18000,0.0,108000
2025-09-11,PRD-05,Jawa Timur,1,18000,0.0,18000
2025-09-11,PRD-05,Jabodetabek,7,18000,0.0,126000
2025-09-11,PRD-06,DI Yogyakarta,18,12000,0.0,216000
2025-09-11,PRD-06,Jawa Tengah,11,12000,5.0,125400
2025-09-11,PRD-06,Jawa Timur,6,12000,0.0,72000
2025-09-11,PRD-06,Jabodetabek,13,12000,0.0,156000
2025-09-11,PRD-07,DI Yogyakarta,8,32000,0.0,256000
2025-09-11,PRD-07,Jawa Tengah,2,32000,0.0,64000
2025-09-11,PRD-07,Jawa Timur,3,32000,5.0,91200
2025-09-11,PRD-07,Jabodetabek,3,32000,10.0,86400
2025-09-11,PRD-08,DI Yogyakarta,10,14000,0.0,140000
2025-09-11,PRD-08,Jawa Tengah,7,14000,0.0,98000
2025-09-11,PRD-08,Jawa Timur,7,14000,5.0,93100
2025-09-11,PRD-08,Jabodetabek,7,14000,15.0,83300
2025-09-12,PRD-01,DI Yogyakarta,25,28000,5.0,665000
2025-09-12,PRD-01,Jawa Tengah,12,28000,15.0,285600
2025-09-12,PRD-01,Jawa Timur,10,28000,10.0,252000
2025-09-12,PRD-01,Jabodetabek,14,28000,0.0,392000
2025-09-12,PRD-02,DI Yogyakarta,16,26000,0.0,416000
2025-09-12,PRD-02,Jawa Tengah,8,26000,0.0,208000
2025-09-12,PRD-02,Jawa Timur,8,26000,5.0,197600
2025-09-12,PRD-02,Jabodetabek,15,26000,5.0,370500
2025-09-12,PRD-03,DI Yogyakarta,8,25000,0.0,200000
2025-09-12,PRD-03,Jawa Tengah,8,25000,0.0,200000
2025-09-12,PRD-03,Jawa Timur,2,25000,0.0,50000
2025-09-12,PRD-03,Jabodetabek,6,25000,0.0,150000
2025-09-12,PRD-04,DI Yogyakarta,21,15000,0.0,315000
2025-09-12,PRD-04,Jawa Tengah,22,15000,0.0,330000
2025-09-12,PRD-04,Jawa Timur,14,15000,0.0,210000
2025-09-12,PRD-04,Jabodetabek,16,15000,0.0,240000
2025-09-12,PRD-05,DI Yogyakarta,7,18000,0.0,126000
2025-09-12,PRD-05,Jawa Tengah,7,18000,0.0,126000
2025-09-12,PRD-05,Jawa Timur,4,18000,5.0,68400
2025-09-12,PRD-05,Jabodetabek,6,18000,0.0,108000
2025-09-12,PRD-06,DI Yogyakarta,19,12000,0.0,228000
2025-09-12,PRD-06,Jawa Tengah,15,12000,0.0,180000
2025-09-12,PRD-06,Jawa Timur,12,12000,0.0,144000
2025-09-12,PRD-06,Jabodetabek,10,12000,5.0,114000
2025-09-12,PRD-07,DI Yogyakarta,7,32000,0.0,224000
2025-09-12,PRD-07,Jawa Tengah,6,32000,0.0,192000
2025-09-12,PRD-07,Jawa Timur,4,32000,0.0,128000
2025-09-12,PRD-07,Jabodetabek,5,32000,0.0,160000
2025-09-12,PRD-08,DI Yogyakarta,9,14000,15.0,107100
2025-09-12,PRD-08,Jawa Tengah,12,14000,0.0,168000
2025-09-12,PRD-08,Jawa Timur,4,14000,0.0,56000
2025-09-12,PRD-08,Jabodetabek,6,14000,0.0,84000
2025-09-13,PRD-01,DI Yogyakarta,28,28000,0.0,784000
2025-09-13,PRD-01,Jawa Tengah,16,28000,0.0,448000
2025-09-13,PRD-01,Jawa Timur,14,28000,0.0,392000
2025-09-13,PRD-01,Jabodetabek,23,28000,0.0,644000
2025-09-13,PRD-02,DI Yogyakarta,20,26000,0.0,520000
2025-09-13,PRD-02,Jawa Tengah,15,26000,0.0,390000
2025-09-13,PRD-02,Jawa Timur,15,26000,0.0,390000
2025-09-13,PRD-02,Jabodetabek,22,26000,0.0,572000
2025-09-13,PRD-03,DI Yogyakarta,5,25000,0.0,125000
2025-09-13,PRD-03,Jawa Tengah,10,25000,0.0,250000
2025-09-13,PRD-03,Jawa Timur,4,25000,0.0,100000
2025-09-13,PRD-03,Jabodetabek,13,25000,0.0,325000
2025-09-13,PRD-04,DI Yogyakarta,23,15000,0.0,345000
2025-09-13,PRD-04,Jawa Tengah,15,15000,0.0,225000
2025-09-13,PRD-04,Jawa Timur,14,15000,0.0,210000
2025-09-13,PRD-04,Jabodetabek,28,15000,0.0,420000
2025-09-13,PRD-05,DI Yogyakarta,12,18000,0.0,216000
2025-09-13,PRD-05,Jawa Tengah,3,18000,0.0,54000
2025-09-13,PRD-05,Jawa Timur,9,18000,0.0,162000
2025-09-13,PRD-05,Jabodetabek,9,18000,0.0,162000
2025-09-13,PRD-06,DI Yogyakarta,25,12000,10.0,270000
2025-09-13,PRD-06,Jawa Tengah,18,12000,0.0,216000
2025-09-13,PRD-06,Jawa Timur,15,12000,0.0,180000
2025-09-13,PRD-06,Jabodetabek,19,12000,5.0,216600
2025-09-13,PRD-07,DI Yogyakarta,15,32000,0.0,480000
2025-09-13,PRD-07,Jawa Tengah,6,32000,0.0,192000
2025-09-13,PRD-07,Jawa Timur,7,32000,0.0,224000
2025-09-13,PRD-07,Jabodetabek,5,32000,15.0,136000
2025-09-13,PRD-08,DI Yogyakarta,16,14000,0.0,224000
2025-09-13,PRD-08,Jawa Tengah,11,14000,5.0,146300
2025-09-13,PRD-08,Jawa Timur,12,14000,0.0,168000
2025-09-13,PRD-08,Jabodetabek,10,14000,15.0,119000
2025-09-14,PRD-01,DI Yogyakarta,28,28000,0.0,784000
2025-09-14,PRD-01,Jawa Tengah,10,28000,0.0,280000
2025-09-14,PRD-01,Jawa Timur,16,28000,0.0,448000
2025-09-14,PRD-01,Jabodetabek,22,28000,0.0,616000
2025-09-14,PRD-02,DI Yogyakarta,21,26000,0.0,546000
2025-09-14,PRD-02,Jawa Tengah,20,26000,0.0,520000
2025-09-14,PRD-02,Jawa Timur,3,26000,0.0,78000
2025-09-14,PRD-02,Jabodetabek,14,26000,5.0,345800
2025-09-14,PRD-03,DI Yogyakarta,11,25000,0.0,275000
2025-09-14,PRD-03,Jawa Tengah,16,25000,0.0,400000
2025-09-14,PRD-03,Jawa Timur,4,25000,0.0,100000
2025-09-14,PRD-03,Jabodetabek,8,25000,0.0,200000
2025-09-14,PRD-04,DI Yogyakarta,28,15000,0.0,420000
2025-09-14,PRD-04,Jawa Tengah,17,15000,0.0,255000
2025-09-14,PRD-04,Jawa Timur,19,15000,0.0,285000
2025-09-14,PRD-04,Jabodetabek,23,15000,0.0,345000
2025-09-14,PRD-05,DI Yogyakarta,3,18000,0.0,54000
2025-09-14,PRD-05,Jawa Tengah,10,18000,10.0,162000
2025-09-14,PRD-05,Jawa Timur,5,18000,5.0,85500
2025-09-14,PRD-05,Jabodetabek,12,18000,10.0,194400
2025-09-14,PRD-06,DI Yogyakarta,29,12000,0.0,348000
2025-09-14,PRD-06,Jawa Tengah,17,12000,15.0,173400
2025-09-14,PRD-06,Jawa Timur,11,12000,0.0,132000
2025-09-14,PRD-06,Jabodetabek,29,12000,0.0,348000
2025-09-14,PRD-07,DI Yogyakarta,13,32000,0.0,416000
2025-09-14,PRD-07,Jawa Tengah,8,32000,0.0,256000
2025-09-14,PRD-07,Jawa Timur,8,32000,0.0,256000
2025-09-14,PRD-07,Jabodetabek,11,32000,0.0,352000
2025-09-14,PRD-08,DI Yogyakarta,16,14000,5.0,212800
2025-09-14,PRD-08,Jawa Tengah,5,14000,0.0,70000
2025-09-14,PRD-08,Jawa Timur,11,14000,0.0,154000
2025-09-14,PRD-08,Jabodetabek,13,14000,0.0,182000
2025-09-15,PRD-01,DI Yogyakarta,19,28000,0.0,532000
2025-09-15,PRD-01,Jawa Tengah,13,28000,0.0,364000
2025-09-15,PRD-01,Jawa Timur,12,28000,0.0,336000
2025-09-15,PRD-01,Jabodetabek,19,28000,0.0,532000
2025-09-15,PRD-02,DI Yogyakarta,17,26000,0.0,442000
2025-09-15,PRD-02,Jawa Tengah,8,26000,10.0,187200
2025-09-15,PRD-02,Jawa Timur,7,26000,0.0,182000
2025-09-15,PRD-02,Jabodetabek,13,26000,10.0,304200
2025-09-15,PRD-03,DI Yogyakarta,11,25000,15.0,233750
2025-09-15,PRD-03,Jawa Tengah,3,25000,0.0,75000
2025-09-15,PRD-03,Jawa Timur,9,25000,0.0,225000
2025-09-15,PRD-03,Jabodetabek,8,25000,0.0,200000
2025-09-15,PRD-04,DI Yogyakarta,14,15000,0.0,210000
2025-09-15,PRD-04,Jawa Tengah,14,15000,0.0,210000
2025-09-15,PRD-04,Jawa Timur,16,15000,0.0,240000
2025-09-15,PRD-04,Jabodetabek,19,15000,0.0,285000
2025-09-15,PRD-05,DI Yogyakarta,7,18000,15.0,107100
2025-09-15,PRD-05,Jawa Tengah,4,18000,0.0,72000
2025-09-15,PRD-05,Jawa Timur,4,18000,0.0,72000
2025-09-15,PRD-05,Jabodetabek,4,18000,0.0,72000
2025-09-15,PRD-06,DI Yogyakarta,15,12000,0.0,180000
2025-09-15,PRD-06,Jawa Tengah,10,12000,0.0,120000
2025-09-15,PRD-06,Jawa Timur,8,12000,0.0,96000
2025-09-15,PRD-06,Jabodetabek,17,12000,10.0,183600
2025-09-15,PRD-07,DI Yogyakarta,12,32000,0.0,384000
2025-09-15,PRD-07,Jawa Tengah,1,32000,0.0,32000
2025-09-15,PRD-07,Jawa Timur,5,32000,0.0,160000
2025-09-15,PRD-07,Jabodetabek,3,32000,0.0,96000
2025-09-15,PRD-08,DI Yogyakarta,7,14000,5.0,93100
2025-09-15,PRD-08,Jawa Tengah,8,14000,0.0,112000
2025-09-15,PRD-08,Jawa Timur,5,14000,0.0,70000
2025-09-15,PRD-08,Jabodetabek,8,14000,15.0,95200
2025-09-16,PRD-01,DI Yogyakarta,22,28000,0.0,616000
2025-09-16,PRD-01,Jawa Tengah,13,28000,0.0,364000
2025-09-16,PRD-01,Jawa Timur,4,28000,0.0,112000
2025-09-16,PRD-01,Jabodetabek,24,28000,0.0,672000
2025-09-16,PRD-02,DI Yogyakarta,11,26000,10.0,257400
2025-09-16,PRD-02,Jawa Tengah,11,26000,0.0,286000
2025-09-16,PRD-02,Jawa Timur,6,26000,0.0,156000
2025-09-16,PRD-02,Jabodetabek,6,26000,0.0,156000
2025-09-16,PRD-03,DI Yogyakarta,7,25000,5.0,166250
2025-09-16,PRD-03,Jawa Tengah,5,25000,5.0,118750
2025-09-16,PRD-03,Jawa Timur,9,25000,5.0,213750
2025-09-16,PRD-03,Jabodetabek,6,25000,5.0,142500
2025-09-16,PRD-04,DI Yogyakarta,17,15000,0.0,255000
2025-09-16,PRD-04,Jawa Tengah,8,15000,0.0,120000
2025-09-16,PRD-04,Jawa Timur,15,15000,0.0,225000
2025-09-16,PRD-04,Jabodetabek,14,15000,10.0,189000
2025-09-16,PRD-05,DI Yogyakarta,7,18000,10.0,113400
2025-09-16,PRD-05,Jawa Tengah,6,18000,0.0,108000
2025-09-16,PRD-05,Jawa Timur,3,18000,0.0,54000
2025-09-16,PRD-05,Jabodetabek,2,18000,15.0,30600
2025-09-16,PRD-06,DI Yogyakarta,18,12000,0.0,216000
2025-09-16,PRD-06,Jawa Tengah,14,12000,0.0,168000
2025-09-16,PRD-06,Jawa Timur,10,12000,0.0,120000
2025-09-16,PRD-06,Jabodetabek,14,12000,0.0,168000
2025-09-16,PRD-07,DI Yogyakarta,3,32000,0.0,96000
2025-09-16,PRD-07,Jawa Tengah,4,32000,0.0,128000
2025-09-16,PRD-07,Jawa Timur,6,32000,0.0,192000
2025-09-16,PRD-07,Jabodetabek,1,32000,0.0,32000
2025-09-16,PRD-08,DI Yogyakarta,13,14000,0.0,182000
2025-09-16,PRD-08,Jawa Tengah,8,14000,0.0,112000
2025-09-16,PRD-08,Jawa Timur,6,14000,15.0,71400
2025-09-16,PRD-08,Jabodetabek,10,14000,0.0,140000
2025-09-17,PRD-01,DI Yogyakarta,14,28000,0.0,392000
2025-09-17,PRD-01,Jawa Tengah,16,28000,0.0,448000
2025-09-17,PRD-01,Jawa Timur,10,28000,0.0,280000
2025-09-17,PRD-01,Jabodetabek,11,28000,0.0,308000
2025-09-17,PRD-02,DI Yogyakarta,6,26000,0.0,156000
2025-09-17,PRD-02,Jawa Tengah,13,26000,0.0,338000
2025-09-17,PRD-02,Jawa Timur,5,26000,0.0,130000
2025-09-17,PRD-02,Jabodetabek,14,26000,5.0,345800
2025-09-17,PRD-03,DI Yogyakarta,15,25000,5.0,356250
2025-09-17,PRD-03,Jawa Tengah,6,25000,0.0,150000
2025-09-17,PRD-03,Jawa Timur,3,25000,10.0,67500
2025-09-17,PRD-03,Jabodetabek,9,25000,0.0,225000
2025-09-17,PRD-04,DI Yogyakarta,18,15000,0.0,270000
2025-09-17,PRD-04,Jawa Tengah,19,15000,0.0,285000
2025-09-17,PRD-04,Jawa Timur,22,15000,0.0,330000
2025-09-17,PRD-04,Jabodetabek,12,15000,0.0,180000
2025-09-17,PRD-05,DI Yogyakarta,8,18000,0.0,144000
2025-09-17,PRD-05,Jawa Tengah,8,18000,0.0,144000
2025-09-17,PRD-05,Jawa Timur,6,18000,0.0,108000
2025-09-17,PRD-05,Jabodetabek,2,18000,5.0,34200
2025-09-17,PRD-06,DI Yogyakarta,20,12000,0.0,240000
2025-09-17,PRD-06,Jawa Tengah,11,12000,0.0,132000
2025-09-17,PRD-06,Jawa Timur,13,12000,0.0,156000
2025-09-17,PRD-06,Jabodetabek,11,12000,0.0,132000
2025-09-17,PRD-07,DI Yogyakarta,9,32000,0.0,288000
2025-09-17,PRD-07,Jawa Tengah,0,32000,0.0,0
2025-09-17,PRD-07,Jawa Timur,0,32000,0.0,0
2025-09-17,PRD-07,Jabodetabek,5,32000,5.0,152000
2025-09-17,PRD-08,DI Yogyakarta,11,14000,0.0,154000
2025-09-17,PRD-08,Jawa Tengah,10,14000,10.0,126000
2025-09-17,PRD-08,Jawa Timur,7,14000,5.0,93100
2025-09-17,PRD-08,Jabodetabek,13,14000,0.0,182000
2025-09-18,PRD-01,DI Yogyakarta,23,28000,0.0,644000
2025-09-18,PRD-01,Jawa Tengah,12,28000,15.0,285600
2025-09-18,PRD-01,Jawa Timur,8,28000,0.0,224000
2025-09-18,PRD-01,Jabodetabek,16,28000,0.0,448000
2025-09-18,PRD-02,DI Yogyakarta,20,26000,0.0,520000
2025-09-18,PRD-02,Jawa Tengah,9,26000,0.0,234000
2025-09-18,PRD-02,Jawa Timur,4,26000,0.0,104000
2025-09-18,PRD-02,Jabodetabek,14,26000,0.0,364000
2025-09-18,PRD-03,DI Yogyakarta,9,25000,0.0,225000
2025-09-18,PRD-03,Jawa Tengah,7,25000,0.0,175000
2025-09-18,PRD-03,Jawa Timur,5,25000,0.0,125000
2025-09-18,PRD-03,Jabodetabek,8,25000,5.0,190000
2025-09-18,PRD-04,DI Yogyakarta,16,15000,0.0,240000
2025-09-18,PRD-04,Jawa Tengah,12,15000,0.0,180000
2025-09-18,PRD-04,Jawa Timur,18,15000,0.0,270000
2025-09-18,PRD-04,Jabodetabek,19,15000,0.0,285000
2025-09-18,PRD-05,DI Yogyakarta,7,18000,0.0,126000
2025-09-18,PRD-05,Jawa Tengah,5,18000,0.0,90000
2025-09-18,PRD-05,Jawa Timur,1,18000,0.0,18000
2025-09-18,PRD-05,Jabodetabek,6,18000,0.0,108000
2025-09-18,PRD-06,DI Yogyakarta,21,12000,15.0,214200
2025-09-18,PRD-06,Jawa Tengah,12,12000,0.0,144000
2025-09-18,PRD-06,Jawa Timur,8,12000,0.0,96000
2025-09-18,PRD-06,Jabodetabek,19,12000,10.0,205200
2025-09-18,PRD-07,DI Yogyakarta,6,32000,15.0,163200
2025-09-18,PRD-07,Jawa Tengah,3,32000,0.0,96000
2025-09-18,PRD-07,Jawa Timur,3,32000,0.0,96000
2025-09-18,PRD-07,Jabodetabek,7,32000,10.0,201600
2025-09-18,PRD-08,DI Yogyakarta,9,14000,10.0,113400
2025-09-18,PRD-08,Jawa Tengah,3,14000,0.0,42000
2025-09-18,PRD-08,Jawa Timur,5,14000,5.0,66500
2025-09-18,PRD-08,Jabodetabek,12,14000,0.0,168000
2025-09-19,PRD-01,DI Yogyakarta,9,28000,0.0,252000
2025-09-19,PRD-01,Jawa Tengah,19,28000,0.0,532000
2025-09-19,PRD-01,Jawa Timur,9,28000,0.0,252000
2025-09-19,PRD-01,Jabodetabek,9,28000,0.0,252000
2025-09-19,PRD-02,DI Yogyakarta,13,26000,0.0,338000
2025-09-19,PRD-02,Jawa Tengah,11,26000,0.0,286000
2025-09-19,PRD-02,Jawa Timur,7,26000,0.0,182000
2025-09-19,PRD-02,Jabodetabek,11,26000,10.0,257400
2025-09-19,PRD-03,DI Yogyakarta,12,25000,0.0,300000
2025-09-19,PRD-03,Jawa Tengah,10,25000,5.0,237500
2025-09-19,PRD-03,Jawa Timur,5,25000,0.0,125000
2025-09-19,PRD-03,Jabodetabek,8,25000,0.0,200000
2025-09-19,PRD-04,DI Yogyakarta,21,15000,0.0,315000
2025-09-19,PRD-04,Jawa Tengah,13,15000,0.0,195000
2025-09-19,PRD-04,Jawa Timur,13,15000,10.0,175500
2025-09-19,PRD-04,Jabodetabek,26,15000,0.0,390000
2025-09-19,PRD-05,DI Yogyakarta,12,18000,0.0,216000
2025-09-19,PRD-05,Jawa Tengah,8,18000,10.0,129600
2025-09-19,PRD-05,Jawa Timur,4,18000,0.0,72000
2025-09-19,PRD-05,Jabodetabek,7,18000,0.0,126000
2025-09-19,PRD-06,DI Yogyakarta,22,12000,0.0,264000
2025-09-19,PRD-06,Jawa Tengah,12,12000,0.0,144000
2025-09-19,PRD-06,Jawa Timur,7,12000,10.0,75600
2025-09-19,PRD-06,Jabodetabek,18,12000,5.0,205200
2025-09-19,PRD-07,DI Yogyakarta,4,32000,0.0,128000
2025-09-19,PRD-07,Jawa Tengah,6,32000,0.0,192000
2025-09-19,PRD-07,Jawa Timur,3,32000,0.0,96000
2025-09-19,PRD-07,Jabodetabek,9,32000,15.0,244800
2025-09-19,PRD-08,DI Yogyakarta,10,14000,0.0,140000
2025-09-19,PRD-08,Jawa Tengah,4,14000,0.0,56000
2025-09-19,PRD-08,Jawa Timur,1,14000,5.0,13300
2025-09-19,PRD-08,Jabodetabek,9,14000,0.0,126000
2025-09-20,PRD-01,DI Yogyakarta,23,28000,10.0,579600
2025-09-20,PRD-01,Jawa Tengah,22,28000,0.0,616000
2025-09-20,PRD-01,Jawa Timur,12,28000,5.0,319200
2025-09-20,PRD-01,Jabodetabek,18,28000,0.0,504000
2025-09-20,PRD-02,DI Yogyakarta,13,26000,0.0,338000
2025-09-20,PRD-02,Jawa Tengah,15,26000,0.0,390000
2025-09-20,PRD-02,Jawa Timur,10,26000,0.0,260000
2025-09-20,PRD-02,Jabodetabek,16,26000,0.0,416000
2025-09-20,PRD-03,DI Yogyakarta,12,25000,0.0,300000
2025-09-20,PRD-03,Jawa Tengah,9,25000,0.0,225000
2025-09-20,PRD-03,Jawa Timur,8,25000,10.0,180000
2025-09-20,PRD-03,Jabodetabek,11,25000,0.0,275000
2025-09-20,PRD-04,DI Yogyakarta,31,15000,0.0,465000
2025-09-20,PRD-04,Jawa Tengah,25,15000,10.0,337500
2025-09-20,PRD-04,Jawa Timur,20,15000,0.0,300000
2025-09-20,PRD-04,Jabodetabek,26,15000,0.0,390000
2025-09-20,PRD-05,DI Yogyakarta,9,18000,0.0,162000
2025-09-20,PRD-05,Jawa Tengah,4,18000,0.0,72000
2025-09-20,PRD-05,Jawa Timur,5,18000,0.0,90000
2025-09-20,PRD-05,Jabodetabek,7,18000,0.0,126000
2025-09-20,PRD-06,DI Yogyakarta,19,12000,0.0,228000
2025-09-20,PRD-06,Jawa Tengah,18,12000,5.0,205200
2025-09-20,PRD-06,Jawa Timur,10,12000,0.0,120000
2025-09-20,PRD-06,Jabodetabek,28,12000,0.0,336000
2025-09-20,PRD-07,DI Yogyakarta,8,32000,0.0,256000
2025-09-20,PRD-07,Jawa Tengah,9,32000,0.0,288000
2025-09-20,PRD-07,Jawa Timur,4,32000,0.0,128000
2025-09-20,PRD-07,Jabodetabek,6,32000,0.0,192000
2025-09-20,PRD-08,DI Yogyakarta,17,14000,0.0,238000
2025-09-20,PRD-08,Jawa Tengah,11,14000,0.0,154000
2025-09-20,PRD-08,Jawa Timur,5,14000,5.0,66500
2025-09-20,PRD-08,Jabodetabek,14,14000,0.0,196000
2025-09-21,PRD-01,DI Yogyakarta,19,28000,10.0,478800
2025-09-21,PRD-01,Jawa Tengah,17,28000,0.0,476000
2025-09-21,PRD-01,Jawa Timur,13,28000,0.0,364000
2025-09-21,PRD-01,Jabodetabek,27,28000,5.0,718200
2025-09-21,PRD-02,DI Yogyakarta,14,26000,0.0,364000
2025-09-21,PRD-02,Jawa Tengah,14,26000,0.0,364000
2025-09-21,PRD-02,Jawa Timur,9,26000,0.0,234000
2025-09-21,PRD-02,Jabodetabek,23,26000,0.0,598000
2025-09-21,PRD-03,DI Yogyakarta,15,25000,0.0,375000
2025-09-21,PRD-03,Jawa Tengah,10,25000,5.0,237500
2025-09-21,PRD-03,Jawa Timur,3,25000,0.0,75000
2025-09-21,PRD-03,Jabodetabek,2,25000,0.0,50000
2025-09-21,PRD-04,DI Yogyakarta,29,15000,0.0,435000
2025-09-21,PRD-04,Jawa Tengah,27,15000,0.0,405000
2025-09-21,PRD-04,Jawa Timur,18,15000,0.0,270000
2025-09-21,PRD-04,Jabodetabek,24,15000,0.0,360000
2025-09-21,PRD-05,DI Yogyakarta,4,18000,0.0,72000
2025-09-21,PRD-05,Jawa Tengah,3,18000,5.0,51300
2025-09-21,PRD-05,Jawa Timur,3,18000,0.0,54000
2025-09-21,PRD-05,Jabodetabek,8,18000,0.0,144000
2025-09-21,PRD-06,DI Yogyakarta,21,12000,5.0,239400
2025-09-21,PRD-06,Jawa Tengah,28,12000,0.0,336000
2025-09-21,PRD-06,Jawa Timur,20,12000,5.0,228000
2025-09-21,PRD-06,Jabodetabek,14,12000,0.0,168000
2025-09-21,PRD-07,DI Yogyakarta,5,32000,0.0,160000
2025-09-21,PRD-07,Jawa Tengah,8,32000,5.0,243200
2025-09-21,PRD-07,Jawa Timur,4,32000,5.0,121600
2025-09-21,PRD-07,Jabodetabek,7,32000,0.0,224000
2025-09-21,PRD-08,DI Yogyakarta,12,14000,0.0,168000
2025-09-21,PRD-08,Jawa Tengah,14,14000,0.0,196000
2025-09-21,PRD-08,Jawa Timur,11,14000,0.0,154000
2025-09-21,PRD-08,Jabodetabek,12,14000,0.0,168000
2025-09-22,PRD-01,DI Yogyakarta,20,28000,0.0,560000
2025-09-22,PRD-01,Jawa Tengah,9,28000,0.0,252000
2025-09-22,PRD-01,Jawa Timur,6,28000,0.0,168000
2025-09-22,PRD-01,Jabodetabek,13,28000,0.0,364000
2025-09-22,PRD-02,DI Yogyakarta,7,26000,0.0,182000
2025-09-22,PRD-02,Jawa Tengah,7,26000,0.0,182000
2025-09-22,PRD-02,Jawa Timur,9,26000,0.0,234000
2025-09-22,PRD-02,Jabodetabek,13,26000,0.0,338000
2025-09-22,PRD-03,DI Yogyakarta,10,25000,5.0,237500
2025-09-22,PRD-03,Jawa Tengah,3,25000,0.0,75000
2025-09-22,PRD-03,Jawa Timur,5,25000,0.0,125000
2025-09-22,PRD-03,Jabodetabek,6,25000,0.0,150000
2025-09-22,PRD-04,DI Yogyakarta,19,15000,0.0,285000
2025-09-22,PRD-04,Jawa Tengah,17,15000,5.0,242250
2025-09-22,PRD-04,Jawa Timur,13,15000,0.0,195000
2025-09-22,PRD-04,Jabodetabek,22,15000,0.0,330000
2025-09-22,PRD-05,DI Yogyakarta,9,18000,0.0,162000
2025-09-22,PRD-05,Jawa Tengah,4,18000,0.0,72000
2025-09-22,PRD-05,Jawa Timur,2,18000,0.0,36000
2025-09-22,PRD-05,Jabodetabek,2,18000,5.0,34200
2025-09-22,PRD-06,DI Yogyakarta,16,12000,5.0,182400
2025-09-22,PRD-06,Jawa Tengah,11,12000,0.0,132000
2025-09-22,PRD-06,Jawa Timur,14,12000,0.0,168000
2025-09-22,PRD-06,Jabodetabek,9,12000,5.0,102600
2025-09-22,PRD-07,DI Yogyakarta,9,32000,0.0,288000
2025-09-22,PRD-07,Jawa Tengah,5,32000,5.0,152000
2025-09-22,PRD-07,Jawa Timur,3,32000,0.0,96000
2025-09-22,PRD-07,Jabodetabek,5,32000,0.0,160000
2025-09-22,PRD-08,DI Yogyakarta,12,14000,0.0,168000
2025-09-22,PRD-08,Jawa Tengah,7,14000,0.0,98000
2025-09-22,PRD-08,Jawa Timur,6,14000,5.0,79800
2025-09-22,PRD-08,Jabodetabek,9,14000,5.0,119700
2025-09-23,PRD-01,DI Yogyakarta,17,28000,0.0,476000
2025-09-23,PRD-01,Jawa Tengah,13,28000,0.0,364000
2025-09-23,PRD-01,Jawa Timur,12,28000,0.0,336000
2025-09-23,PRD-01,Jabodetabek,8,28000,10.0,201600
2025-09-23,PRD-02,DI Yogyakarta,19,26000,0.0,494000
2025-09-23,PRD-02,Jawa Tengah,9,26000,0.0,234000
2025-09-23,PRD-02,Jawa Timur,5,26000,0.0,130000
2025-09-23,PRD-02,Jabodetabek,7,26000,0.0,182000
2025-09-23,PRD-03,DI Yogyakarta,7,25000,0.0,175000
2025-09-23,PRD-03,Jawa Tengah,6,25000,0.0,150000
2025-09-23,PRD-03,Jawa Timur,1,25000,5.0,23750
2025-09-23,PRD-03,Jabodetabek,5,25000,0.0,125000
2025-09-23,PRD-04,DI Yogyakarta,19,15000,0.0,285000
2025-09-23,PRD-04,Jawa Tengah,21,15000,0.0,315000
2025-09-23,PRD-04,Jawa Timur,17,15000,0.0,255000
2025-09-23,PRD-04,Jabodetabek,11,15000,0.0,165000
2025-09-23,PRD-05,DI Yogyakarta,8,18000,0.0,144000
2025-09-23,PRD-05,Jawa Tengah,3,18000,10.0,48600
2025-09-23,PRD-05,Jawa Timur,4,18000,0.0,72000
2025-09-23,PRD-05,Jabodetabek,3,18000,0.0,54000
2025-09-23,PRD-06,DI Yogyakarta,13,12000,0.0,156000
2025-09-23,PRD-06,Jawa Tengah,10,12000,0.0,120000
2025-09-23,PRD-06,Jawa Timur,11,12000,0.0,132000
2025-09-23,PRD-06,Jabodetabek,10,12000,0.0,120000
2025-09-23,PRD-07,DI Yogyakarta,10,32000,0.0,320000
2025-09-23,PRD-07,Jawa Tengah,6,32000,10.0,172800
2025-09-23,PRD-07,Jawa Timur,2,32000,0.0,64000
2025-09-23,PRD-07,Jabodetabek,10,32000,0.0,320000
2025-09-23,PRD-08,DI Yogyakarta,9,14000,0.0,126000
2025-09-23,PRD-08,Jawa Tengah,5,14000,0.0,70000
2025-09-23,PRD-08,Jawa Timur,6,14000,5.0,79800
2025-09-23,PRD-08,Jabodetabek,11,14000,0.0,154000
2025-09-24,PRD-01,DI Yogyakarta,14,28000,0.0,392000
2025-09-24,PRD-01,Jawa Tengah,8,28000,0.0,224000
2025-09-24,PRD-01,Jawa Timur,11,28000,0.0,308000
2025-09-24,PRD-01,Jabodetabek,18,28000,10.0,453600
2025-09-24,PRD-02,DI Yogyakarta,11,26000,0.0,286000
2025-09-24,PRD-02,Jawa Tengah,11,26000,5.0,271700
2025-09-24,PRD-02,Jawa Timur,7,26000,0.0,182000
2025-09-24,PRD-02,Jabodetabek,13,26000,0.0,338000
2025-09-24,PRD-03,DI Yogyakarta,13,25000,0.0,325000
2025-09-24,PRD-03,Jawa Tengah,11,25000,5.0,261250
2025-09-24,PRD-03,Jawa Timur,3,25000,5.0,71250
2025-09-24,PRD-03,Jabodetabek,6,25000,0.0,150000
2025-09-24,PRD-04,DI Yogyakarta,18,15000,0.0,270000
2025-09-24,PRD-04,Jawa Tengah,21,15000,0.0,315000
2025-09-24,PRD-04,Jawa Timur,11,15000,0.0,165000
2025-09-24,PRD-04,Jabodetabek,18,15000,0.0,270000
2025-09-24,PRD-05,DI Yogyakarta,15,18000,0.0,270000
2025-09-24,PRD-05,Jawa Tengah,5,18000,0.0,90000
2025-09-24,PRD-05,Jawa Timur,5,18000,0.0,90000
2025-09-24,PRD-05,Jabodetabek,5,18000,5.0,85500
2025-09-24,PRD-06,DI Yogyakarta,23,12000,10.0,248400
2025-09-24,PRD-06,Jawa Tengah,15,12000,0.0,180000
2025-09-24,PRD-06,Jawa Timur,11,12000,15.0,112200
2025-09-24,PRD-06,Jabodetabek,16,12000,0.0,192000
2025-09-24,PRD-07,DI Yogyakarta,4,32000,0.0,128000
2025-09-24,PRD-07,Jawa Tengah,2,32000,0.0,64000
2025-09-24,PRD-07,Jawa Timur,0,32000,0.0,0
2025-09-24,PRD-07,Jabodetabek,3,32000,5.0,91200
2025-09-24,PRD-08,DI Yogyakarta,9,14000,0.0,126000
2025-09-24,PRD-08,Jawa Tengah,4,14000,0.0,56000
2025-09-24,PRD-08,Jawa Timur,2,14000,0.0,28000
2025-09-24,PRD-08,Jabodetabek,5,14000,0.0,70000
2025-09-25,PRD-01,DI Yogyakarta,15,28000,0.0,420000
2025-09-25,PRD-01,Jawa Tengah,8,28000,0.0,224000
2025-09-25,PRD-01,Jawa Timur,6,28000,0.0,168000
2025-09-25,PRD-01,Jabodetabek,16,28000,0.0,448000
2025-09-25,PRD-02,DI Yogyakarta,9,26000,0.0,234000
2025-09-25,PRD-02,Jawa Tengah,10,26000,0.0,260000
2025-09-25,PRD-02,Jawa Timur,4,26000,0.0,104000
2025-09-25,PRD-02,Jabodetabek,15,26000,0.0,390000
2025-09-25,PRD-03,DI Yogyakarta,9,25000,0.0,225000
2025-09-25,PRD-03,Jawa Tengah,3,25000,5.0,71250
2025-09-25,PRD-03,Jawa Timur,2,25000,0.0,50000
2025-09-25,PRD-03,Jabodetabek,3,25000,0.0,75000
2025-09-25,PRD-04,DI Yogyakarta,32,15000,0.0,480000
2025-09-25,PRD-04,Jawa Tengah,17,15000,0.0,255000
2025-09-25,PRD-04,Jawa Timur,15,15000,5.0,213750
2025-09-25,PRD-04,Jabodetabek,20,15000,0.0,300000
2025-09-25,PRD-05,DI Yogyakarta,6,18000,5.0,102600
2025-09-25,PRD-05,Jawa Tengah,5,18000,0.0,90000
2025-09-25,PRD-05,Jawa Timur,8,18000,10.0,129600
2025-09-25,PRD-05,Jabodetabek,7,18000,0.0,126000
2025-09-25,PRD-06,DI Yogyakarta,18,12000,0.0,216000
2025-09-25,PRD-06,Jawa Tengah,12,12000,0.0,144000
2025-09-25,PRD-06,Jawa Timur,10,12000,0.0,120000
2025-09-25,PRD-06,Jabodetabek,23,12000,0.0,276000
2025-09-25,PRD-07,DI Yogyakarta,5,32000,5.0,152000
2025-09-25,PRD-07,Jawa Tengah,5,32000,15.0,136000
2025-09-25,PRD-07,Jawa Timur,2,32000,0.0,64000
2025-09-25,PRD-07,Jabodetabek,2,32000,0.0,64000
2025-09-25,PRD-08,DI Yogyakarta,11,14000,0.0,154000
2025-09-25,PRD-08,Jawa Tengah,10,14000,0.0,140000
2025-09-25,PRD-08,Jawa Timur,12,14000,0.0,168000
2025-09-25,PRD-08,Jabodetabek,15,14000,0.0,210000
2025-09-26,PRD-01,DI Yogyakarta,19,28000,0.0,532000
2025-09-26,PRD-01,Jawa Tengah,10,28000,0.0,280000
2025-09-26,PRD-01,Jawa Timur,9,28000,0.0,252000
2025-09-26,PRD-01,Jabodetabek,13,28000,10.0,327600
2025-09-26,PRD-02,DI Yogyakarta,7,26000,0.0,182000
2025-09-26,PRD-02,Jawa Tengah,13,26000,0.0,338000
2025-09-26,PRD-02,Jawa Timur,9,26000,0.0,234000
2025-09-26,PRD-02,Jabodetabek,5,26000,0.0,130000
2025-09-26,PRD-03,DI Yogyakarta,7,25000,0.0,175000
2025-09-26,PRD-03,Jawa Tengah,5,25000,0.0,125000
2025-09-26,PRD-03,Jawa Timur,1,25000,0.0,25000
2025-09-26,PRD-03,Jabodetabek,4,25000,0.0,100000
2025-09-26,PRD-04,DI Yogyakarta,23,15000,0.0,345000
2025-09-26,PRD-04,Jawa Tengah,20,15000,0.0,300000
2025-09-26,PRD-04,Jawa Timur,13,15000,10.0,175500
2025-09-26,PRD-04,Jabodetabek,11,15000,0.0,165000
2025-09-26,PRD-05,DI Yogyakarta,10,18000,0.0,180000
2025-09-26,PRD-05,Jawa Tengah,6,18000,0.0,108000
2025-09-26,PRD-05,Jawa Timur,1,18000,0.0,18000
2025-09-26,PRD-05,Jabodetabek,5,18000,10.0,81000
2025-09-26,PRD-06,DI Yogyakarta,24,12000,0.0,288000
2025-09-26,PRD-06,Jawa Tengah,11,12000,10.0,118800
2025-09-26,PRD-06,Jawa Timur,13,12000,0.0,156000
2025-09-26,PRD-06,Jabodetabek,19,12000,0.0,228000
2025-09-26,PRD-07,DI Yogyakarta,6,32000,0.0,192000
2025-09-26,PRD-07,Jawa Tengah,2,32000,0.0,64000
2025-09-26,PRD-07,Jawa Timur,2,32000,15.0,54400
2025-09-26,PRD-07,Jabodetabek,5,32000,0.0,160000
2025-09-26,PRD-08,DI Yogyakarta,8,14000,0.0,112000
2025-09-26,PRD-08,Jawa Tengah,8,14000,10.0,100800
2025-09-26,PRD-08,Jawa Timur,5,14000,0.0,70000
2025-09-26,PRD-08,Jabodetabek,11,14000,0.0,154000
2025-09-27,PRD-01,DI Yogyakarta,30,28000,0.0,840000
2025-09-27,PRD-01,Jawa Tengah,16,28000,0.0,448000
2025-09-27,PRD-01,Jawa Timur,13,28000,0.0,364000
2025-09-27,PRD-01,Jabodetabek,17,28000,0.0,476000
2025-09-27,PRD-02,DI Yogyakarta,19,26000,0.0,494000
2025-09-27,PRD-02,Jawa Tengah,14,26000,0.0,364000
2025-09-27,PRD-02,Jawa Timur,7,26000,0.0,182000
2025-09-27,PRD-02,Jabodetabek,17,26000,0.0,442000
2025-09-27,PRD-03,DI Yogyakarta,11,25000,15.0,233750
2025-09-27,PRD-03,Jawa Tengah,8,25000,0.0,200000
2025-09-27,PRD-03,Jawa Timur,7,25000,0.0,175000
2025-09-27,PRD-03,Jabodetabek,4,25000,0.0,100000
2025-09-27,PRD-04,DI Yogyakarta,39,15000,0.0,585000
2025-09-27,PRD-04,Jawa Tengah,17,15000,0.0,255000
2025-09-27,PRD-04,Jawa Timur,11,15000,5.0,156750
2025-09-27,PRD-04,Jabodetabek,33,15000,0.0,495000
2025-09-27,PRD-05,DI Yogyakarta,14,18000,0.0,252000
2025-09-27,PRD-05,Jawa Tengah,6,18000,0.0,108000
2025-09-27,PRD-05,Jawa Timur,4,18000,5.0,68400
2025-09-27,PRD-05,Jabodetabek,5,18000,0.0,90000
2025-09-27,PRD-06,DI Yogyakarta,26,12000,0.0,312000
2025-09-27,PRD-06,Jawa Tengah,15,12000,0.0,180000
2025-09-27,PRD-06,Jawa Timur,19,12000,0.0,228000
2025-09-27,PRD-06,Jabodetabek,27,12000,0.0,324000
2025-09-27,PRD-07,DI Yogyakarta,10,32000,0.0,320000
2025-09-27,PRD-07,Jawa Tengah,5,32000,0.0,160000
2025-09-27,PRD-07,Jawa Timur,2,32000,15.0,54400
2025-09-27,PRD-07,Jabodetabek,7,32000,0.0,224000
2025-09-27,PRD-08,DI Yogyakarta,10,14000,0.0,140000
2025-09-27,PRD-08,Jawa Tengah,6,14000,0.0,84000
2025-09-27,PRD-08,Jawa Timur,6,14000,0.0,84000
2025-09-27,PRD-08,Jabodetabek,10,14000,0.0,140000
2025-09-28,PRD-01,DI Yogyakarta,29,28000,10.0,730800
2025-09-28,PRD-01,Jawa Tengah,14,28000,0.0,392000
2025-09-28,PRD-01,Jawa Timur,13,28000,10.0,327600
2025-09-28,PRD-01,Jabodetabek,24,28000,5.0,638400
2025-09-28,PRD-02,DI Yogyakarta,14,26000,0.0,364000
2025-09-28,PRD-02,Jawa Tengah,15,26000,10.0,351000
2025-09-28,PRD-02,Jawa Timur,5,26000,0.0,130000
2025-09-28,PRD-02,Jabodetabek,15,26000,0.0,390000
2025-09-28,PRD-03,DI Yogyakarta,15,25000,0.0,375000
2025-09-28,PRD-03,Jawa Tengah,6,25000,0.0,150000
2025-09-28,PRD-03,Jawa Timur,7,25000,0.0,175000
2025-09-28,PRD-03,Jabodetabek,14,25000,0.0,350000
2025-09-28,PRD-04,DI Yogyakarta,34,15000,0.0,510000
2025-09-28,PRD-04,Jawa Tengah,29,15000,10.0,391500
2025-09-28,PRD-04,Jawa Timur,15,15000,0.0,225000
2025-09-28,PRD-04,Jabodetabek,16,15000,5.0,228000
2025-09-28,PRD-05,DI Yogyakarta,17,18000,10.0,275400
2025-09-28,PRD-05,Jawa Tengah,7,18000,0.0,126000
2025-09-28,PRD-05,Jawa Timur,2,18000,15.0,30600
2025-09-28,PRD-05,Jabodetabek,4,18000,0.0,72000
2025-09-28,PRD-06,DI Yogyakarta,24,12000,0.0,288000
2025-09-28,PRD-06,Jawa Tengah,17,12000,0.0,204000
2025-09-28,PRD-06,Jawa Timur,16,12000,10.0,172800
2025-09-28,PRD-06,Jabodetabek,19,12000,0.0,228000
2025-09-28,PRD-07,DI Yogyakarta,8,32000,0.0,256000
2025-09-28,PRD-07,Jawa Tengah,4,32000,5.0,121600
2025-09-28,PRD-07,Jawa Timur,1,32000,0.0,32000
2025-09-28,PRD-07,Jabodetabek,13,32000,0.0,416000
2025-09-28,PRD-08,DI Yogyakarta,16,14000,0.0,224000
2025-09-28,PRD-08,Jawa Tengah,8,14000,10.0,100800
2025-09-28,PRD-08,Jawa Timur,4,14000,0.0,56000
2025-09-28,PRD-08,Jabodetabek,12,14000,0.0,168000
2025-09-29,PRD-01,DI Yogyakarta,22,28000,0.0,616000
2025-09-29,PRD-01,Jawa Tengah,15,28000,0.0,420000
2025-09-29,PRD-01,Jawa Timur,10,28000,10.0,252000
2025-09-29,PRD-01,Jabodetabek,15,28000,0.0,420000
2025-09-29,PRD-02,DI Yogyakarta,13,26000,0.0,338000
2025-09-29,PRD-02,Jawa Tengah,12,26000,0.0,312000
2025-09-29,PRD-02,Jawa Timur,8,26000,10.0,187200
2025-09-29,PRD-02,Jabodetabek,14,26000,0.0,364000
2025-09-29,PRD-03,DI Yogyakarta,6,25000,5.0,142500
2025-09-29,PRD-03,Jawa Tengah,6,25000,5.0,142500
2025-09-29,PRD-03,Jawa Timur,9,25000,0.0,225000
2025-09-29,PRD-03,Jabodetabek,4,25000,0.0,100000
2025-09-29,PRD-04,DI Yogyakarta,26,15000,5.0,370500
2025-09-29,PRD-04,Jawa Tengah,16,15000,0.0,240000
2025-09-29,PRD-04,Jawa Timur,8,15000,0.0,120000
2025-09-29,PRD-04,Jabodetabek,15,15000,0.0,225000
2025-09-29,PRD-05,DI Yogyakarta,5,18000,0.0,90000
2025-09-29,PRD-05,Jawa Tengah,2,18000,0.0,36000
2025-09-29,PRD-05,Jawa Timur,4,18000,0.0,72000
2025-09-29,PRD-05,Jabodetabek,4,18000,0.0,72000
2025-09-29,PRD-06,DI Yogyakarta,19,12000,0.0,228000
2025-09-29,PRD-06,Jawa Tengah,18,12000,0.0,216000
2025-09-29,PRD-06,Jawa Timur,8,12000,10.0,86400
2025-09-29,PRD-06,Jabodetabek,15,12000,0.0,180000
2025-09-29,PRD-07,DI Yogyakarta,9,32000,0.0,288000
2025-09-29,PRD-07,Jawa Tengah,1,32000,0.0,32000
2025-09-29,PRD-07,Jawa Timur,8,32000,0.0,256000
2025-09-29,PRD-07,Jabodetabek,5,32000,0.0,160000
2025-09-29,PRD-08,DI Yogyakarta,3,14000,0.0,42000
2025-09-29,PRD-08,Jawa Tengah,11,14000,10.0,138600
2025-09-29,PRD-08,Jawa Timur,5,14000,0.0,70000
2025-09-29,PRD-08,Jabodetabek,6,14000,0.0,84000
2025-09-30,PRD-01,DI Yogyakarta,16,28000,5.0,425600
2025-09-30,PRD-01,Jawa Tengah,12,28000,0.0,336000
2025-09-30,PRD-01,Jawa Timur,6,28000,10.0,151200
2025-09-30,PRD-01,Jabodetabek,20,28000,0.0,560000
2025-09-30,PRD-02,DI Yogyakarta,9,26000,0.0,234000
2025-09-30,PRD-02,Jawa Tengah,9,26000,0.0,234000
2025-09-30,PRD-02,Jawa Timur,7,26000,10.0,163800
2025-09-30,PRD-02,Jabodetabek,16,26000,5.0,395200
2025-09-30,PRD-03,DI Yogyakarta,7,25000,0.0,175000
2025-09-30,PRD-03,Jawa Tengah,7,25000,0.0,175000
2025-09-30,PRD-03,Jawa Timur,8,25000,0.0,200000
2025-09-30,PRD-03,Jabodetabek,7,25000,0.0,175000
2025-09-30,PRD-04,DI Yogyakarta,18,15000,5.0,256500
2025-09-30,PRD-04,Jawa Tengah,12,15000,10.0,162000
2025-09-30,PRD-04,Jawa Timur,8,15000,0.0,120000
2025-09-30,PRD-04,Jabodetabek,19,15000,0.0,285000
2025-09-30,PRD-05,DI Yogyakarta,6,18000,0.0,108000
2025-09-30,PRD-05,Jawa Tengah,3,18000,0.0,54000
2025-09-30,PRD-05,Jawa Timur,3,18000,10.0,48600
2025-09-30,PRD-05,Jabodetabek,4,18000,0.0,72000
2025-09-30,PRD-06,DI Yogyakarta,10,12000,0.0,120000
2025-09-30,PRD-06,Jawa Tengah,12,12000,5.0,136800
2025-09-30,PRD-06,Jawa Timur,14,12000,0.0,168000
2025-09-30,PRD-06,Jabodetabek,13,12000,0.0,156000
2025-09-30,PRD-07,DI Yogyakarta,7,32000,0.0,224000
2025-09-30,PRD-07,Jawa Tengah,2,32000,0.0,64000
2025-09-30,PRD-07,Jawa Timur,4,32000,0.0,128000
2025-09-30,PRD-07,Jabodetabek,2,32000,0.0,64000
2025-09-30,PRD-08,DI Yogyakarta,10,14000,0.0,140000
2025-09-30,PRD-08,Jawa Tengah,2,14000,0.0,28000
2025-09-30,PRD-08,Jawa Timur,1,14000,0.0,14000
2025-09-30,PRD-08,Jabodetabek,5,14000,0.0,70000
2025-10-01,PRD-01,DI Yogyakarta,22,28000,0.0,616000
2025-10-01,PRD-01,Jawa Tengah,16,28000,0.0,448000
2025-10-01,PRD-01,Jawa Timur,9,28000,0.0,252000
2025-10-01,PRD-01,Jabodetabek,14,28000,0.0,392000
2025-10-01,PRD-02,DI Yogyakarta,8,26000,0.0,208000
2025-10-01,PRD-02,Jawa Tengah,5,26000,0.0,130000
2025-10-01,PRD-02,Jawa Timur,9,26000,0.0,234000
2025-10-01,PRD-02,Jabodetabek,5,26000,0.0,130000
2025-10-01,PRD-03,DI Yogyakarta,5,25000,0.0,125000
2025-10-01,PRD-03,Jawa Tengah,4,25000,0.0,100000
2025-10-01,PRD-03,Jawa Timur,5,25000,15.0,106250
2025-10-01,PRD-03,Jabodetabek,4,25000,0.0,100000
2025-10-01,PRD-04,DI Yogyakarta,27,15000,0.0,405000
2025-10-01,PRD-04,Jawa Tengah,14,15000,0.0,210000
2025-10-01,PRD-04,Jawa Timur,10,15000,0.0,150000
2025-10-01,PRD-04,Jabodetabek,18,15000,15.0,229500
2025-10-01,PRD-05,DI Yogyakarta,6,18000,0.0,108000
2025-10-01,PRD-05,Jawa Tengah,7,18000,0.0,126000
2025-10-01,PRD-05,Jawa Timur,5,18000,0.0,90000
2025-10-01,PRD-05,Jabodetabek,4,18000,0.0,72000
2025-10-01,PRD-06,DI Yogyakarta,18,12000,5.0,205200
2025-10-01,PRD-06,Jawa Tengah,18,12000,0.0,216000
2025-10-01,PRD-06,Jawa Timur,3,12000,0.0,36000
2025-10-01,PRD-06,Jabodetabek,17,12000,0.0,204000
2025-10-01,PRD-07,DI Yogyakarta,12,32000,10.0,345600
2025-10-01,PRD-07,Jawa Tengah,3,32000,0.0,96000
2025-10-01,PRD-07,Jawa Timur,1,32000,0.0,32000
2025-10-01,PRD-07,Jabodetabek,3,32000,0.0,96000
2025-10-01,PRD-08,DI Yogyakarta,14,14000,0.0,196000
2025-10-01,PRD-08,Jawa Tengah,11,14000,0.0,154000
2025-10-01,PRD-08,Jawa Timur,6,14000,10.0,75600
2025-10-01,PRD-08,Jabodetabek,7,14000,0.0,98000
2025-10-02,PRD-01,DI Yogyakarta,23,28000,0.0,644000
2025-10-02,PRD-01,Jawa Tengah,17,28000,0.0,476000
2025-10-02,PRD-01,Jawa Timur,14,28000,0.0,392000
2025-10-02,PRD-01,Jabodetabek,14,28000,0.0,392000
2025-10-02,PRD-02,DI Yogyakarta,11,26000,5.0,271700
2025-10-02,PRD-02,Jawa Tengah,5,26000,15.0,110500
2025-10-02,PRD-02,Jawa Timur,6,26000,0.0,156000
2025-10-02,PRD-02,Jabodetabek,8,26000,0.0,208000
2025-10-02,PRD-03,DI Yogyakarta,11,25000,0.0,275000
2025-10-02,PRD-03,Jawa Tengah,3,25000,0.0,75000
2025-10-02,PRD-03,Jawa Timur,5,25000,10.0,112500
2025-10-02,PRD-03,Jabodetabek,4,25000,0.0,100000
2025-10-02,PRD-04,DI Yogyakarta,27,15000,0.0,405000
2025-10-02,PRD-04,Jawa Tengah,13,15000,0.0,195000
2025-10-02,PRD-04,Jawa Timur,13,15000,0.0,195000
2025-10-02,PRD-04,Jabodetabek,19,15000,0.0,285000
2025-10-02,PRD-05,DI Yogyakarta,7,18000,0.0,126000
2025-10-02,PRD-05,Jawa Tengah,5,18000,0.0,90000
2025-10-02,PRD-05,Jawa Timur,2,18000,0.0,36000
2025-10-02,PRD-05,Jabodetabek,5,18000,0.0,90000
2025-10-02,PRD-06,DI Yogyakarta,21,12000,15.0,214200
2025-10-02,PRD-06,Jawa Tengah,18,12000,0.0,216000
2025-10-02,PRD-06,Jawa Timur,13,12000,0.0,156000
2025-10-02,PRD-06,Jabodetabek,12,12000,0.0,144000
2025-10-02,PRD-07,DI Yogyakarta,13,32000,0.0,416000
2025-10-02,PRD-07,Jawa Tengah,3,32000,5.0,91200
2025-10-02,PRD-07,Jawa Timur,3,32000,0.0,96000
2025-10-02,PRD-07,Jabodetabek,4,32000,10.0,115200
2025-10-02,PRD-08,DI Yogyakarta,4,14000,0.0,56000
2025-10-02,PRD-08,Jawa Tengah,5,14000,10.0,63000
2025-10-02,PRD-08,Jawa Timur,7,14000,0.0,98000
2025-10-02,PRD-08,Jabodetabek,8,14000,0.0,112000
2025-10-03,PRD-01,DI Yogyakarta,25,28000,0.0,700000
2025-10-03,PRD-01,Jawa Tengah,17,28000,0.0,476000
2025-10-03,PRD-01,Jawa Timur,4,28000,0.0,112000
2025-10-03,PRD-01,Jabodetabek,18,28000,10.0,453600
2025-10-03,PRD-02,DI Yogyakarta,16,26000,0.0,416000
2025-10-03,PRD-02,Jawa Tengah,10,26000,0.0,260000
2025-10-03,PRD-02,Jawa Timur,8,26000,0.0,208000
2025-10-03,PRD-02,Jabodetabek,11,26000,10.0,257400
2025-10-03,PRD-03,DI Yogyakarta,9,25000,0.0,225000
2025-10-03,PRD-03,Jawa Tengah,6,25000,0.0,150000
2025-10-03,PRD-03,Jawa Timur,1,25000,0.0,25000
2025-10-03,PRD-03,Jabodetabek,8,25000,5.0,190000
2025-10-03,PRD-04,DI Yogyakarta,13,15000,0.0,195000
2025-10-03,PRD-04,Jawa Tengah,22,15000,10.0,297000
2025-10-03,PRD-04,Jawa Timur,11,15000,0.0,165000
2025-10-03,PRD-04,Jabodetabek,25,15000,0.0,375000
2025-10-03,PRD-05,DI Yogyakarta,7,18000,5.0,119700
2025-10-03,PRD-05,Jawa Tengah,3,18000,0.0,54000
2025-10-03,PRD-05,Jawa Timur,1,18000,0.0,18000
2025-10-03,PRD-05,Jabodetabek,2,18000,0.0,36000
2025-10-03,PRD-06,DI Yogyakarta,22,12000,10.0,237600
2025-10-03,PRD-06,Jawa Tengah,11,12000,0.0,132000
2025-10-03,PRD-06,Jawa Timur,8,12000,0.0,96000
2025-10-03,PRD-06,Jabodetabek,14,12000,0.0,168000
2025-10-03,PRD-07,DI Yogyakarta,5,32000,0.0,160000
2025-10-03,PRD-07,Jawa Tengah,3,32000,5.0,91200
2025-10-03,PRD-07,Jawa Timur,0,32000,10.0,0
2025-10-03,PRD-07,Jabodetabek,8,32000,0.0,256000
2025-10-03,PRD-08,DI Yogyakarta,10,14000,0.0,140000
2025-10-03,PRD-08,Jawa Tengah,8,14000,0.0,112000
2025-10-03,PRD-08,Jawa Timur,3,14000,0.0,42000
2025-10-03,PRD-08,Jabodetabek,10,14000,15.0,119000
2025-10-04,PRD-01,DI Yogyakarta,24,28000,0.0,672000
2025-10-04,PRD-01,Jawa Tengah,13,28000,5.0,345800
2025-10-04,PRD-01,Jawa Timur,15,28000,0.0,420000
2025-10-04,PRD-01,Jabodetabek,16,28000,0.0,448000
2025-10-04,PRD-02,DI Yogyakarta,15,26000,0.0,390000
2025-10-04,PRD-02,Jawa Tengah,12,26000,5.0,296400
2025-10-04,PRD-02,Jawa Timur,7,26000,15.0,154700
2025-10-04,PRD-02,Jabodetabek,17,26000,5.0,419900
2025-10-04,PRD-03,DI Yogyakarta,6,25000,0.0,150000
2025-10-04,PRD-03,Jawa Tengah,11,25000,0.0,275000
2025-10-04,PRD-03,Jawa Timur,9,25000,0.0,225000
2025-10-04,PRD-03,Jabodetabek,8,25000,0.0,200000
2025-10-04,PRD-04,DI Yogyakarta,25,15000,0.0,375000
2025-10-04,PRD-04,Jawa Tengah,21,15000,0.0,315000
2025-10-04,PRD-04,Jawa Timur,13,15000,0.0,195000
2025-10-04,PRD-04,Jabodetabek,21,15000,0.0,315000
2025-10-04,PRD-05,DI Yogyakarta,15,18000,0.0,270000
2025-10-04,PRD-05,Jawa Tengah,7,18000,0.0,126000
2025-10-04,PRD-05,Jawa Timur,1,18000,0.0,18000
2025-10-04,PRD-05,Jabodetabek,7,18000,0.0,126000
2025-10-04,PRD-06,DI Yogyakarta,24,12000,0.0,288000
2025-10-04,PRD-06,Jawa Tengah,13,12000,0.0,156000
2025-10-04,PRD-06,Jawa Timur,10,12000,0.0,120000
2025-10-04,PRD-06,Jabodetabek,23,12000,0.0,276000
2025-10-04,PRD-07,DI Yogyakarta,7,32000,10.0,201600
2025-10-04,PRD-07,Jawa Tengah,6,32000,0.0,192000
2025-10-04,PRD-07,Jawa Timur,2,32000,0.0,64000
2025-10-04,PRD-07,Jabodetabek,11,32000,0.0,352000
2025-10-04,PRD-08,DI Yogyakarta,6,14000,0.0,84000
2025-10-04,PRD-08,Jawa Tengah,9,14000,0.0,126000
2025-10-04,PRD-08,Jawa Timur,5,14000,0.0,70000
2025-10-04,PRD-08,Jabodetabek,11,14000,0.0,154000
2025-10-05,PRD-01,DI Yogyakarta,15,28000,0.0,420000
2025-10-05,PRD-01,Jawa Tengah,15,28000,0.0,420000
2025-10-05,PRD-01,Jawa Timur,10,28000,5.0,266000
2025-10-05,PRD-01,Jabodetabek,11,28000,0.0,308000
2025-10-05,PRD-02,DI Yogyakarta,15,26000,0.0,390000
2025-10-05,PRD-02,Jawa Tengah,14,26000,0.0,364000
2025-10-05,PRD-02,Jawa Timur,9,26000,0.0,234000
2025-10-05,PRD-02,Jabodetabek,20,26000,0.0,520000
2025-10-05,PRD-03,DI Yogyakarta,7,25000,15.0,148750
2025-10-05,PRD-03,Jawa Tengah,10,25000,10.0,225000
2025-10-05,PRD-03,Jawa Timur,7,25000,5.0,166250
2025-10-05,PRD-03,Jabodetabek,9,25000,0.0,225000
2025-10-05,PRD-04,DI Yogyakarta,25,15000,10.0,337500
2025-10-05,PRD-04,Jawa Tengah,18,15000,0.0,270000
2025-10-05,PRD-04,Jawa Timur,12,15000,0.0,180000
2025-10-05,PRD-04,Jabodetabek,30,15000,0.0,450000
2025-10-05,PRD-05,DI Yogyakarta,12,18000,0.0,216000
2025-10-05,PRD-05,Jawa Tengah,3,18000,0.0,54000
2025-10-05,PRD-05,Jawa Timur,8,18000,0.0,144000
2025-10-05,PRD-05,Jabodetabek,7,18000,0.0,126000
2025-10-05,PRD-06,DI Yogyakarta,22,12000,0.0,264000
2025-10-05,PRD-06,Jawa Tengah,16,12000,0.0,192000
2025-10-05,PRD-06,Jawa Timur,16,12000,0.0,192000
2025-10-05,PRD-06,Jabodetabek,14,12000,0.0,168000
2025-10-05,PRD-07,DI Yogyakarta,6,32000,0.0,192000
2025-10-05,PRD-07,Jawa Tengah,4,32000,10.0,115200
2025-10-05,PRD-07,Jawa Timur,4,32000,0.0,128000
2025-10-05,PRD-07,Jabodetabek,6,32000,0.0,192000
2025-10-05,PRD-08,DI Yogyakarta,11,14000,0.0,154000
2025-10-05,PRD-08,Jawa Tengah,6,14000,0.0,84000
2025-10-05,PRD-08,Jawa Timur,10,14000,0.0,140000
2025-10-05,PRD-08,Jabodetabek,10,14000,0.0,140000
2025-10-06,PRD-01,DI Yogyakarta,11,28000,0.0,308000
2025-10-06,PRD-01,Jawa Tengah,9,28000,0.0,252000
2025-10-06,PRD-01,Jawa Timur,10,28000,0.0,280000
2025-10-06,PRD-01,Jabodetabek,14,28000,0.0,392000
2025-10-06,PRD-02,DI Yogyakarta,20,26000,0.0,520000
2025-10-06,PRD-02,Jawa Tengah,10,26000,0.0,260000
2025-10-06,PRD-02,Jawa Timur,4,26000,0.0,104000
2025-10-06,PRD-02,Jabodetabek,7,26000,5.0,172900
2025-10-06,PRD-03,DI Yogyakarta,6,25000,5.0,142500
2025-10-06,PRD-03,Jawa Tengah,10,25000,10.0,225000
2025-10-06,PRD-03,Jawa Timur,4,25000,0.0,100000
2025-10-06,PRD-03,Jabodetabek,6,25000,10.0,135000
2025-10-06,PRD-04,DI Yogyakarta,22,15000,0.0,330000
2025-10-06,PRD-04,Jawa Tengah,13,15000,5.0,185250
2025-10-06,PRD-04,Jawa Timur,9,15000,0.0,135000
2025-10-06,PRD-04,Jabodetabek,16,15000,0.0,240000
2025-10-06,PRD-05,DI Yogyakarta,6,18000,5.0,102600
2025-10-06,PRD-05,Jawa Tengah,4,18000,0.0,72000
2025-10-06,PRD-05,Jawa Timur,4,18000,15.0,61200
2025-10-06,PRD-05,Jabodetabek,9,18000,0.0,162000
2025-10-06,PRD-06,DI Yogyakarta,16,12000,10.0,172800
2025-10-06,PRD-06,Jawa Tengah,10,12000,0.0,120000
2025-10-06,PRD-06,Jawa Timur,10,12000,0.0,120000
2025-10-06,PRD-06,Jabodetabek,18,12000,5.0,205200
2025-10-06,PRD-07,DI Yogyakarta,5,32000,0.0,160000
2025-10-06,PRD-07,Jawa Tengah,5,32000,0.0,160000
2025-10-06,PRD-07,Jawa Timur,4,32000,0.0,128000
2025-10-06,PRD-07,Jabodetabek,7,32000,0.0,224000
2025-10-06,PRD-08,DI Yogyakarta,7,14000,0.0,98000
2025-10-06,PRD-08,Jawa Tengah,10,14000,0.0,140000
2025-10-06,PRD-08,Jawa Timur,7,14000,15.0,83300
2025-10-06,PRD-08,Jabodetabek,10,14000,0.0,140000
2025-10-07,PRD-01,DI Yogyakarta,14,28000,0.0,392000
2025-10-07,PRD-01,Jawa Tengah,11,28000,0.0,308000
2025-10-07,PRD-01,Jawa Timur,8,28000,15.0,190400
2025-10-07,PRD-01,Jabodetabek,9,28000,5.0,239400
2025-10-07,PRD-02,DI Yogyakarta,14,26000,10.0,327600
2025-10-07,PRD-02,Jawa Tengah,11,26000,0.0,286000
2025-10-07,PRD-02,Jawa Timur,8,26000,0.0,208000
2025-10-07,PRD-02,Jabodetabek,9,26000,0.0,234000
2025-10-07,PRD-03,DI Yogyakarta,7,25000,0.0,175000
2025-10-07,PRD-03,Jawa Tengah,7,25000,0.0,175000
2025-10-07,PRD-03,Jawa Timur,8,25000,0.0,200000
2025-10-07,PRD-03,Jabodetabek,5,25000,0.0,125000
2025-10-07,PRD-04,DI Yogyakarta,33,15000,0.0,495000
2025-10-07,PRD-04,Jawa Tengah,13,15000,0.0,195000
2025-10-07,PRD-04,Jawa Timur,14,15000,5.0,199500
2025-10-07,PRD-04,Jabodetabek,21,15000,0.0,315000
2025-10-07,PRD-05,DI Yogyakarta,11,18000,5.0,188100
2025-10-07,PRD-05,Jawa Tengah,0,18000,0.0,0
2025-10-07,PRD-05,Jawa Timur,9,18000,5.0,153900
2025-10-07,PRD-05,Jabodetabek,4,18000,15.0,61200
2025-10-07,PRD-06,DI Yogyakarta,20,12000,0.0,240000
2025-10-07,PRD-06,Jawa Tengah,12,12000,0.0,144000
2025-10-07,PRD-06,Jawa Timur,9,12000,0.0,108000
2025-10-07,PRD-06,Jabodetabek,19,12000,0.0,228000
2025-10-07,PRD-07,DI Yogyakarta,12,32000,0.0,384000
2025-10-07,PRD-07,Jawa Tengah,2,32000,0.0,64000
2025-10-07,PRD-07,Jawa Timur,2,32000,0.0,64000
2025-10-07,PRD-07,Jabodetabek,5,32000,0.0,160000
2025-10-07,PRD-08,DI Yogyakarta,3,14000,10.0,37800
2025-10-07,PRD-08,Jawa Tengah,12,14000,0.0,168000
2025-10-07,PRD-08,Jawa Timur,6,14000,0.0,84000
2025-10-07,PRD-08,Jabodetabek,5,14000,10.0,63000
2025-10-08,PRD-01,DI Yogyakarta,14,28000,0.0,392000
2025-10-08,PRD-01,Jawa Tengah,21,28000,0.0,588000
2025-10-08,PRD-01,Jawa Timur,4,28000,0.0,112000
2025-10-08,PRD-01,Jabodetabek,15,28000,0.0,420000
2025-10-08,PRD-02,DI Yogyakarta,16,26000,0.0,416000
2025-10-08,PRD-02,Jawa Tengah,11,26000,0.0,286000
2025-10-08,PRD-02,Jawa Timur,5,26000,10.0,117000
2025-10-08,PRD-02,Jabodetabek,10,26000,10.0,234000
2025-10-08,PRD-03,DI Yogyakarta,8,25000,5.0,190000
2025-10-08,PRD-03,Jawa Tengah,7,25000,0.0,175000
2025-10-08,PRD-03,Jawa Timur,6,25000,0.0,150000
2025-10-08,PRD-03,Jabodetabek,11,25000,0.0,275000
2025-10-08,PRD-04,DI Yogyakarta,18,15000,0.0,270000
2025-10-08,PRD-04,Jawa Tengah,14,15000,0.0,210000
2025-10-08,PRD-04,Jawa Timur,19,15000,0.0,285000
2025-10-08,PRD-04,Jabodetabek,16,15000,0.0,240000
2025-10-08,PRD-05,DI Yogyakarta,9,18000,10.0,145800
2025-10-08,PRD-05,Jawa Tengah,6,18000,10.0,97200
2025-10-08,PRD-05,Jawa Timur,4,18000,5.0,68400
2025-10-08,PRD-05,Jabodetabek,3,18000,15.0,45900
2025-10-08,PRD-06,DI Yogyakarta,13,12000,0.0,156000
2025-10-08,PRD-06,Jawa Tengah,14,12000,5.0,159600
2025-10-08,PRD-06,Jawa Timur,8,12000,0.0,96000
2025-10-08,PRD-06,Jabodetabek,14,12000,0.0,168000
2025-10-08,PRD-07,DI Yogyakarta,5,32000,10.0,144000
2025-10-08,PRD-07,Jawa Tengah,4,32000,0.0,128000
2025-10-08,PRD-07,Jawa Timur,7,32000,0.0,224000
2025-10-08,PRD-07,Jabodetabek,8,32000,0.0,256000
2025-10-08,PRD-08,DI Yogyakarta,14,14000,0.0,196000
2025-10-08,PRD-08,Jawa Tengah,3,14000,0.0,42000
2025-10-08,PRD-08,Jawa Timur,6,14000,0.0,84000
2025-10-08,PRD-08,Jabodetabek,9,14000,0.0,126000
2025-10-09,PRD-01,DI Yogyakarta,14,28000,0.0,392000
2025-10-09,PRD-01,Jawa Tengah,13,28000,0.0,364000
2025-10-09,PRD-01,Jawa Timur,5,28000,0.0,140000
2025-10-09,PRD-01,Jabodetabek,12,28000,0.0,336000
2025-10-09,PRD-02,DI Yogyakarta,10,26000,0.0,260000
2025-10-09,PRD-02,Jawa Tengah,5,26000,0.0,130000
2025-10-09,PRD-02,Jawa Timur,4,26000,10.0,93600
2025-10-09,PRD-02,Jabodetabek,10,26000,0.0,260000
2025-10-09,PRD-03,DI Yogyakarta,4,25000,0.0,100000
2025-10-09,PRD-03,Jawa Tengah,4,25000,0.0,100000
2025-10-09,PRD-03,Jawa Timur,0,25000,0.0,0
2025-10-09,PRD-03,Jabodetabek,4,25000,0.0,100000
2025-10-09,PRD-04,DI Yogyakarta,16,15000,0.0,240000
2025-10-09,PRD-04,Jawa Tengah,10,15000,0.0,150000
2025-10-09,PRD-04,Jawa Timur,6,15000,5.0,85500
2025-10-09,PRD-04,Jabodetabek,19,15000,0.0,285000
2025-10-09,PRD-05,DI Yogyakarta,10,18000,0.0,180000
2025-10-09,PRD-05,Jawa Tengah,3,18000,5.0,51300
2025-10-09,PRD-05,Jawa Timur,3,18000,0.0,54000
2025-10-09,PRD-05,Jabodetabek,6,18000,0.0,108000
2025-10-09,PRD-06,DI Yogyakarta,14,12000,0.0,168000
2025-10-09,PRD-06,Jawa Tengah,10,12000,0.0,120000
2025-10-09,PRD-06,Jawa Timur,13,12000,0.0,156000
2025-10-09,PRD-06,Jabodetabek,16,12000,5.0,182400
2025-10-09,PRD-07,DI Yogyakarta,4,32000,0.0,128000
2025-10-09,PRD-07,Jawa Tengah,2,32000,0.0,64000
2025-10-09,PRD-07,Jawa Timur,3,32000,0.0,96000
2025-10-09,PRD-07,Jabodetabek,4,32000,5.0,121600
2025-10-09,PRD-08,DI Yogyakarta,10,14000,10.0,126000
2025-10-09,PRD-08,Jawa Tengah,6,14000,0.0,84000
2025-10-09,PRD-08,Jawa Timur,11,14000,0.0,154000
2025-10-09,PRD-08,Jabodetabek,8,14000,0.0,112000
2025-10-10,PRD-01,DI Yogyakarta,14,28000,0.0,392000
2025-10-10,PRD-01,Jawa Tengah,13,28000,0.0,364000
2025-10-10,PRD-01,Jawa Timur,6,28000,5.0,159600
2025-10-10,PRD-01,Jabodetabek,18,28000,0.0,504000
2025-10-10,PRD-02,DI Yogyakarta,14,26000,0.0,364000
2025-10-10,PRD-02,Jawa Tengah,10,26000,0.0,260000
2025-10-10,PRD-02,Jawa Timur,10,26000,0.0,260000
2025-10-10,PRD-02,Jabodetabek,8,26000,0.0,208000
2025-10-10,PRD-03,DI Yogyakarta,6,25000,15.0,127500
2025-10-10,PRD-03,Jawa Tengah,8,25000,0.0,200000
2025-10-10,PRD-03,Jawa Timur,6,25000,0.0,150000
2025-10-10,PRD-03,Jabodetabek,7,25000,0.0,175000
2025-10-10,PRD-04,DI Yogyakarta,22,15000,0.0,330000
2025-10-10,PRD-04,Jawa Tengah,17,15000,0.0,255000
2025-10-10,PRD-04,Jawa Timur,10,15000,0.0,150000
2025-10-10,PRD-04,Jabodetabek,19,15000,0.0,285000
2025-10-10,PRD-05,DI Yogyakarta,8,18000,0.0,144000
2025-10-10,PRD-05,Jawa Tengah,5,18000,10.0,81000
2025-10-10,PRD-05,Jawa Timur,2,18000,0.0,36000
2025-10-10,PRD-05,Jabodetabek,7,18000,5.0,119700
2025-10-10,PRD-06,DI Yogyakarta,13,12000,0.0,156000
2025-10-10,PRD-06,Jawa Tengah,9,12000,0.0,108000
2025-10-10,PRD-06,Jawa Timur,2,12000,0.0,24000
2025-10-10,PRD-06,Jabodetabek,12,12000,0.0,144000
2025-10-10,PRD-07,DI Yogyakarta,2,32000,0.0,64000
2025-10-10,PRD-07,Jawa Tengah,2,32000,0.0,64000
2025-10-10,PRD-07,Jawa Timur,2,32000,0.0,64000
2025-10-10,PRD-07,Jabodetabek,5,32000,0.0,160000
2025-10-10,PRD-08,DI Yogyakarta,16,14000,0.0,224000
2025-10-10,PRD-08,Jawa Tengah,3,14000,0.0,42000
2025-10-10,PRD-08,Jawa Timur,1,14000,15.0,11900
2025-10-10,PRD-08,Jabodetabek,7,14000,0.0,98000
2025-10-11,PRD-01,DI Yogyakarta,19,28000,0.0,532000
2025-10-11,PRD-01,Jawa Tengah,16,28000,5.0,425600
2025-10-11,PRD-01,Jawa Timur,10,28000,15.0,238000
2025-10-11,PRD-01,Jabodetabek,27,28000,5.0,718200
2025-10-11,PRD-02,DI Yogyakarta,11,26000,10.0,257400
2025-10-11,PRD-02,Jawa Tengah,11,26000,0.0,286000
2025-10-11,PRD-02,Jawa Timur,10,26000,0.0,260000
2025-10-11,PRD-02,Jabodetabek,22,26000,5.0,543400
2025-10-11,PRD-03,DI Yogyakarta,11,25000,0.0,275000
2025-10-11,PRD-03,Jawa Tengah,3,25000,0.0,75000
2025-10-11,PRD-03,Jawa Timur,6,25000,5.0,142500
2025-10-11,PRD-03,Jabodetabek,5,25000,0.0,125000
2025-10-11,PRD-04,DI Yogyakarta,23,15000,0.0,345000
2025-10-11,PRD-04,Jawa Tengah,21,15000,0.0,315000
2025-10-11,PRD-04,Jawa Timur,14,15000,0.0,210000
2025-10-11,PRD-04,Jabodetabek,33,15000,0.0,495000
2025-10-11,PRD-05,DI Yogyakarta,9,18000,10.0,145800
2025-10-11,PRD-05,Jawa Tengah,6,18000,10.0,97200
2025-10-11,PRD-05,Jawa Timur,9,18000,0.0,162000
2025-10-11,PRD-05,Jabodetabek,9,18000,0.0,162000
2025-10-11,PRD-06,DI Yogyakarta,21,12000,0.0,252000
2025-10-11,PRD-06,Jawa Tengah,10,12000,0.0,120000
2025-10-11,PRD-06,Jawa Timur,8,12000,0.0,96000
2025-10-11,PRD-06,Jabodetabek,20,12000,0.0,240000
2025-10-11,PRD-07,DI Yogyakarta,6,32000,0.0,192000
2025-10-11,PRD-07,Jawa Tengah,4,32000,15.0,108800
2025-10-11,PRD-07,Jawa Timur,3,32000,0.0,96000
2025-10-11,PRD-07,Jabodetabek,8,32000,0.0,256000
2025-10-11,PRD-08,DI Yogyakarta,10,14000,5.0,133000
2025-10-11,PRD-08,Jawa Tengah,8,14000,5.0,106400
2025-10-11,PRD-08,Jawa Timur,12,14000,0.0,168000
2025-10-11,PRD-08,Jabodetabek,11,14000,0.0,154000
2025-10-12,PRD-01,DI Yogyakarta,22,28000,0.0,616000
2025-10-12,PRD-01,Jawa Tengah,15,28000,0.0,420000
2025-10-12,PRD-01,Jawa Timur,9,28000,0.0,252000
2025-10-12,PRD-01,Jabodetabek,16,28000,0.0,448000
2025-10-12,PRD-02,DI Yogyakarta,19,26000,0.0,494000
2025-10-12,PRD-02,Jawa Tengah,7,26000,0.0,182000
2025-10-12,PRD-02,Jawa Timur,12,26000,0.0,312000
2025-10-12,PRD-02,Jabodetabek,9,26000,0.0,234000
2025-10-12,PRD-03,DI Yogyakarta,19,25000,0.0,475000
2025-10-12,PRD-03,Jawa Tengah,11,25000,0.0,275000
2025-10-12,PRD-03,Jawa Timur,7,25000,0.0,175000
2025-10-12,PRD-03,Jabodetabek,9,25000,5.0,213750
2025-10-12,PRD-04,DI Yogyakarta,14,15000,0.0,210000
2025-10-12,PRD-04,Jawa Tengah,19,15000,0.0,285000
2025-10-12,PRD-04,Jawa Timur,13,15000,0.0,195000
2025-10-12,PRD-04,Jabodetabek,27,15000,0.0,405000
2025-10-12,PRD-05,DI Yogyakarta,9,18000,0.0,162000
2025-10-12,PRD-05,Jawa Tengah,7,18000,0.0,126000
2025-10-12,PRD-05,Jawa Timur,6,18000,10.0,97200
2025-10-12,PRD-05,Jabodetabek,9,18000,10.0,145800
2025-10-12,PRD-06,DI Yogyakarta,18,12000,5.0,205200
2025-10-12,PRD-06,Jawa Tengah,11,12000,0.0,132000
2025-10-12,PRD-06,Jawa Timur,16,12000,10.0,172800
2025-10-12,PRD-06,Jabodetabek,17,12000,10.0,183600
2025-10-12,PRD-07,DI Yogyakarta,2,32000,0.0,64000
2025-10-12,PRD-07,Jawa Tengah,2,32000,0.0,64000
2025-10-12,PRD-07,Jawa Timur,3,32000,0.0,96000
2025-10-12,PRD-07,Jabodetabek,12,32000,0.0,384000
2025-10-12,PRD-08,DI Yogyakarta,11,14000,0.0,154000
2025-10-12,PRD-08,Jawa Tengah,14,14000,0.0,196000
2025-10-12,PRD-08,Jawa Timur,4,14000,0.0,56000
2025-10-12,PRD-08,Jabodetabek,15,14000,0.0,210000
2025-10-13,PRD-01,DI Yogyakarta,13,28000,0.0,364000
2025-10-13,PRD-01,Jawa Tengah,10,28000,0.0,280000
2025-10-13,PRD-01,Jawa Timur,4,28000,0.0,112000
2025-10-13,PRD-01,Jabodetabek,19,28000,0.0,532000
2025-10-13,PRD-02,DI Yogyakarta,12,26000,5.0,296400
2025-10-13,PRD-02,Jawa Tengah,11,26000,0.0,286000
2025-10-13,PRD-02,Jawa Timur,5,26000,0.0,130000
2025-10-13,PRD-02,Jabodetabek,5,26000,0.0,130000
2025-10-13,PRD-03,DI Yogyakarta,3,25000,0.0,75000
2025-10-13,PRD-03,Jawa Tengah,6,25000,0.0,150000
2025-10-13,PRD-03,Jawa Timur,4,25000,0.0,100000
2025-10-13,PRD-03,Jabodetabek,10,25000,0.0,250000
2025-10-13,PRD-04,DI Yogyakarta,21,15000,0.0,315000
2025-10-13,PRD-04,Jawa Tengah,15,15000,5.0,213750
2025-10-13,PRD-04,Jawa Timur,11,15000,0.0,165000
2025-10-13,PRD-04,Jabodetabek,20,15000,0.0,300000
2025-10-13,PRD-05,DI Yogyakarta,3,18000,0.0,54000
2025-10-13,PRD-05,Jawa Tengah,6,18000,0.0,108000
2025-10-13,PRD-05,Jawa Timur,5,18000,0.0,90000
2025-10-13,PRD-05,Jabodetabek,2,18000,0.0,36000
2025-10-13,PRD-06,DI Yogyakarta,17,12000,15.0,173400
2025-10-13,PRD-06,Jawa Tengah,12,12000,0.0,144000
2025-10-13,PRD-06,Jawa Timur,6,12000,10.0,64800
2025-10-13,PRD-06,Jabodetabek,12,12000,0.0,144000
2025-10-13,PRD-07,DI Yogyakarta,2,32000,5.0,60800
2025-10-13,PRD-07,Jawa Tengah,1,32000,0.0,32000
2025-10-13,PRD-07,Jawa Timur,6,32000,0.0,192000
2025-10-13,PRD-07,Jabodetabek,5,32000,0.0,160000
2025-10-13,PRD-08,DI Yogyakarta,4,14000,0.0,56000
2025-10-13,PRD-08,Jawa Tengah,7,14000,0.0,98000
2025-10-13,PRD-08,Jawa Timur,4,14000,0.0,56000
2025-10-13,PRD-08,Jabodetabek,6,14000,0.0,84000
2025-10-14,PRD-01,DI Yogyakarta,10,28000,0.0,280000
2025-10-14,PRD-01,Jawa Tengah,8,28000,0.0,224000
2025-10-14,PRD-01,Jawa Timur,8,28000,0.0,224000
2025-10-14,PRD-01,Jabodetabek,17,28000,0.0,476000
2025-10-14,PRD-02,DI Yogyakarta,10,26000,0.0,260000
2025-10-14,PRD-02,Jawa Tengah,4,26000,0.0,104000
2025-10-14,PRD-02,Jawa Timur,6,26000,0.0,156000
2025-10-14,PRD-02,Jabodetabek,14,26000,0.0,364000
2025-10-14,PRD-03,DI Yogyakarta,11,25000,0.0,275000
2025-10-14,PRD-03,Jawa Tengah,7,25000,0.0,175000
2025-10-14,PRD-03,Jawa Timur,4,25000,5.0,95000
2025-10-14,PRD-03,Jabodetabek,9,25000,0.0,225000
2025-10-14,PRD-04,DI Yogyakarta,15,15000,0.0,225000
2025-10-14,PRD-04,Jawa Tengah,18,15000,15.0,229500
2025-10-14,PRD-04,Jawa Timur,14,15000,0.0,210000
2025-10-14,PRD-04,Jabodetabek,19,15000,0.0,285000
2025-10-14,PRD-05,DI Yogyakarta,6,18000,0.0,108000
2025-10-14,PRD-05,Jawa Tengah,2,18000,0.0,36000
2025-10-14,PRD-05,Jawa Timur,4,18000,5.0,68400
2025-10-14,PRD-05,Jabodetabek,5,18000,0.0,90000
2025-10-14,PRD-06,DI Yogyakarta,14,12000,5.0,159600
2025-10-14,PRD-06,Jawa Tengah,10,12000,0.0,120000
2025-10-14,PRD-06,Jawa Timur,10,12000,0.0,120000
2025-10-14,PRD-06,Jabodetabek,14,12000,0.0,168000
2025-10-14,PRD-07,DI Yogyakarta,6,32000,0.0,192000
2025-10-14,PRD-07,Jawa Tengah,4,32000,0.0,128000
2025-10-14,PRD-07,Jawa Timur,3,32000,0.0,96000
2025-10-14,PRD-07,Jabodetabek,7,32000,0.0,224000
2025-10-14,PRD-08,DI Yogyakarta,8,14000,10.0,100800
2025-10-14,PRD-08,Jawa Tengah,6,14000,0.0,84000
2025-10-14,PRD-08,Jawa Timur,5,14000,10.0,63000
2025-10-14,PRD-08,Jabodetabek,10,14000,0.0,140000
2025-10-15,PRD-01,DI Yogyakarta,10,28000,0.0,280000
2025-10-15,PRD-01,Jawa Tengah,8,28000,0.0,224000
2025-10-15,PRD-01,Jawa Timur,9,28000,0.0,252000
2025-10-15,PRD-01,Jabodetabek,17,28000,0.0,476000
2025-10-15,PRD-02,DI Yogyakarta,10,26000,0.0,260000
2025-10-15,PRD-02,Jawa Tengah,10,26000,0.0,260000
2025-10-15,PRD-02,Jawa Timur,4,26000,0.0,104000
2025-10-15,PRD-02,Jabodetabek,11,26000,5.0,271700
2025-10-15,PRD-03,DI Yogyakarta,6,25000,0.0,150000
2025-10-15,PRD-03,Jawa Tengah,3,25000,10.0,67500
2025-10-15,PRD-03,Jawa Timur,6,25000,0.0,150000
2025-10-15,PRD-03,Jabodetabek,9,25000,0.0,225000
2025-10-15,PRD-04,DI Yogyakarta,26,15000,5.0,370500
2025-10-15,PRD-04,Jawa Tengah,20,15000,0.0,300000
2025-10-15,PRD-04,Jawa Timur,11,15000,0.0,165000
2025-10-15,PRD-04,Jabodetabek,20,15000,0.0,300000
2025-10-15,PRD-05,DI Yogyakarta,5,18000,0.0,90000
2025-10-15,PRD-05,Jawa Tengah,6,18000,0.0,108000
2025-10-15,PRD-05,Jawa Timur,7,18000,15.0,107100
2025-10-15,PRD-05,Jabodetabek,4,18000,0.0,72000
2025-10-15,PRD-06,DI Yogyakarta,21,12000,0.0,252000
2025-10-15,PRD-06,Jawa Tengah,13,12000,0.0,156000
2025-10-15,PRD-06,Jawa Timur,11,12000,5.0,125400
2025-10-15,PRD-06,Jabodetabek,14,12000,0.0,168000
2025-10-15,PRD-07,DI Yogyakarta,3,32000,0.0,96000
2025-10-15,PRD-07,Jawa Tengah,2,32000,0.0,64000
2025-10-15,PRD-07,Jawa Timur,5,32000,0.0,160000
2025-10-15,PRD-07,Jabodetabek,5,32000,0.0,160000
2025-10-15,PRD-08,DI Yogyakarta,9,14000,0.0,126000
2025-10-15,PRD-08,Jawa Tengah,5,14000,0.0,70000
2025-10-15,PRD-08,Jawa Timur,6,14000,0.0,84000
2025-10-15,PRD-08,Jabodetabek,9,14000,0.0,126000
2025-10-16,PRD-01,DI Yogyakarta,17,28000,0.0,476000
2025-10-16,PRD-01,Jawa Tengah,9,28000,0.0,252000
2025-10-16,PRD-01,Jawa Timur,8,28000,0.0,224000
2025-10-16,PRD-01,Jabodetabek,7,28000,10.0,176400
2025-10-16,PRD-02,DI Yogyakarta,14,26000,0.0,364000
2025-10-16,PRD-02,Jawa Tengah,13,26000,10.0,304200
2025-10-16,PRD-02,Jawa Timur,7,26000,5.0,172900
2025-10-16,PRD-02,Jabodetabek,6,26000,0.0,156000
2025-10-16,PRD-03,DI Yogyakarta,5,25000,0.0,125000
2025-10-16,PRD-03,Jawa Tengah,5,25000,0.0,125000
2025-10-16,PRD-03,Jawa Timur,5,25000,0.0,125000
2025-10-16,PRD-03,Jabodetabek,6,25000,0.0,150000
2025-10-16,PRD-04,DI Yogyakarta,13,15000,0.0,195000
2025-10-16,PRD-04,Jawa Tengah,16,15000,5.0,228000
2025-10-16,PRD-04,Jawa Timur,13,15000,0.0,195000
2025-10-16,PRD-04,Jabodetabek,23,15000,0.0,345000
2025-10-16,PRD-05,DI Yogyakarta,6,18000,0.0,108000
2025-10-16,PRD-05,Jawa Tengah,6,18000,0.0,108000
2025-10-16,PRD-05,Jawa Timur,1,18000,0.0,18000
2025-10-16,PRD-05,Jabodetabek,3,18000,0.0,54000
2025-10-16,PRD-06,DI Yogyakarta,16,12000,0.0,192000
2025-10-16,PRD-06,Jawa Tengah,7,12000,0.0,84000
2025-10-16,PRD-06,Jawa Timur,11,12000,0.0,132000
2025-10-16,PRD-06,Jabodetabek,9,12000,0.0,108000
2025-10-16,PRD-07,DI Yogyakarta,7,32000,0.0,224000
2025-10-16,PRD-07,Jawa Tengah,2,32000,0.0,64000
2025-10-16,PRD-07,Jawa Timur,4,32000,5.0,121600
2025-10-16,PRD-07,Jabodetabek,5,32000,10.0,144000
2025-10-16,PRD-08,DI Yogyakarta,15,14000,0.0,210000
2025-10-16,PRD-08,Jawa Tengah,7,14000,10.0,88200
2025-10-16,PRD-08,Jawa Timur,2,14000,0.0,28000
2025-10-16,PRD-08,Jabodetabek,6,14000,5.0,79800
2025-10-17,PRD-01,DI Yogyakarta,15,28000,0.0,420000
2025-10-17,PRD-01,Jawa Tengah,13,28000,0.0,364000
2025-10-17,PRD-01,Jawa Timur,9,28000,0.0,252000
2025-10-17,PRD-01,Jabodetabek,14,28000,0.0,392000
2025-10-17,PRD-02,DI Yogyakarta,11,26000,0.0,286000
2025-10-17,PRD-02,Jawa Tengah,17,26000,15.0,375700
2025-10-17,PRD-02,Jawa Timur,10,26000,0.0,260000
2025-10-17,PRD-02,Jabodetabek,15,26000,0.0,390000
2025-10-17,PRD-03,DI Yogyakarta,11,25000,0.0,275000
2025-10-17,PRD-03,Jawa Tengah,1,25000,0.0,25000
2025-10-17,PRD-03,Jawa Timur,5,25000,5.0,118750
2025-10-17,PRD-03,Jabodetabek,6,25000,0.0,150000
2025-10-17,PRD-04,DI Yogyakarta,28,15000,0.0,420000
2025-10-17,PRD-04,Jawa Tengah,22,15000,10.0,297000
2025-10-17,PRD-04,Jawa Timur,14,15000,0.0,210000
2025-10-17,PRD-04,Jabodetabek,20,15000,5.0,285000
2025-10-17,PRD-05,DI Yogyakarta,6,18000,0.0,108000
2025-10-17,PRD-05,Jawa Tengah,7,18000,0.0,126000
2025-10-17,PRD-05,Jawa Timur,1,18000,0.0,18000
2025-10-17,PRD-05,Jabodetabek,4,18000,0.0,72000
2025-10-17,PRD-06,DI Yogyakarta,17,12000,0.0,204000
2025-10-17,PRD-06,Jawa Tengah,17,12000,0.0,204000
2025-10-17,PRD-06,Jawa Timur,10,12000,10.0,108000
2025-10-17,PRD-06,Jabodetabek,12,12000,0.0,144000
2025-10-17,PRD-07,DI Yogyakarta,2,32000,0.0,64000
2025-10-17,PRD-07,Jawa Tengah,2,32000,0.0,64000
2025-10-17,PRD-07,Jawa Timur,0,32000,0.0,0
2025-10-17,PRD-07,Jabodetabek,2,32000,0.0,64000
2025-10-17,PRD-08,DI Yogyakarta,8,14000,0.0,112000
2025-10-17,PRD-08,Jawa Tengah,7,14000,0.0,98000
2025-10-17,PRD-08,Jawa Timur,5,14000,0.0,70000
2025-10-17,PRD-08,Jabodetabek,5,14000,0.0,70000
2025-10-18,PRD-01,DI Yogyakarta,18,28000,15.0,428400
2025-10-18,PRD-01,Jawa Tengah,13,28000,0.0,364000
2025-10-18,PRD-01,Jawa Timur,3,28000,0.0,84000
2025-10-18,PRD-01,Jabodetabek,18,28000,5.0,478800
2025-10-18,PRD-02,DI Yogyakarta,26,26000,0.0,676000
2025-10-18,PRD-02,Jawa Tengah,15,26000,15.0,331500
2025-10-18,PRD-02,Jawa Timur,12,26000,15.0,265200
2025-10-18,PRD-02,Jabodetabek,11,26000,0.0,286000
2025-10-18,PRD-03,DI Yogyakarta,9,25000,10.0,202500
2025-10-18,PRD-03,Jawa Tengah,5,25000,0.0,125000
2025-10-18,PRD-03,Jawa Timur,6,25000,0.0,150000
2025-10-18,PRD-03,Jabodetabek,5,25000,0.0,125000
2025-10-18,PRD-04,DI Yogyakarta,28,15000,0.0,420000
2025-10-18,PRD-04,Jawa Tengah,11,15000,0.0,165000
2025-10-18,PRD-04,Jawa Timur,14,15000,0.0,210000
2025-10-18,PRD-04,Jabodetabek,16,15000,10.0,216000
2025-10-18,PRD-05,DI Yogyakarta,11,18000,0.0,198000
2025-10-18,PRD-05,Jawa Tengah,7,18000,5.0,119700
2025-10-18,PRD-05,Jawa Timur,3,18000,0.0,54000
2025-10-18,PRD-05,Jabodetabek,7,18000,5.0,119700
2025-10-18,PRD-06,DI Yogyakarta,27,12000,0.0,324000
2025-10-18,PRD-06,Jawa Tengah,23,12000,5.0,262200
2025-10-18,PRD-06,Jawa Timur,13,12000,0.0,156000
2025-10-18,PRD-06,Jabodetabek,16,12000,5.0,182400
2025-10-18,PRD-07,DI Yogyakarta,8,32000,0.0,256000
2025-10-18,PRD-07,Jawa Tengah,3,32000,0.0,96000
2025-10-18,PRD-07,Jawa Timur,3,32000,0.0,96000
2025-10-18,PRD-07,Jabodetabek,6,32000,0.0,192000
2025-10-18,PRD-08,DI Yogyakarta,13,14000,0.0,182000
2025-10-18,PRD-08,Jawa Tengah,7,14000,0.0,98000
2025-10-18,PRD-08,Jawa Timur,6,14000,5.0,79800
2025-10-18,PRD-08,Jabodetabek,9,14000,5.0,119700
2025-10-19,PRD-01,DI Yogyakarta,22,28000,0.0,616000
2025-10-19,PRD-01,Jawa Tengah,18,28000,0.0,504000
2025-10-19,PRD-01,Jawa Timur,12,28000,0.0,336000
2025-10-19,PRD-01,Jabodetabek,16,28000,0.0,448000
2025-10-19,PRD-02,DI Yogyakarta,21,26000,0.0,546000
2025-10-19,PRD-02,Jawa Tengah,18,26000,10.0,421200
2025-10-19,PRD-02,Jawa Timur,13,26000,0.0,338000
2025-10-19,PRD-02,Jabodetabek,7,26000,15.0,154700
2025-10-19,PRD-03,DI Yogyakarta,14,25000,0.0,350000
2025-10-19,PRD-03,Jawa Tengah,8,25000,0.0,200000
2025-10-19,PRD-03,Jawa Timur,6,25000,0.0,150000
2025-10-19,PRD-03,Jabodetabek,8,25000,0.0,200000
2025-10-19,PRD-04,DI Yogyakarta,27,15000,10.0,364500
2025-10-19,PRD-04,Jawa Tengah,23,15000,0.0,345000
2025-10-19,PRD-04,Jawa Timur,25,15000,0.0,375000
2025-10-19,PRD-04,Jabodetabek,22,15000,10.0,297000
2025-10-19,PRD-05,DI Yogyakarta,5,18000,0.0,90000
2025-10-19,PRD-05,Jawa Tengah,4,18000,0.0,72000
2025-10-19,PRD-05,Jawa Timur,7,18000,0.0,126000
2025-10-19,PRD-05,Jabodetabek,7,18000,5.0,119700
2025-10-19,PRD-06,DI Yogyakarta,28,12000,0.0,336000
2025-10-19,PRD-06,Jawa Tengah,14,12000,0.0,168000
2025-10-19,PRD-06,Jawa Timur,18,12000,0.0,216000
2025-10-19,PRD-06,Jabodetabek,17,12000,0.0,204000
2025-10-19,PRD-07,DI Yogyakarta,6,32000,0.0,192000
2025-10-19,PRD-07,Jawa Tengah,4,32000,15.0,108800
2025-10-19,PRD-07,Jawa Timur,5,32000,5.0,152000
2025-10-19,PRD-07,Jabodetabek,6,32000,15.0,163200
2025-10-19,PRD-08,DI Yogyakarta,10,14000,0.0,140000
2025-10-19,PRD-08,Jawa Tengah,4,14000,0.0,56000
2025-10-19,PRD-08,Jawa Timur,6,14000,0.0,84000
2025-10-19,PRD-08,Jabodetabek,10,14000,15.0,119000
2025-10-20,PRD-01,DI Yogyakarta,16,28000,0.0,448000
2025-10-20,PRD-01,Jawa Tengah,13,28000,10.0,327600
2025-10-20,PRD-01,Jawa Timur,6,28000,0.0,168000
2025-10-20,PRD-01,Jabodetabek,10,28000,0.0,280000
2025-10-20,PRD-02,DI Yogyakarta,14,26000,0.0,364000
2025-10-20,PRD-02,Jawa Tengah,5,26000,10.0,117000
2025-10-20,PRD-02,Jawa Timur,7,26000,0.0,182000
2025-10-20,PRD-02,Jabodetabek,16,26000,0.0,416000
2025-10-20,PRD-03,DI Yogyakarta,7,25000,5.0,166250
2025-10-20,PRD-03,Jawa Tengah,6,25000,0.0,150000
2025-10-20,PRD-03,Jawa Timur,4,25000,0.0,100000
2025-10-20,PRD-03,Jabodetabek,7,25000,0.0,175000
2025-10-20,PRD-04,DI Yogyakarta,15,15000,0.0,225000
2025-10-20,PRD-04,Jawa Tengah,13,15000,5.0,185250
2025-10-20,PRD-04,Jawa Timur,10,15000,0.0,150000
2025-10-20,PRD-04,Jabodetabek,17,15000,0.0,255000
2025-10-20,PRD-05,DI Yogyakarta,5,18000,0.0,90000
2025-10-20,PRD-05,Jawa Tengah,7,18000,0.0,126000
2025-10-20,PRD-05,Jawa Timur,1,18000,0.0,18000
2025-10-20,PRD-05,Jabodetabek,5,18000,0.0,90000
2025-10-20,PRD-06,DI Yogyakarta,20,12000,0.0,240000
2025-10-20,PRD-06,Jawa Tengah,7,12000,0.0,84000
2025-10-20,PRD-06,Jawa Timur,7,12000,0.0,84000
2025-10-20,PRD-06,Jabodetabek,14,12000,0.0,168000
2025-10-20,PRD-07,DI Yogyakarta,4,32000,0.0,128000
2025-10-20,PRD-07,Jawa Tengah,3,32000,0.0,96000
2025-10-20,PRD-07,Jawa Timur,0,32000,0.0,0
2025-10-20,PRD-07,Jabodetabek,6,32000,0.0,192000
2025-10-20,PRD-08,DI Yogyakarta,5,14000,0.0,70000
2025-10-20,PRD-08,Jawa Tengah,5,14000,0.0,70000
2025-10-20,PRD-08,Jawa Timur,6,14000,10.0,75600
2025-10-20,PRD-08,Jabodetabek,7,14000,0.0,98000
2025-10-21,PRD-01,DI Yogyakarta,9,28000,0.0,252000
2025-10-21,PRD-01,Jawa Tengah,14,28000,0.0,392000
2025-10-21,PRD-01,Jawa Timur,10,28000,0.0,280000
2025-10-21,PRD-01,Jabodetabek,4,28000,0.0,112000
2025-10-21,PRD-02,DI Yogyakarta,14,26000,0.0,364000
2025-10-21,PRD-02,Jawa Tengah,7,26000,0.0,182000
2025-10-21,PRD-02,Jawa Timur,6,26000,0.0,156000
2025-10-21,PRD-02,Jabodetabek,7,26000,0.0,182000
2025-10-21,PRD-03,DI Yogyakarta,11,25000,0.0,275000
2025-10-21,PRD-03,Jawa Tengah,3,25000,0.0,75000
2025-10-21,PRD-03,Jawa Timur,5,25000,0.0,125000
2025-10-21,PRD-03,Jabodetabek,7,25000,15.0,148750
2025-10-21,PRD-04,DI Yogyakarta,15,15000,0.0,225000
2025-10-21,PRD-04,Jawa Tengah,18,15000,10.0,243000
2025-10-21,PRD-04,Jawa Timur,12,15000,0.0,180000
2025-10-21,PRD-04,Jabodetabek,8,15000,0.0,120000
2025-10-21,PRD-05,DI Yogyakarta,10,18000,0.0,180000
2025-10-21,PRD-05,Jawa Tengah,4,18000,0.0,72000
2025-10-21,PRD-05,Jawa Timur,5,18000,0.0,90000
2025-10-21,PRD-05,Jabodetabek,8,18000,0.0,144000
2025-10-21,PRD-06,DI Yogyakarta,21,12000,0.0,252000
2025-10-21,PRD-06,Jawa Tengah,13,12000,0.0,156000
2025-10-21,PRD-06,Jawa Timur,8,12000,0.0,96000
2025-10-21,PRD-06,Jabodetabek,16,12000,15.0,163200
2025-10-21,PRD-07,DI Yogyakarta,5,32000,10.0,144000
2025-10-21,PRD-07,Jawa Tengah,6,32000,10.0,172800
2025-10-21,PRD-07,Jawa Timur,0,32000,0.0,0
2025-10-21,PRD-07,Jabodetabek,8,32000,0.0,256000
2025-10-21,PRD-08,DI Yogyakarta,6,14000,0.0,84000
2025-10-21,PRD-08,Jawa Tengah,6,14000,0.0,84000
2025-10-21,PRD-08,Jawa Timur,6,14000,0.0,84000
2025-10-21,PRD-08,Jabodetabek,5,14000,0.0,70000
2025-10-22,PRD-01,DI Yogyakarta,16,28000,0.0,448000
2025-10-22,PRD-01,Jawa Tengah,11,28000,5.0,292600
2025-10-22,PRD-01,Jawa Timur,6,28000,5.0,159600
2025-10-22,PRD-01,Jabodetabek,15,28000,0.0,420000
2025-10-22,PRD-02,DI Yogyakarta,8,26000,5.0,197600
2025-10-22,PRD-02,Jawa Tengah,13,26000,0.0,338000
2025-10-22,PRD-02,Jawa Timur,8,26000,0.0,208000
2025-10-22,PRD-02,Jabodetabek,12,26000,10.0,280800
2025-10-22,PRD-03,DI Yogyakarta,5,25000,0.0,125000
2025-10-22,PRD-03,Jawa Tengah,3,25000,15.0,63750
2025-10-22,PRD-03,Jawa Timur,4,25000,0.0,100000
2025-10-22,PRD-03,Jabodetabek,6,25000,5.0,142500
2025-10-22,PRD-04,DI Yogyakarta,14,15000,0.0,210000
2025-10-22,PRD-04,Jawa Tengah,15,15000,0.0,225000
2025-10-22,PRD-04,Jawa Timur,8,15000,0.0,120000
2025-10-22,PRD-04,Jabodetabek,17,15000,0.0,255000
2025-10-22,PRD-05,DI Yogyakarta,9,18000,0.0,162000
2025-10-22,PRD-05,Jawa Tengah,1,18000,0.0,18000
2025-10-22,PRD-05,Jawa Timur,5,18000,0.0,90000
2025-10-22,PRD-05,Jabodetabek,3,18000,10.0,48600
2025-10-22,PRD-06,DI Yogyakarta,11,12000,0.0,132000
2025-10-22,PRD-06,Jawa Tengah,10,12000,0.0,120000
2025-10-22,PRD-06,Jawa Timur,7,12000,0.0,84000
2025-10-22,PRD-06,Jabodetabek,17,12000,0.0,204000
2025-10-22,PRD-07,DI Yogyakarta,4,32000,0.0,128000
2025-10-22,PRD-07,Jawa Tengah,4,32000,10.0,115200
2025-10-22,PRD-07,Jawa Timur,0,32000,15.0,0
2025-10-22,PRD-07,Jabodetabek,6,32000,0.0,192000
2025-10-22,PRD-08,DI Yogyakarta,5,14000,0.0,70000
2025-10-22,PRD-08,Jawa Tengah,7,14000,0.0,98000
2025-10-22,PRD-08,Jawa Timur,3,14000,0.0,42000
2025-10-22,PRD-08,Jabodetabek,6,14000,0.0,84000
2025-10-23,PRD-01,DI Yogyakarta,13,28000,0.0,364000
2025-10-23,PRD-01,Jawa Tengah,11,28000,0.0,308000
2025-10-23,PRD-01,Jawa Timur,10,28000,0.0,280000
2025-10-23,PRD-01,Jabodetabek,10,28000,0.0,280000
2025-10-23,PRD-02,DI Yogyakarta,14,26000,0.0,364000
2025-10-23,PRD-02,Jawa Tengah,6,26000,0.0,156000
2025-10-23,PRD-02,Jawa Timur,11,26000,0.0,286000
2025-10-23,PRD-02,Jabodetabek,2,26000,0.0,52000
2025-10-23,PRD-03,DI Yogyakarta,7,25000,0.0,175000
2025-10-23,PRD-03,Jawa Tengah,10,25000,0.0,250000
2025-10-23,PRD-03,Jawa Timur,4,25000,0.0,100000
2025-10-23,PRD-03,Jabodetabek,6,25000,0.0,150000
2025-10-23,PRD-04,DI Yogyakarta,26,15000,5.0,370500
2025-10-23,PRD-04,Jawa Tengah,19,15000,0.0,285000
2025-10-23,PRD-04,Jawa Timur,9,15000,0.0,135000
2025-10-23,PRD-04,Jabodetabek,12,15000,0.0,180000
2025-10-23,PRD-05,DI Yogyakarta,4,18000,0.0,72000
2025-10-23,PRD-05,Jawa Tengah,1,18000,15.0,15300
2025-10-23,PRD-05,Jawa Timur,2,18000,0.0,36000
2025-10-23,PRD-05,Jabodetabek,8,18000,0.0,144000
2025-10-23,PRD-06,DI Yogyakarta,14,12000,0.0,168000
2025-10-23,PRD-06,Jawa Tengah,11,12000,0.0,132000
2025-10-23,PRD-06,Jawa Timur,11,12000,0.0,132000
2025-10-23,PRD-06,Jabodetabek,14,12000,0.0,168000
2025-10-23,PRD-07,DI Yogyakarta,5,32000,0.0,160000
2025-10-23,PRD-07,Jawa Tengah,4,32000,5.0,121600
2025-10-23,PRD-07,Jawa Timur,2,32000,0.0,64000
2025-10-23,PRD-07,Jabodetabek,6,32000,15.0,163200
2025-10-23,PRD-08,DI Yogyakarta,13,14000,0.0,182000
2025-10-23,PRD-08,Jawa Tengah,8,14000,5.0,106400
2025-10-23,PRD-08,Jawa Timur,3,14000,5.0,39900
2025-10-23,PRD-08,Jabodetabek,8,14000,0.0,112000
2025-10-24,PRD-01,DI Yogyakarta,17,28000,0.0,476000
2025-10-24,PRD-01,Jawa Tengah,11,28000,0.0,308000
2025-10-24,PRD-01,Jawa Timur,7,28000,15.0,166600
2025-10-24,PRD-01,Jabodetabek,16,28000,0.0,448000
2025-10-24,PRD-02,DI Yogyakarta,10,26000,5.0,247000
2025-10-24,PRD-02,Jawa Tengah,12,26000,0.0,312000
2025-10-24,PRD-02,Jawa Timur,3,26000,0.0,78000
2025-10-24,PRD-02,Jabodetabek,8,26000,0.0,208000
2025-10-24,PRD-03,DI Yogyakarta,5,25000,5.0,118750
2025-10-24,PRD-03,Jawa Tengah,5,25000,5.0,118750
2025-10-24,PRD-03,Jawa Timur,6,25000,5.0,142500
2025-10-24,PRD-03,Jabodetabek,9,25000,0.0,225000
2025-10-24,PRD-04,DI Yogyakarta,19,15000,0.0,285000
2025-10-24,PRD-04,Jawa Tengah,6,15000,0.0,90000
2025-10-24,PRD-04,Jawa Timur,8,15000,10.0,108000
2025-10-24,PRD-04,Jabodetabek,21,15000,0.0,315000
2025-10-24,PRD-05,DI Yogyakarta,2,18000,0.0,36000
2025-10-24,PRD-05,Jawa Tengah,10,18000,0.0,180000
2025-10-24,PRD-05,Jawa Timur,7,18000,0.0,126000
2025-10-24,PRD-05,Jabodetabek,2,18000,0.0,36000
2025-10-24,PRD-06,DI Yogyakarta,9,12000,10.0,97200
2025-10-24,PRD-06,Jawa Tengah,15,12000,0.0,180000
2025-10-24,PRD-06,Jawa Timur,7,12000,0.0,84000
2025-10-24,PRD-06,Jabodetabek,10,12000,0.0,120000
2025-10-24,PRD-07,DI Yogyakarta,7,32000,10.0,201600
2025-10-24,PRD-07,Jawa Tengah,4,32000,5.0,121600
2025-10-24,PRD-07,Jawa Timur,6,32000,0.0,192000
2025-10-24,PRD-07,Jabodetabek,4,32000,0.0,128000
2025-10-24,PRD-08,DI Yogyakarta,9,14000,5.0,119700
2025-10-24,PRD-08,Jawa Tengah,6,14000,5.0,79800
2025-10-24,PRD-08,Jawa Timur,2,14000,5.0,26600
2025-10-24,PRD-08,Jabodetabek,10,14000,0.0,140000
2025-10-25,PRD-01,DI Yogyakarta,19,28000,0.0,532000
2025-10-25,PRD-01,Jawa Tengah,21,28000,10.0,529200
2025-10-25,PRD-01,Jawa Timur,8,28000,0.0,224000
2025-10-25,PRD-01,Jabodetabek,14,28000,0.0,392000
2025-10-25,PRD-02,DI Yogyakarta,17,26000,0.0,442000
2025-10-25,PRD-02,Jawa Tengah,14,26000,5.0,345800
2025-10-25,PRD-02,Jawa Timur,9,26000,0.0,234000
2025-10-25,PRD-02,Jabodetabek,15,26000,0.0,390000
2025-10-25,PRD-03,DI Yogyakarta,10,25000,0.0,250000
2025-10-25,PRD-03,Jawa Tengah,10,25000,0.0,250000
2025-10-25,PRD-03,Jawa Timur,6,25000,0.0,150000
2025-10-25,PRD-03,Jabodetabek,7,25000,0.0,175000
2025-10-25,PRD-04,DI Yogyakarta,27,15000,0.0,405000
2025-10-25,PRD-04,Jawa Tengah,20,15000,0.0,300000
2025-10-25,PRD-04,Jawa Timur,18,15000,0.0,270000
2025-10-25,PRD-04,Jabodetabek,26,15000,0.0,390000
2025-10-25,PRD-05,DI Yogyakarta,6,18000,0.0,108000
2025-10-25,PRD-05,Jawa Tengah,4,18000,0.0,72000
2025-10-25,PRD-05,Jawa Timur,8,18000,10.0,129600
2025-10-25,PRD-05,Jabodetabek,3,18000,0.0,54000
2025-10-25,PRD-06,DI Yogyakarta,20,12000,0.0,240000
2025-10-25,PRD-06,Jawa Tengah,13,12000,0.0,156000
2025-10-25,PRD-06,Jawa Timur,11,12000,0.0,132000
2025-10-25,PRD-06,Jabodetabek,31,12000,0.0,372000
2025-10-25,PRD-07,DI Yogyakarta,9,32000,0.0,288000
2025-10-25,PRD-07,Jawa Tengah,5,32000,0.0,160000
2025-10-25,PRD-07,Jawa Timur,1,32000,0.0,32000
2025-10-25,PRD-07,Jabodetabek,4,32000,0.0,128000
2025-10-25,PRD-08,DI Yogyakarta,16,14000,0.0,224000
2025-10-25,PRD-08,Jawa Tengah,11,14000,0.0,154000
2025-10-25,PRD-08,Jawa Timur,6,14000,0.0,84000
2025-10-25,PRD-08,Jabodetabek,8,14000,0.0,112000
2025-10-26,PRD-01,DI Yogyakarta,22,28000,5.0,585200
2025-10-26,PRD-01,Jawa Tengah,15,28000,0.0,420000
2025-10-26,PRD-01,Jawa Timur,7,28000,15.0,166600
2025-10-26,PRD-01,Jabodetabek,24,28000,10.0,604800
2025-10-26,PRD-02,DI Yogyakarta,17,26000,5.0,419900
2025-10-26,PRD-02,Jawa Tengah,10,26000,0.0,260000
2025-10-26,PRD-02,Jawa Timur,6,26000,15.0,132600
2025-10-26,PRD-02,Jabodetabek,11,26000,10.0,257400
2025-10-26,PRD-03,DI Yogyakarta,15,25000,0.0,375000
2025-10-26,PRD-03,Jawa Tengah,4,25000,0.0,100000
2025-10-26,PRD-03,Jawa Timur,2,25000,0.0,50000
2025-10-26,PRD-03,Jabodetabek,8,25000,0.0,200000
2025-10-26,PRD-04,DI Yogyakarta,29,15000,0.0,435000
2025-10-26,PRD-04,Jawa Tengah,15,15000,0.0,225000
2025-10-26,PRD-04,Jawa Timur,15,15000,0.0,225000
2025-10-26,PRD-04,Jabodetabek,25,15000,0.0,375000
2025-10-26,PRD-05,DI Yogyakarta,15,18000,5.0,256500
2025-10-26,PRD-05,Jawa Tengah,4,18000,0.0,72000
2025-10-26,PRD-05,Jawa Timur,6,18000,0.0,108000
2025-10-26,PRD-05,Jabodetabek,6,18000,0.0,108000
2025-10-26,PRD-06,DI Yogyakarta,17,12000,5.0,193800
2025-10-26,PRD-06,Jawa Tengah,14,12000,0.0,168000
2025-10-26,PRD-06,Jawa Timur,10,12000,0.0,120000
2025-10-26,PRD-06,Jabodetabek,19,12000,10.0,205200
2025-10-26,PRD-07,DI Yogyakarta,3,32000,0.0,96000
2025-10-26,PRD-07,Jawa Tengah,5,32000,0.0,160000
2025-10-26,PRD-07,Jawa Timur,3,32000,0.0,96000
2025-10-26,PRD-07,Jabodetabek,4,32000,5.0,121600
2025-10-26,PRD-08,DI Yogyakarta,6,14000,0.0,84000
2025-10-26,PRD-08,Jawa Tengah,15,14000,0.0,210000
2025-10-26,PRD-08,Jawa Timur,7,14000,0.0,98000
2025-10-26,PRD-08,Jabodetabek,8,14000,0.0,112000
2025-10-27,PRD-01,DI Yogyakarta,16,28000,0.0,448000
2025-10-27,PRD-01,Jawa Tengah,11,28000,0.0,308000
2025-10-27,PRD-01,Jawa Timur,8,28000,0.0,224000
2025-10-27,PRD-01,Jabodetabek,23,28000,15.0,547400
2025-10-27,PRD-02,DI Yogyakarta,11,26000,0.0,286000
2025-10-27,PRD-02,Jawa Tengah,10,26000,10.0,234000
2025-10-27,PRD-02,Jawa Timur,5,26000,5.0,123500
2025-10-27,PRD-02,Jabodetabek,12,26000,0.0,312000
2025-10-27,PRD-03,DI Yogyakarta,6,25000,0.0,150000
2025-10-27,PRD-03,Jawa Tengah,9,25000,0.0,225000
2025-10-27,PRD-03,Jawa Timur,2,25000,0.0,50000
2025-10-27,PRD-03,Jabodetabek,7,25000,0.0,175000
2025-10-27,PRD-04,DI Yogyakarta,21,15000,0.0,315000
2025-10-27,PRD-04,Jawa Tengah,9,15000,0.0,135000
2025-10-27,PRD-04,Jawa Timur,12,15000,0.0,180000
2025-10-27,PRD-04,Jabodetabek,18,15000,0.0,270000
2025-10-27,PRD-05,DI Yogyakarta,7,18000,0.0,126000
2025-10-27,PRD-05,Jawa Tengah,6,18000,10.0,97200
2025-10-27,PRD-05,Jawa Timur,4,18000,0.0,72000
2025-10-27,PRD-05,Jabodetabek,9,18000,0.0,162000
2025-10-27,PRD-06,DI Yogyakarta,12,12000,0.0,144000
2025-10-27,PRD-06,Jawa Tengah,15,12000,0.0,180000
2025-10-27,PRD-06,Jawa Timur,9,12000,5.0,102600
2025-10-27,PRD-06,Jabodetabek,14,12000,0.0,168000
2025-10-27,PRD-07,DI Yogyakarta,4,32000,0.0,128000
2025-10-27,PRD-07,Jawa Tengah,3,32000,0.0,96000
2025-10-27,PRD-07,Jawa Timur,3,32000,0.0,96000
2025-10-27,PRD-07,Jabodetabek,7,32000,0.0,224000
2025-10-27,PRD-08,DI Yogyakarta,16,14000,0.0,224000
2025-10-27,PRD-08,Jawa Tengah,7,14000,0.0,98000
2025-10-27,PRD-08,Jawa Timur,7,14000,0.0,98000
2025-10-27,PRD-08,Jabodetabek,13,14000,0.0,182000
2025-10-28,PRD-01,DI Yogyakarta,16,28000,0.0,448000
2025-10-28,PRD-01,Jawa Tengah,12,28000,0.0,336000
2025-10-28,PRD-01,Jawa Timur,4,28000,0.0,112000
2025-10-28,PRD-01,Jabodetabek,6,28000,0.0,168000
2025-10-28,PRD-02,DI Yogyakarta,15,26000,0.0,390000
2025-10-28,PRD-02,Jawa Tengah,10,26000,0.0,260000
2025-10-28,PRD-02,Jawa Timur,11,26000,0.0,286000
2025-10-28,PRD-02,Jabodetabek,8,26000,15.0,176800
2025-10-28,PRD-03,DI Yogyakarta,8,25000,0.0,200000
2025-10-28,PRD-03,Jawa Tengah,5,25000,0.0,125000
2025-10-28,PRD-03,Jawa Timur,5,25000,0.0,125000
2025-10-28,PRD-03,Jabodetabek,5,25000,0.0,125000
2025-10-28,PRD-04,DI Yogyakarta,17,15000,0.0,255000
2025-10-28,PRD-04,Jawa Tengah,12,15000,0.0,180000
2025-10-28,PRD-04,Jawa Timur,9,15000,0.0,135000
2025-10-28,PRD-04,Jabodetabek,28,15000,10.0,378000
2025-10-28,PRD-05,DI Yogyakarta,0,18000,0.0,0
2025-10-28,PRD-05,Jawa Tengah,1,18000,0.0,18000
2025-10-28,PRD-05,Jawa Timur,4,18000,0.0,72000
2025-10-28,PRD-05,Jabodetabek,2,18000,0.0,36000
2025-10-28,PRD-06,DI Yogyakarta,16,12000,0.0,192000
2025-10-28,PRD-06,Jawa Tengah,14,12000,0.0,168000
2025-10-28,PRD-06,Jawa Timur,12,12000,15.0,122400
2025-10-28,PRD-06,Jabodetabek,15,12000,5.0,171000
2025-10-28,PRD-07,DI Yogyakarta,8,32000,10.0,230400
2025-10-28,PRD-07,Jawa Tengah,5,32000,0.0,160000
2025-10-28,PRD-07,Jawa Timur,1,32000,15.0,27200
2025-10-28,PRD-07,Jabodetabek,3,32000,10.0,86400
2025-10-28,PRD-08,DI Yogyakarta,9,14000,0.0,126000
2025-10-28,PRD-08,Jawa Tengah,5,14000,0.0,70000
2025-10-28,PRD-08,Jawa Timur,1,14000,0.0,14000
2025-10-28,PRD-08,Jabodetabek,4,14000,5.0,53200
2025-10-29,PRD-01,DI Yogyakarta,17,28000,0.0,476000
2025-10-29,PRD-01,Jawa Tengah,13,28000,10.0,327600
2025-10-29,PRD-01,Jawa Timur,13,28000,10.0,327600
2025-10-29,PRD-01,Jabodetabek,12,28000,15.0,285600
2025-10-29,PRD-02,DI Yogyakarta,6,26000,0.0,156000
2025-10-29,PRD-02,Jawa Tengah,7,26000,0.0,182000
2025-10-29,PRD-02,Jawa Timur,9,26000,0.0,234000
2025-10-29,PRD-02,Jabodetabek,9,26000,0.0,234000
2025-10-29,PRD-03,DI Yogyakarta,7,25000,0.0,175000
2025-10-29,PRD-03,Jawa Tengah,5,25000,0.0,125000
2025-10-29,PRD-03,Jawa Timur,3,25000,0.0,75000
2025-10-29,PRD-03,Jabodetabek,3,25000,0.0,75000
2025-10-29,PRD-04,DI Yogyakarta,25,15000,10.0,337500
2025-10-29,PRD-04,Jawa Tengah,17,15000,15.0,216750
2025-10-29,PRD-04,Jawa Timur,12,15000,5.0,171000
2025-10-29,PRD-04,Jabodetabek,17,15000,0.0,255000
2025-10-29,PRD-05,DI Yogyakarta,5,18000,0.0,90000
2025-10-29,PRD-05,Jawa Tengah,3,18000,0.0,54000
2025-10-29,PRD-05,Jawa Timur,3,18000,0.0,54000
2025-10-29,PRD-05,Jabodetabek,1,18000,0.0,18000
2025-10-29,PRD-06,DI Yogyakarta,13,12000,0.0,156000
2025-10-29,PRD-06,Jawa Tengah,11,12000,0.0,132000
2025-10-29,PRD-06,Jawa Timur,7,12000,10.0,75600
2025-10-29,PRD-06,Jabodetabek,11,12000,0.0,132000
2025-10-29,PRD-07,DI Yogyakarta,5,32000,5.0,152000
2025-10-29,PRD-07,Jawa Tengah,2,32000,0.0,64000
2025-10-29,PRD-07,Jawa Timur,3,32000,5.0,91200
2025-10-29,PRD-07,Jabodetabek,5,32000,0.0,160000
2025-10-29,PRD-08,DI Yogyakarta,7,14000,0.0,98000
2025-10-29,PRD-08,Jawa Tengah,12,14000,0.0,168000
2025-10-29,PRD-08,Jawa Timur,2,14000,0.0,28000
2025-10-29,PRD-08,Jabodetabek,9,14000,5.0,119700
2025-10-30,PRD-01,DI Yogyakarta,12,28000,0.0,336000
2025-10-30,PRD-01,Jawa Tengah,8,28000,0.0,224000
2025-10-30,PRD-01,Jawa Timur,13,28000,0.0,364000
2025-10-30,PRD-01,Jabodetabek,11,28000,0.0,308000
2025-10-30,PRD-02,DI Yogyakarta,9,26000,0.0,234000
2025-10-30,PRD-02,Jawa Tengah,4,26000,0.0,104000
2025-10-30,PRD-02,Jawa Timur,8,26000,0.0,208000
2025-10-30,PRD-02,Jabodetabek,9,26000,0.0,234000
2025-10-30,PRD-03,DI Yogyakarta,3,25000,5.0,71250
2025-10-30,PRD-03,Jawa Tengah,8,25000,0.0,200000
2025-10-30,PRD-03,Jawa Timur,4,25000,0.0,100000
2025-10-30,PRD-03,Jabodetabek,11,25000,0.0,275000
2025-10-30,PRD-04,DI Yogyakarta,19,15000,0.0,285000
2025-10-30,PRD-04,Jawa Tengah,9,15000,0.0,135000
2025-10-30,PRD-04,Jawa Timur,12,15000,0.0,180000
2025-10-30,PRD-04,Jabodetabek,18,15000,10.0,243000
2025-10-30,PRD-05,DI Yogyakarta,7,18000,0.0,126000
2025-10-30,PRD-05,Jawa Tengah,6,18000,0.0,108000
2025-10-30,PRD-05,Jawa Timur,2,18000,0.0,36000
2025-10-30,PRD-05,Jabodetabek,7,18000,0.0,126000
2025-10-30,PRD-06,DI Yogyakarta,16,12000,0.0,192000
2025-10-30,PRD-06,Jawa Tengah,13,12000,0.0,156000
2025-10-30,PRD-06,Jawa Timur,10,12000,0.0,120000
2025-10-30,PRD-06,Jabodetabek,11,12000,0.0,132000
2025-10-30,PRD-07,DI Yogyakarta,5,32000,5.0,152000
2025-10-30,PRD-07,Jawa Tengah,2,32000,5.0,60800
2025-10-30,PRD-07,Jawa Timur,8,32000,10.0,230400
2025-10-30,PRD-07,Jabodetabek,6,32000,0.0,192000
2025-10-30,PRD-08,DI Yogyakarta,6,14000,0.0,84000
2025-10-30,PRD-08,Jawa Tengah,2,14000,0.0,28000
2025-10-30,PRD-08,Jawa Timur,5,14000,5.0,66500
2025-10-30,PRD-08,Jabodetabek,6,14000,0.0,84000
2025-10-31,PRD-01,DI Yogyakarta,22,28000,0.0,616000
2025-10-31,PRD-01,Jawa Tengah,10,28000,0.0,280000
2025-10-31,PRD-01,Jawa Timur,9,28000,0.0,252000
2025-10-31,PRD-01,Jabodetabek,11,28000,10.0,277200
2025-10-31,PRD-02,DI Yogyakarta,12,26000,5.0,296400
2025-10-31,PRD-02,Jawa Tengah,12,26000,0.0,312000
2025-10-31,PRD-02,Jawa Timur,6,26000,5.0,148200
2025-10-31,PRD-02,Jabodetabek,9,26000,0.0,234000
2025-10-31,PRD-03,DI Yogyakarta,5,25000,0.0,125000
2025-10-31,PRD-03,Jawa Tengah,2,25000,0.0,50000
2025-10-31,PRD-03,Jawa Timur,5,25000,0.0,125000
2025-10-31,PRD-03,Jabodetabek,4,25000,0.0,100000
2025-10-31,PRD-04,DI Yogyakarta,28,15000,0.0,420000
2025-10-31,PRD-04,Jawa Tengah,21,15000,15.0,267750
2025-10-31,PRD-04,Jawa Timur,17,15000,0.0,255000
2025-10-31,PRD-04,Jabodetabek,24,15000,10.0,324000
2025-10-31,PRD-05,DI Yogyakarta,3,18000,0.0,54000
2025-10-31,PRD-05,Jawa Tengah,4,18000,5.0,68400
2025-10-31,PRD-05,Jawa Timur,1,18000,0.0,18000
2025-10-31,PRD-05,Jabodetabek,6,18000,0.0,108000
2025-10-31,PRD-06,DI Yogyakarta,12,12000,0.0,144000
2025-10-31,PRD-06,Jawa Tengah,14,12000,0.0,168000
2025-10-31,PRD-06,Jawa Timur,8,12000,0.0,96000
2025-10-31,PRD-06,Jabodetabek,6,12000,5.0,68400
2025-10-31,PRD-07,DI Yogyakarta,6,32000,5.0,182400
2025-10-31,PRD-07,Jawa Tengah,2,32000,0.0,64000
2025-10-31,PRD-07,Jawa Timur,5,32000,0.0,160000
2025-10-31,PRD-07,Jabodetabek,5,32000,0.0,160000
2025-10-31,PRD-08,DI Yogyakarta,7,14000,0.0,98000
2025-10-31,PRD-08,Jawa Tengah,6,14000,10.0,75600
2025-10-31,PRD-08,Jawa Timur,3,14000,0.0,42000
2025-10-31,PRD-08,Jabodetabek,9,14000,0.0,126000
2025-11-01,PRD-01,DI Yogyakarta,27,28000,0.0,756000
2025-11-01,PRD-01,Jawa Tengah,15,28000,0.0,420000
2025-11-01,PRD-01,Jawa Timur,9,28000,10.0,226800
2025-11-01,PRD-01,Jabodetabek,16,28000,0.0,448000
2025-11-01,PRD-02,DI Yogyakarta,12,26000,0.0,312000
2025-11-01,PRD-02,Jawa Tengah,10,26000,0.0,260000
2025-11-01,PRD-02,Jawa Timur,5,26000,0.0,130000
2025-11-01,PRD-02,Jabodetabek,14,26000,5.0,345800
2025-11-01,PRD-03,DI Yogyakarta,16,25000,5.0,380000
2025-11-01,PRD-03,Jawa Tengah,9,25000,0.0,225000
2025-11-01,PRD-03,Jawa Timur,4,25000,0.0,100000
2025-11-01,PRD-03,Jabodetabek,10,25000,5.0,237500
2025-11-01,PRD-04,DI Yogyakarta,17,15000,0.0,255000
2025-11-01,PRD-04,Jawa Tengah,15,15000,0.0,225000
2025-11-01,PRD-04,Jawa Timur,22,15000,0.0,330000
2025-11-01,PRD-04,Jabodetabek,23,15000,0.0,345000
2025-11-01,PRD-05,DI Yogyakarta,11,18000,0.0,198000
2025-11-01,PRD-05,Jawa Tengah,9,18000,0.0,162000
2025-11-01,PRD-05,Jawa Timur,6,18000,0.0,108000
2025-11-01,PRD-05,Jabodetabek,2,18000,0.0,36000
2025-11-01,PRD-06,DI Yogyakarta,20,12000,0.0,240000
2025-11-01,PRD-06,Jawa Tengah,13,12000,10.0,140400
2025-11-01,PRD-06,Jawa Timur,14,12000,0.0,168000
2025-11-01,PRD-06,Jabodetabek,27,12000,0.0,324000
2025-11-01,PRD-07,DI Yogyakarta,4,32000,0.0,128000
2025-11-01,PRD-07,Jawa Tengah,2,32000,0.0,64000
2025-11-01,PRD-07,Jawa Timur,3,32000,0.0,96000
2025-11-01,PRD-07,Jabodetabek,6,32000,0.0,192000
2025-11-01,PRD-08,DI Yogyakarta,10,14000,0.0,140000
2025-11-01,PRD-08,Jawa Tengah,9,14000,10.0,113400
2025-11-01,PRD-08,Jawa Timur,13,14000,0.0,182000
2025-11-01,PRD-08,Jabodetabek,10,14000,0.0,140000
2025-11-02,PRD-01,DI Yogyakarta,20,28000,5.0,532000
2025-11-02,PRD-01,Jawa Tengah,15,28000,5.0,399000
2025-11-02,PRD-01,Jawa Timur,11,28000,0.0,308000
2025-11-02,PRD-01,Jabodetabek,11,28000,15.0,261800
2025-11-02,PRD-02,DI Yogyakarta,12,26000,5.0,296400
2025-11-02,PRD-02,Jawa Tengah,9,26000,0.0,234000
2025-11-02,PRD-02,Jawa Timur,12,26000,0.0,312000
2025-11-02,PRD-02,Jabodetabek,13,26000,0.0,338000
2025-11-02,PRD-03,DI Yogyakarta,10,25000,15.0,212500
2025-11-02,PRD-03,Jawa Tengah,10,25000,0.0,250000
2025-11-02,PRD-03,Jawa Timur,4,25000,5.0,95000
2025-11-02,PRD-03,Jabodetabek,5,25000,0.0,125000
2025-11-02,PRD-04,DI Yogyakarta,26,15000,0.0,390000
2025-11-02,PRD-04,Jawa Tengah,22,15000,0.0,330000
2025-11-02,PRD-04,Jawa Timur,14,15000,0.0,210000
2025-11-02,PRD-04,Jabodetabek,12,15000,0.0,180000
2025-11-02,PRD-05,DI Yogyakarta,11,18000,0.0,198000
2025-11-02,PRD-05,Jawa Tengah,7,18000,0.0,126000
2025-11-02,PRD-05,Jawa Timur,1,18000,15.0,15300
2025-11-02,PRD-05,Jabodetabek,5,18000,0.0,90000
2025-11-02,PRD-06,DI Yogyakarta,19,12000,0.0,228000
2025-11-02,PRD-06,Jawa Tengah,19,12000,0.0,228000
2025-11-02,PRD-06,Jawa Timur,8,12000,0.0,96000
2025-11-02,PRD-06,Jabodetabek,22,12000,0.0,264000
2025-11-02,PRD-07,DI Yogyakarta,7,32000,5.0,212800
2025-11-02,PRD-07,Jawa Tengah,4,32000,0.0,128000
2025-11-02,PRD-07,Jawa Timur,5,32000,0.0,160000
2025-11-02,PRD-07,Jabodetabek,10,32000,0.0,320000
2025-11-02,PRD-08,DI Yogyakarta,10,14000,0.0,140000
2025-11-02,PRD-08,Jawa Tengah,6,14000,0.0,84000
2025-11-02,PRD-08,Jawa Timur,9,14000,0.0,126000
2025-11-02,PRD-08,Jabodetabek,12,14000,5.0,159600
2025-11-03,PRD-01,DI Yogyakarta,14,28000,0.0,392000
2025-11-03,PRD-01,Jawa Tengah,7,28000,5.0,186200
2025-11-03,PRD-01,Jawa Timur,12,28000,0.0,336000
2025-11-03,PRD-01,Jabodetabek,9,28000,0.0,252000
2025-11-03,PRD-02,DI Yogyakarta,12,26000,10.0,280800
2025-11-03,PRD-02,Jawa Tengah,9,26000,0.0,234000
2025-11-03,PRD-02,Jawa Timur,10,26000,0.0,260000
2025-11-03,PRD-02,Jabodetabek,6,26000,5.0,148200
2025-11-03,PRD-03,DI Yogyakarta,6,25000,0.0,150000
2025-11-03,PRD-03,Jawa Tengah,5,25000,0.0,125000
2025-11-03,PRD-03,Jawa Timur,5,25000,0.0,125000
2025-11-03,PRD-03,Jabodetabek,4,25000,0.0,100000
2025-11-03,PRD-04,DI Yogyakarta,29,15000,0.0,435000
2025-11-03,PRD-04,Jawa Tengah,14,15000,0.0,210000
2025-11-03,PRD-04,Jawa Timur,10,15000,0.0,150000
2025-11-03,PRD-04,Jabodetabek,9,15000,0.0,135000
2025-11-03,PRD-05,DI Yogyakarta,7,18000,0.0,126000
2025-11-03,PRD-05,Jawa Tengah,10,18000,0.0,180000
2025-11-03,PRD-05,Jawa Timur,4,18000,0.0,72000
2025-11-03,PRD-05,Jabodetabek,7,18000,0.0,126000
2025-11-03,PRD-06,DI Yogyakarta,20,12000,0.0,240000
2025-11-03,PRD-06,Jawa Tengah,11,12000,0.0,132000
2025-11-03,PRD-06,Jawa Timur,7,12000,0.0,84000
2025-11-03,PRD-06,Jabodetabek,11,12000,0.0,132000
2025-11-03,PRD-07,DI Yogyakarta,5,32000,0.0,160000
2025-11-03,PRD-07,Jawa Tengah,4,32000,0.0,128000
2025-11-03,PRD-07,Jawa Timur,1,32000,0.0,32000
2025-11-03,PRD-07,Jabodetabek,2,32000,0.0,64000
2025-11-03,PRD-08,DI Yogyakarta,7,14000,10.0,88200
2025-11-03,PRD-08,Jawa Tengah,3,14000,0.0,42000
2025-11-03,PRD-08,Jawa Timur,5,14000,15.0,59500
2025-11-03,PRD-08,Jabodetabek,3,14000,0.0,42000
2025-11-04,PRD-01,DI Yogyakarta,12,28000,0.0,336000
2025-11-04,PRD-01,Jawa Tengah,6,28000,0.0,168000
2025-11-04,PRD-01,Jawa Timur,7,28000,0.0,196000
2025-11-04,PRD-01,Jabodetabek,14,28000,0.0,392000
2025-11-04,PRD-02,DI Yogyakarta,12,26000,0.0,312000
2025-11-04,PRD-02,Jawa Tengah,11,26000,0.0,286000
2025-11-04,PRD-02,Jawa Timur,6,26000,10.0,140400
2025-11-04,PRD-02,Jabodetabek,13,26000,0.0,338000
2025-11-04,PRD-03,DI Yogyakarta,12,25000,0.0,300000
2025-11-04,PRD-03,Jawa Tengah,5,25000,5.0,118750
2025-11-04,PRD-03,Jawa Timur,2,25000,0.0,50000
2025-11-04,PRD-03,Jabodetabek,4,25000,0.0,100000
2025-11-04,PRD-04,DI Yogyakarta,16,15000,5.0,228000
2025-11-04,PRD-04,Jawa Tengah,12,15000,0.0,180000
2025-11-04,PRD-04,Jawa Timur,10,15000,10.0,135000
2025-11-04,PRD-04,Jabodetabek,14,15000,5.0,199500
2025-11-04,PRD-05,DI Yogyakarta,4,18000,5.0,68400
2025-11-04,PRD-05,Jawa Tengah,4,18000,0.0,72000
2025-11-04,PRD-05,Jawa Timur,6,18000,0.0,108000
2025-11-04,PRD-05,Jabodetabek,7,18000,0.0,126000
2025-11-04,PRD-06,DI Yogyakarta,12,12000,5.0,136800
2025-11-04,PRD-06,Jawa Tengah,15,12000,10.0,162000
2025-11-04,PRD-06,Jawa Timur,7,12000,5.0,79800
2025-11-04,PRD-06,Jabodetabek,11,12000,0.0,132000
2025-11-04,PRD-07,DI Yogyakarta,4,32000,0.0,128000
2025-11-04,PRD-07,Jawa Tengah,3,32000,0.0,96000
2025-11-04,PRD-07,Jawa Timur,3,32000,0.0,96000
2025-11-04,PRD-07,Jabodetabek,4,32000,10.0,115200
2025-11-04,PRD-08,DI Yogyakarta,10,14000,0.0,140000
2025-11-04,PRD-08,Jawa Tengah,5,14000,10.0,63000
2025-11-04,PRD-08,Jawa Timur,4,14000,0.0,56000
2025-11-04,PRD-08,Jabodetabek,10,14000,0.0,140000
2025-11-05,PRD-01,DI Yogyakarta,13,28000,0.0,364000
2025-11-05,PRD-01,Jawa Tengah,8,28000,5.0,212800
2025-11-05,PRD-01,Jawa Timur,15,28000,0.0,420000
2025-11-05,PRD-01,Jabodetabek,11,28000,0.0,308000
2025-11-05,PRD-02,DI Yogyakarta,9,26000,0.0,234000
2025-11-05,PRD-02,Jawa Tengah,7,26000,0.0,182000
2025-11-05,PRD-02,Jawa Timur,2,26000,0.0,52000
2025-11-05,PRD-02,Jabodetabek,8,26000,10.0,187200
2025-11-05,PRD-03,DI Yogyakarta,6,25000,0.0,150000
2025-11-05,PRD-03,Jawa Tengah,9,25000,0.0,225000
2025-11-05,PRD-03,Jawa Timur,2,25000,0.0,50000
2025-11-05,PRD-03,Jabodetabek,6,25000,0.0,150000
2025-11-05,PRD-04,DI Yogyakarta,25,15000,0.0,375000
2025-11-05,PRD-04,Jawa Tengah,17,15000,0.0,255000
2025-11-05,PRD-04,Jawa Timur,8,15000,5.0,114000
2025-11-05,PRD-04,Jabodetabek,30,15000,0.0,450000
2025-11-05,PRD-05,DI Yogyakarta,5,18000,0.0,90000
2025-11-05,PRD-05,Jawa Tengah,4,18000,0.0,72000
2025-11-05,PRD-05,Jawa Timur,2,18000,0.0,36000
2025-11-05,PRD-05,Jabodetabek,3,18000,10.0,48600
2025-11-05,PRD-06,DI Yogyakarta,23,12000,0.0,276000
2025-11-05,PRD-06,Jawa Tengah,12,12000,0.0,144000
2025-11-05,PRD-06,Jawa Timur,4,12000,0.0,48000
2025-11-05,PRD-06,Jabodetabek,10,12000,0.0,120000
2025-11-05,PRD-07,DI Yogyakarta,5,32000,0.0,160000
2025-11-05,PRD-07,Jawa Tengah,5,32000,0.0,160000
2025-11-05,PRD-07,Jawa Timur,0,32000,0.0,0
2025-11-05,PRD-07,Jabodetabek,6,32000,5.0,182400
2025-11-05,PRD-08,DI Yogyakarta,12,14000,5.0,159600
2025-11-05,PRD-08,Jawa Tengah,5,14000,0.0,70000
2025-11-05,PRD-08,Jawa Timur,5,14000,15.0,59500
2025-11-05,PRD-08,Jabodetabek,8,14000,5.0,106400
2025-11-06,PRD-01,DI Yogyakarta,15,28000,0.0,420000
2025-11-06,PRD-01,Jawa Tengah,9,28000,0.0,252000
2025-11-06,PRD-01,Jawa Timur,8,28000,0.0,224000
2025-11-06,PRD-01,Jabodetabek,19,28000,5.0,505400
2025-11-06,PRD-02,DI Yogyakarta,15,26000,0.0,390000
2025-11-06,PRD-02,Jawa Tengah,11,26000,0.0,286000
2025-11-06,PRD-02,Jawa Timur,8,26000,0.0,208000
2025-11-06,PRD-02,Jabodetabek,11,26000,0.0,286000
2025-11-06,PRD-03,DI Yogyakarta,4,25000,0.0,100000
2025-11-06,PRD-03,Jawa Tengah,9,25000,0.0,225000
2025-11-06,PRD-03,Jawa Timur,2,25000,0.0,50000
2025-11-06,PRD-03,Jabodetabek,7,25000,5.0,166250
2025-11-06,PRD-04,DI Yogyakarta,14,15000,15.0,178500
2025-11-06,PRD-04,Jawa Tengah,13,15000,0.0,195000
2025-11-06,PRD-04,Jawa Timur,11,15000,5.0,156750
2025-11-06,PRD-04,Jabodetabek,12,15000,0.0,180000
2025-11-06,PRD-05,DI Yogyakarta,5,18000,0.0,90000
2025-11-06,PRD-05,Jawa Tengah,2,18000,0.0,36000
2025-11-06,PRD-05,Jawa Timur,4,18000,0.0,72000
2025-11-06,PRD-05,Jabodetabek,6,18000,0.0,108000
2025-11-06,PRD-06,DI Yogyakarta,12,12000,0.0,144000
2025-11-06,PRD-06,Jawa Tengah,11,12000,0.0,132000
2025-11-06,PRD-06,Jawa Timur,15,12000,0.0,180000
2025-11-06,PRD-06,Jabodetabek,15,12000,0.0,180000
2025-11-06,PRD-07,DI Yogyakarta,6,32000,15.0,163200
2025-11-06,PRD-07,Jawa Tengah,1,32000,0.0,32000
2025-11-06,PRD-07,Jawa Timur,2,32000,0.0,64000
2025-11-06,PRD-07,Jabodetabek,5,32000,0.0,160000
2025-11-06,PRD-08,DI Yogyakarta,5,14000,0.0,70000
2025-11-06,PRD-08,Jawa Tengah,9,14000,0.0,126000
2025-11-06,PRD-08,Jawa Timur,11,14000,0.0,154000
2025-11-06,PRD-08,Jabodetabek,10,14000,0.0,140000
2025-11-07,PRD-01,DI Yogyakarta,17,28000,10.0,428400
2025-11-07,PRD-01,Jawa Tengah,9,28000,10.0,226800
2025-11-07,PRD-01,Jawa Timur,5,28000,0.0,140000
2025-11-07,PRD-01,Jabodetabek,10,28000,0.0,280000
2025-11-07,PRD-02,DI Yogyakarta,11,26000,0.0,286000
2025-11-07,PRD-02,Jawa Tengah,7,26000,0.0,182000
2025-11-07,PRD-02,Jawa Timur,1,26000,0.0,26000
2025-11-07,PRD-02,Jabodetabek,8,26000,0.0,208000
2025-11-07,PRD-03,DI Yogyakarta,9,25000,5.0,213750
2025-11-07,PRD-03,Jawa Tengah,3,25000,0.0,75000
2025-11-07,PRD-03,Jawa Timur,4,25000,0.0,100000
2025-11-07,PRD-03,Jabodetabek,5,25000,10.0,112500
2025-11-07,PRD-04,DI Yogyakarta,18,15000,0.0,270000
2025-11-07,PRD-04,Jawa Tengah,17,15000,0.0,255000
2025-11-07,PRD-04,Jawa Timur,8,15000,0.0,120000
2025-11-07,PRD-04,Jabodetabek,25,15000,0.0,375000
2025-11-07,PRD-05,DI Yogyakarta,5,18000,15.0,76500
2025-11-07,PRD-05,Jawa Tengah,2,18000,0.0,36000
2025-11-07,PRD-05,Jawa Timur,2,18000,0.0,36000
2025-11-07,PRD-05,Jabodetabek,7,18000,5.0,119700
2025-11-07,PRD-06,DI Yogyakarta,12,12000,0.0,144000
2025-11-07,PRD-06,Jawa Tengah,11,12000,5.0,125400
2025-11-07,PRD-06,Jawa Timur,6,12000,15.0,61200
2025-11-07,PRD-06,Jabodetabek,10,12000,5.0,114000
2025-11-07,PRD-07,DI Yogyakarta,4,32000,0.0,128000
2025-11-07,PRD-07,Jawa Tengah,4,32000,10.0,115200
2025-11-07,PRD-07,Jawa Timur,1,32000,5.0,30400
2025-11-07,PRD-07,Jabodetabek,4,32000,0.0,128000
2025-11-07,PRD-08,DI Yogyakarta,8,14000,0.0,112000
2025-11-07,PRD-08,Jawa Tengah,3,14000,5.0,39900
2025-11-07,PRD-08,Jawa Timur,2,14000,0.0,28000
2025-11-07,PRD-08,Jabodetabek,6,14000,0.0,84000
2025-11-08,PRD-01,DI Yogyakarta,16,28000,5.0,425600
2025-11-08,PRD-01,Jawa Tengah,10,28000,0.0,280000
2025-11-08,PRD-01,Jawa Timur,21,28000,0.0,588000
2025-11-08,PRD-01,Jabodetabek,10,28000,0.0,280000
2025-11-08,PRD-02,DI Yogyakarta,17,26000,0.0,442000
2025-11-08,PRD-02,Jawa Tengah,12,26000,15.0,265200
2025-11-08,PRD-02,Jawa Timur,3,26000,0.0,78000
2025-11-08,PRD-02,Jabodetabek,9,26000,0.0,234000
2025-11-08,PRD-03,DI Yogyakarta,12,25000,0.0,300000
2025-11-08,PRD-03,Jawa Tengah,8,25000,0.0,200000
2025-11-08,PRD-03,Jawa Timur,7,25000,0.0,175000
2025-11-08,PRD-03,Jabodetabek,7,25000,10.0,157500
2025-11-08,PRD-04,DI Yogyakarta,35,15000,0.0,525000
2025-11-08,PRD-04,Jawa Tengah,20,15000,15.0,255000
2025-11-08,PRD-04,Jawa Timur,12,15000,0.0,180000
2025-11-08,PRD-04,Jabodetabek,17,15000,0.0,255000
2025-11-08,PRD-05,DI Yogyakarta,8,18000,0.0,144000
2025-11-08,PRD-05,Jawa Tengah,7,18000,0.0,126000
2025-11-08,PRD-05,Jawa Timur,4,18000,10.0,64800
2025-11-08,PRD-05,Jabodetabek,6,18000,0.0,108000
2025-11-08,PRD-06,DI Yogyakarta,17,12000,10.0,183600
2025-11-08,PRD-06,Jawa Tengah,9,12000,0.0,108000
2025-11-08,PRD-06,Jawa Timur,9,12000,10.0,97200
2025-11-08,PRD-06,Jabodetabek,27,12000,10.0,291600
2025-11-08,PRD-07,DI Yogyakarta,4,32000,5.0,121600
2025-11-08,PRD-07,Jawa Tengah,6,32000,0.0,192000
2025-11-08,PRD-07,Jawa Timur,2,32000,0.0,64000
2025-11-08,PRD-07,Jabodetabek,6,32000,0.0,192000
2025-11-08,PRD-08,DI Yogyakarta,11,14000,0.0,154000
2025-11-08,PRD-08,Jawa Tengah,6,14000,0.0,84000
2025-11-08,PRD-08,Jawa Timur,4,14000,0.0,56000
2025-11-08,PRD-08,Jabodetabek,11,14000,0.0,154000
2025-11-09,PRD-01,DI Yogyakarta,16,28000,10.0,403200
2025-11-09,PRD-01,Jawa Tengah,15,28000,0.0,420000
2025-11-09,PRD-01,Jawa Timur,9,28000,0.0,252000
2025-11-09,PRD-01,Jabodetabek,28,28000,5.0,744800
2025-11-09,PRD-02,DI Yogyakarta,12,26000,5.0,296400
2025-11-09,PRD-02,Jawa Tengah,12,26000,0.0,312000
2025-11-09,PRD-02,Jawa Timur,15,26000,10.0,351000
2025-11-09,PRD-02,Jabodetabek,14,26000,10.0,327600
2025-11-09,PRD-03,DI Yogyakarta,15,25000,10.0,337500
2025-11-09,PRD-03,Jawa Tengah,6,25000,15.0,127500
2025-11-09,PRD-03,Jawa Timur,7,25000,0.0,175000
2025-11-09,PRD-03,Jabodetabek,6,25000,0.0,150000
2025-11-09,PRD-04,DI Yogyakarta,22,15000,5.0,313500
2025-11-09,PRD-04,Jawa Tengah,20,15000,5.0,285000
2025-11-09,PRD-04,Jawa Timur,9,15000,0.0,135000
2025-11-09,PRD-04,Jabodetabek,18,15000,0.0,270000
2025-11-09,PRD-05,DI Yogyakarta,6,18000,0.0,108000
2025-11-09,PRD-05,Jawa Tengah,6,18000,0.0,108000
2025-11-09,PRD-05,Jawa Timur,7,18000,0.0,126000
2025-11-09,PRD-05,Jabodetabek,5,18000,0.0,90000
2025-11-09,PRD-06,DI Yogyakarta,20,12000,15.0,204000
2025-11-09,PRD-06,Jawa Tengah,11,12000,15.0,112200
2025-11-09,PRD-06,Jawa Timur,13,12000,0.0,156000
2025-11-09,PRD-06,Jabodetabek,18,12000,0.0,216000
2025-11-09,PRD-07,DI Yogyakarta,8,32000,0.0,256000
2025-11-09,PRD-07,Jawa Tengah,5,32000,10.0,144000
2025-11-09,PRD-07,Jawa Timur,1,32000,0.0,32000
2025-11-09,PRD-07,Jabodetabek,6,32000,0.0,192000
2025-11-09,PRD-08,DI Yogyakarta,9,14000,0.0,126000
2025-11-09,PRD-08,Jawa Tengah,8,14000,0.0,112000
2025-11-09,PRD-08,Jawa Timur,8,14000,0.0,112000
2025-11-09,PRD-08,Jabodetabek,10,14000,0.0,140000
2025-11-10,PRD-01,DI Yogyakarta,12,28000,0.0,336000
2025-11-10,PRD-01,Jawa Tengah,9,28000,0.0,252000
2025-11-10,PRD-01,Jawa Timur,13,28000,0.0,364000
2025-11-10,PRD-01,Jabodetabek,7,28000,0.0,196000
2025-11-10,PRD-02,DI Yogyakarta,12,26000,0.0,312000
2025-11-10,PRD-02,Jawa Tengah,12,26000,0.0,312000
2025-11-10,PRD-02,Jawa Timur,6,26000,0.0,156000
2025-11-10,PRD-02,Jabodetabek,11,26000,0.0,286000
2025-11-10,PRD-03,DI Yogyakarta,6,25000,5.0,142500
2025-11-10,PRD-03,Jawa Tengah,5,25000,5.0,118750
2025-11-10,PRD-03,Jawa Timur,2,25000,0.0,50000
2025-11-10,PRD-03,Jabodetabek,6,25000,0.0,150000
2025-11-10,PRD-04,DI Yogyakarta,26,15000,0.0,390000
2025-11-10,PRD-04,Jawa Tengah,12,15000,0.0,180000
2025-11-10,PRD-04,Jawa Timur,7,15000,0.0,105000
2025-11-10,PRD-04,Jabodetabek,21,15000,0.0,315000
2025-11-10,PRD-05,DI Yogyakarta,9,18000,15.0,137700
2025-11-10,PRD-05,Jawa Tengah,6,18000,0.0,108000
2025-11-10,PRD-05,Jawa Timur,4,18000,0.0,72000
2025-11-10,PRD-05,Jabodetabek,11,18000,5.0,188100
2025-11-10,PRD-06,DI Yogyakarta,17,12000,0.0,204000
2025-11-10,PRD-06,Jawa Tengah,10,12000,10.0,108000
2025-11-10,PRD-06,Jawa Timur,10,12000,0.0,120000
2025-11-10,PRD-06,Jabodetabek,17,12000,15.0,173400
2025-11-10,PRD-07,DI Yogyakarta,5,32000,0.0,160000
2025-11-10,PRD-07,Jawa Tengah,5,32000,0.0,160000
2025-11-10,PRD-07,Jawa Timur,2,32000,5.0,60800
2025-11-10,PRD-07,Jabodetabek,2,32000,0.0,64000
2025-11-10,PRD-08,DI Yogyakarta,7,14000,5.0,93100
2025-11-10,PRD-08,Jawa Tengah,7,14000,0.0,98000
2025-11-10,PRD-08,Jawa Timur,5,14000,0.0,70000
2025-11-10,PRD-08,Jabodetabek,6,14000,0.0,84000
2025-11-11,PRD-01,DI Yogyakarta,18,28000,5.0,478800
2025-11-11,PRD-01,Jawa Tengah,8,28000,0.0,224000
2025-11-11,PRD-01,Jawa Timur,7,28000,5.0,186200
2025-11-11,PRD-01,Jabodetabek,20,28000,10.0,504000
2025-11-11,PRD-02,DI Yogyakarta,9,26000,0.0,234000
2025-11-11,PRD-02,Jawa Tengah,10,26000,5.0,247000
2025-11-11,PRD-02,Jawa Timur,2,26000,0.0,52000
2025-11-11,PRD-02,Jabodetabek,7,26000,10.0,163800
2025-11-11,PRD-03,DI Yogyakarta,11,25000,0.0,275000
2025-11-11,PRD-03,Jawa Tengah,2,25000,15.0,42500
2025-11-11,PRD-03,Jawa Timur,5,25000,0.0,125000
2025-11-11,PRD-03,Jabodetabek,7,25000,5.0,166250
2025-11-11,PRD-04,DI Yogyakarta,15,15000,0.0,225000
2025-11-11,PRD-04,Jawa Tengah,13,15000,10.0,175500
2025-11-11,PRD-04,Jawa Timur,8,15000,0.0,120000
2025-11-11,PRD-04,Jabodetabek,21,15000,0.0,315000
2025-11-11,PRD-05,DI Yogyakarta,6,18000,5.0,102600
2025-11-11,PRD-05,Jawa Tengah,3,18000,10.0,48600
2025-11-11,PRD-05,Jawa Timur,2,18000,0.0,36000
2025-11-11,PRD-05,Jabodetabek,4,18000,0.0,72000
2025-11-11,PRD-06,DI Yogyakarta,21,12000,0.0,252000
2025-11-11,PRD-06,Jawa Tengah,9,12000,0.0,108000
2025-11-11,PRD-06,Jawa Timur,6,12000,0.0,72000
2025-11-11,PRD-06,Jabodetabek,14,12000,0.0,168000
2025-11-11,PRD-07,DI Yogyakarta,2,32000,0.0,64000
2025-11-11,PRD-07,Jawa Tengah,2,32000,0.0,64000
2025-11-11,PRD-07,Jawa Timur,5,32000,0.0,160000
2025-11-11,PRD-07,Jabodetabek,6,32000,0.0,192000
2025-11-11,PRD-08,DI Yogyakarta,12,14000,0.0,168000
2025-11-11,PRD-08,Jawa Tengah,8,14000,0.0,112000
2025-11-11,PRD-08,Jawa Timur,4,14000,0.0,56000
2025-11-11,PRD-08,Jabodetabek,8,14000,0.0,112000
2025-11-12,PRD-01,DI Yogyakarta,11,28000,0.0,308000
2025-11-12,PRD-01,Jawa Tengah,14,28000,0.0,392000
2025-11-12,PRD-01,Jawa Timur,11,28000,0.0,308000
2025-11-12,PRD-01,Jabodetabek,15,28000,0.0,420000
2025-11-12,PRD-02,DI Yogyakarta,10,26000,0.0,260000
2025-11-12,PRD-02,Jawa Tengah,9,26000,0.0,234000
2025-11-12,PRD-02,Jawa Timur,8,26000,0.0,208000
2025-11-12,PRD-02,Jabodetabek,10,26000,0.0,260000
2025-11-12,PRD-03,DI Yogyakarta,7,25000,0.0,175000
2025-11-12,PRD-03,Jawa Tengah,12,25000,0.0,300000
2025-11-12,PRD-03,Jawa Timur,2,25000,0.0,50000
2025-11-12,PRD-03,Jabodetabek,11,25000,10.0,247500
2025-11-12,PRD-04,DI Yogyakarta,26,15000,0.0,390000
2025-11-12,PRD-04,Jawa Tengah,20,15000,0.0,300000
2025-11-12,PRD-04,Jawa Timur,12,15000,0.0,180000
2025-11-12,PRD-04,Jabodetabek,15,15000,0.0,225000
2025-11-12,PRD-05,DI Yogyakarta,5,18000,0.0,90000
2025-11-12,PRD-05,Jawa Tengah,5,18000,0.0,90000
2025-11-12,PRD-05,Jawa Timur,3,18000,0.0,54000
2025-11-12,PRD-05,Jabodetabek,3,18000,0.0,54000
2025-11-12,PRD-06,DI Yogyakarta,11,12000,0.0,132000
2025-11-12,PRD-06,Jawa Tengah,9,12000,0.0,108000
2025-11-12,PRD-06,Jawa Timur,8,12000,0.0,96000
2025-11-12,PRD-06,Jabodetabek,14,12000,10.0,151200
2025-11-12,PRD-07,DI Yogyakarta,3,32000,0.0,96000
2025-11-12,PRD-07,Jawa Tengah,0,32000,0.0,0
2025-11-12,PRD-07,Jawa Timur,3,32000,0.0,96000
2025-11-12,PRD-07,Jabodetabek,0,32000,0.0,0
2025-11-12,PRD-08,DI Yogyakarta,5,14000,10.0,63000
2025-11-12,PRD-08,Jawa Tengah,3,14000,10.0,37800
2025-11-12,PRD-08,Jawa Timur,3,14000,0.0,42000
2025-11-12,PRD-08,Jabodetabek,10,14000,0.0,140000
2025-11-13,PRD-01,DI Yogyakarta,8,28000,0.0,224000
2025-11-13,PRD-01,Jawa Tengah,10,28000,0.0,280000
2025-11-13,PRD-01,Jawa Timur,10,28000,0.0,280000
2025-11-13,PRD-01,Jabodetabek,11,28000,0.0,308000
2025-11-13,PRD-02,DI Yogyakarta,12,26000,0.0,312000
2025-11-13,PRD-02,Jawa Tengah,6,26000,0.0,156000
2025-11-13,PRD-02,Jawa Timur,10,26000,0.0,260000
2025-11-13,PRD-02,Jabodetabek,8,26000,0.0,208000
2025-11-13,PRD-03,DI Yogyakarta,6,25000,0.0,150000
2025-11-13,PRD-03,Jawa Tengah,6,25000,0.0,150000
2025-11-13,PRD-03,Jawa Timur,1,25000,0.0,25000
2025-11-13,PRD-03,Jabodetabek,5,25000,15.0,106250
2025-11-13,PRD-04,DI Yogyakarta,18,15000,0.0,270000
2025-11-13,PRD-04,Jawa Tengah,8,15000,0.0,120000
2025-11-13,PRD-04,Jawa Timur,6,15000,0.0,90000
2025-11-13,PRD-04,Jabodetabek,21,15000,0.0,315000
2025-11-13,PRD-05,DI Yogyakarta,7,18000,10.0,113400
2025-11-13,PRD-05,Jawa Tengah,5,18000,0.0,90000
2025-11-13,PRD-05,Jawa Timur,1,18000,5.0,17100
2025-11-13,PRD-05,Jabodetabek,3,18000,0.0,54000
2025-11-13,PRD-06,DI Yogyakarta,11,12000,5.0,125400
2025-11-13,PRD-06,Jawa Tengah,8,12000,0.0,96000
2025-11-13,PRD-06,Jawa Timur,14,12000,0.0,168000
2025-11-13,PRD-06,Jabodetabek,8,12000,10.0,86400
2025-11-13,PRD-07,DI Yogyakarta,7,32000,5.0,212800
2025-11-13,PRD-07,Jawa Tengah,3,32000,0.0,96000
2025-11-13,PRD-07,Jawa Timur,2,32000,0.0,64000
2025-11-13,PRD-07,Jabodetabek,2,32000,10.0,57600
2025-11-13,PRD-08,DI Yogyakarta,7,14000,5.0,93100
2025-11-13,PRD-08,Jawa Tengah,9,14000,0.0,126000
2025-11-13,PRD-08,Jawa Timur,1,14000,0.0,14000
2025-11-13,PRD-08,Jabodetabek,14,14000,0.0,196000
2025-11-14,PRD-01,DI Yogyakarta,14,28000,0.0,392000
2025-11-14,PRD-01,Jawa Tengah,13,28000,0.0,364000
2025-11-14,PRD-01,Jawa Timur,8,28000,0.0,224000
2025-11-14,PRD-01,Jabodetabek,15,28000,0.0,420000
2025-11-14,PRD-02,DI Yogyakarta,6,26000,10.0,140400
2025-11-14,PRD-02,Jawa Tengah,6,26000,0.0,156000
2025-11-14,PRD-02,Jawa Timur,4,26000,10.0,93600
2025-11-14,PRD-02,Jabodetabek,8,26000,5.0,197600
2025-11-14,PRD-03,DI Yogyakarta,10,25000,0.0,250000
2025-11-14,PRD-03,Jawa Tengah,5,25000,5.0,118750
2025-11-14,PRD-03,Jawa Timur,5,25000,0.0,125000
2025-11-14,PRD-03,Jabodetabek,8,25000,0.0,200000
2025-11-14,PRD-04,DI Yogyakarta,19,15000,0.0,285000
2025-11-14,PRD-04,Jawa Tengah,16,15000,0.0,240000
2025-11-14,PRD-04,Jawa Timur,7,15000,5.0,99750
2025-11-14,PRD-04,Jabodetabek,14,15000,0.0,210000
2025-11-14,PRD-05,DI Yogyakarta,8,18000,0.0,144000
2025-11-14,PRD-05,Jawa Tengah,6,18000,10.0,97200
2025-11-14,PRD-05,Jawa Timur,1,18000,0.0,18000
2025-11-14,PRD-05,Jabodetabek,3,18000,0.0,54000
2025-11-14,PRD-06,DI Yogyakarta,12,12000,0.0,144000
2025-11-14,PRD-06,Jawa Tengah,10,12000,0.0,120000
2025-11-14,PRD-06,Jawa Timur,13,12000,0.0,156000
2025-11-14,PRD-06,Jabodetabek,15,12000,5.0,171000
2025-11-14,PRD-07,DI Yogyakarta,5,32000,10.0,144000
2025-11-14,PRD-07,Jawa Tengah,3,32000,0.0,96000
2025-11-14,PRD-07,Jawa Timur,4,32000,0.0,128000
2025-11-14,PRD-07,Jabodetabek,3,32000,10.0,86400
2025-11-14,PRD-08,DI Yogyakarta,12,14000,0.0,168000
2025-11-14,PRD-08,Jawa Tengah,5,14000,0.0,70000
2025-11-14,PRD-08,Jawa Timur,6,14000,10.0,75600
2025-11-14,PRD-08,Jabodetabek,9,14000,5.0,119700
2025-11-15,PRD-01,DI Yogyakarta,12,28000,0.0,336000
2025-11-15,PRD-01,Jawa Tengah,15,28000,0.0,420000
2025-11-15,PRD-01,Jawa Timur,12,28000,0.0,336000
2025-11-15,PRD-01,Jabodetabek,16,28000,0.0,448000
2025-11-15,PRD-02,DI Yogyakarta,18,26000,0.0,468000
2025-11-15,PRD-02,Jawa Tengah,9,26000,0.0,234000
2025-11-15,PRD-02,Jawa Timur,9,26000,0.0,234000
2025-11-15,PRD-02,Jabodetabek,18,26000,0.0,468000
2025-11-15,PRD-03,DI Yogyakarta,10,25000,10.0,225000
2025-11-15,PRD-03,Jawa Tengah,5,25000,5.0,118750
2025-11-15,PRD-03,Jawa Timur,4,25000,0.0,100000
2025-11-15,PRD-03,Jabodetabek,6,25000,0.0,150000
2025-11-15,PRD-04,DI Yogyakarta,22,15000,15.0,280500
2025-11-15,PRD-04,Jawa Tengah,14,15000,0.0,210000
2025-11-15,PRD-04,Jawa Timur,16,15000,5.0,228000
2025-11-15,PRD-04,Jabodetabek,25,15000,0.0,375000
2025-11-15,PRD-05,DI Yogyakarta,7,18000,0.0,126000
2025-11-15,PRD-05,Jawa Tengah,5,18000,15.0,76500
2025-11-15,PRD-05,Jawa Timur,4,18000,5.0,68400
2025-11-15,PRD-05,Jabodetabek,10,18000,0.0,180000
2025-11-15,PRD-06,DI Yogyakarta,15,12000,10.0,162000
2025-11-15,PRD-06,Jawa Tengah,14,12000,0.0,168000
2025-11-15,PRD-06,Jawa Timur,14,12000,10.0,151200
2025-11-15,PRD-06,Jabodetabek,16,12000,0.0,192000
2025-11-15,PRD-07,DI Yogyakarta,5,32000,0.0,160000
2025-11-15,PRD-07,Jawa Tengah,3,32000,5.0,91200
2025-11-15,PRD-07,Jawa Timur,5,32000,0.0,160000
2025-11-15,PRD-07,Jabodetabek,2,32000,5.0,60800
2025-11-15,PRD-08,DI Yogyakarta,9,14000,5.0,119700
2025-11-15,PRD-08,Jawa Tengah,6,14000,5.0,79800
2025-11-15,PRD-08,Jawa Timur,5,14000,0.0,70000
2025-11-15,PRD-08,Jabodetabek,9,14000,0.0,126000
2025-11-16,PRD-01,DI Yogyakarta,29,28000,5.0,771400
2025-11-16,PRD-01,Jawa Tengah,17,28000,0.0,476000
2025-11-16,PRD-01,Jawa Timur,6,28000,0.0,168000
2025-11-16,PRD-01,Jabodetabek,21,28000,0.0,588000
2025-11-16,PRD-02,DI Yogyakarta,14,26000,0.0,364000
2025-11-16,PRD-02,Jawa Tengah,13,26000,0.0,338000
2025-11-16,PRD-02,Jawa Timur,5,26000,15.0,110500
2025-11-16,PRD-02,Jabodetabek,21,26000,5.0,518700
2025-11-16,PRD-03,DI Yogyakarta,12,25000,0.0,300000
2025-11-16,PRD-03,Jawa Tengah,5,25000,0.0,125000
2025-11-16,PRD-03,Jawa Timur,4,25000,10.0,90000
2025-11-16,PRD-03,Jabodetabek,10,25000,0.0,250000
2025-11-16,PRD-04,DI Yogyakarta,24,15000,0.0,360000
2025-11-16,PRD-04,Jawa Tengah,7,15000,0.0,105000
2025-11-16,PRD-04,Jawa Timur,14,15000,0.0,210000
2025-11-16,PRD-04,Jabodetabek,16,15000,0.0,240000
2025-11-16,PRD-05,DI Yogyakarta,8,18000,10.0,129600
2025-11-16,PRD-05,Jawa Tengah,5,18000,0.0,90000
2025-11-16,PRD-05,Jawa Timur,6,18000,10.0,97200
2025-11-16,PRD-05,Jabodetabek,7,18000,0.0,126000
2025-11-16,PRD-06,DI Yogyakarta,14,12000,10.0,151200
2025-11-16,PRD-06,Jawa Tengah,11,12000,0.0,132000
2025-11-16,PRD-06,Jawa Timur,11,12000,0.0,132000
2025-11-16,PRD-06,Jabodetabek,23,12000,0.0,276000
2025-11-16,PRD-07,DI Yogyakarta,7,32000,10.0,201600
2025-11-16,PRD-07,Jawa Tengah,4,32000,0.0,128000
2025-11-16,PRD-07,Jawa Timur,3,32000,5.0,91200
2025-11-16,PRD-07,Jabodetabek,10,32000,10.0,288000
2025-11-16,PRD-08,DI Yogyakarta,15,14000,0.0,210000
2025-11-16,PRD-08,Jawa Tengah,2,14000,15.0,23800
2025-11-16,PRD-08,Jawa Timur,1,14000,0.0,14000
2025-11-16,PRD-08,Jabodetabek,9,14000,0.0,126000
2025-11-17,PRD-01,DI Yogyakarta,13,28000,0.0,364000
2025-11-17,PRD-01,Jawa Tengah,10,28000,0.0,280000
2025-11-17,PRD-01,Jawa Timur,9,28000,0.0,252000
2025-11-17,PRD-01,Jabodetabek,21,28000,0.0,588000
2025-11-17,PRD-02,DI Yogyakarta,7,26000,10.0,163800
2025-11-17,PRD-02,Jawa Tengah,10,26000,0.0,260000
2025-11-17,PRD-02,Jawa Timur,11,26000,15.0,243100
2025-11-17,PRD-02,Jabodetabek,10,26000,0.0,260000
2025-11-17,PRD-03,DI Yogyakarta,2,25000,0.0,50000
2025-11-17,PRD-03,Jawa Tengah,7,25000,0.0,175000
2025-11-17,PRD-03,Jawa Timur,1,25000,0.0,25000
2025-11-17,PRD-03,Jabodetabek,7,25000,0.0,175000
2025-11-17,PRD-04,DI Yogyakarta,13,15000,0.0,195000
2025-11-17,PRD-04,Jawa Tengah,13,15000,5.0,185250
2025-11-17,PRD-04,Jawa Timur,6,15000,0.0,90000
2025-11-17,PRD-04,Jabodetabek,17,15000,0.0,255000
2025-11-17,PRD-05,DI Yogyakarta,6,18000,0.0,108000
2025-11-17,PRD-05,Jawa Tengah,4,18000,0.0,72000
2025-11-17,PRD-05,Jawa Timur,3,18000,0.0,54000
2025-11-17,PRD-05,Jabodetabek,3,18000,0.0,54000
2025-11-17,PRD-06,DI Yogyakarta,16,12000,10.0,172800
2025-11-17,PRD-06,Jawa Tengah,6,12000,0.0,72000
2025-11-17,PRD-06,Jawa Timur,5,12000,0.0,60000
2025-11-17,PRD-06,Jabodetabek,8,12000,0.0,96000
2025-11-17,PRD-07,DI Yogyakarta,5,32000,0.0,160000
2025-11-17,PRD-07,Jawa Tengah,1,32000,5.0,30400
2025-11-17,PRD-07,Jawa Timur,3,32000,5.0,91200
2025-11-17,PRD-07,Jabodetabek,2,32000,0.0,64000
2025-11-17,PRD-08,DI Yogyakarta,7,14000,0.0,98000
2025-11-17,PRD-08,Jawa Tengah,5,14000,5.0,66500
2025-11-17,PRD-08,Jawa Timur,6,14000,0.0,84000
2025-11-17,PRD-08,Jabodetabek,10,14000,10.0,126000
2025-11-18,PRD-01,DI Yogyakarta,16,28000,0.0,448000
2025-11-18,PRD-01,Jawa Tengah,5,28000,0.0,140000
2025-11-18,PRD-01,Jawa Timur,6,28000,5.0,159600
2025-11-18,PRD-01,Jabodetabek,22,28000,0.0,616000
2025-11-18,PRD-02,DI Yogyakarta,7,26000,0.0,182000
2025-11-18,PRD-02,Jawa Tengah,10,26000,0.0,260000
2025-11-18,PRD-02,Jawa Timur,4,26000,0.0,104000
2025-11-18,PRD-02,Jabodetabek,9,26000,5.0,222300
2025-11-18,PRD-03,DI Yogyakarta,6,25000,0.0,150000
2025-11-18,PRD-03,Jawa Tengah,4,25000,5.0,95000
2025-11-18,PRD-03,Jawa Timur,2,25000,15.0,42500
2025-11-18,PRD-03,Jabodetabek,8,25000,0.0,200000
2025-11-18,PRD-04,DI Yogyakarta,22,15000,0.0,330000
2025-11-18,PRD-04,Jawa Tengah,13,15000,0.0,195000
2025-11-18,PRD-04,Jawa Timur,12,15000,15.0,153000
2025-11-18,PRD-04,Jabodetabek,14,15000,0.0,210000
2025-11-18,PRD-05,DI Yogyakarta,1,18000,5.0,17100
2025-11-18,PRD-05,Jawa Tengah,9,18000,0.0,162000
2025-11-18,PRD-05,Jawa Timur,4,18000,0.0,72000
2025-11-18,PRD-05,Jabodetabek,3,18000,0.0,54000
2025-11-18,PRD-06,DI Yogyakarta,20,12000,10.0,216000
2025-11-18,PRD-06,Jawa Tengah,10,12000,0.0,120000
2025-11-18,PRD-06,Jawa Timur,11,12000,0.0,132000
2025-11-18,PRD-06,Jabodetabek,12,12000,10.0,129600
2025-11-18,PRD-07,DI Yogyakarta,6,32000,0.0,192000
2025-11-18,PRD-07,Jawa Tengah,4,32000,0.0,128000
2025-11-18,PRD-07,Jawa Timur,3,32000,15.0,81600
2025-11-18,PRD-07,Jabodetabek,6,32000,0.0,192000
2025-11-18,PRD-08,DI Yogyakarta,7,14000,0.0,98000
2025-11-18,PRD-08,Jawa Tengah,11,14000,0.0,154000
2025-11-18,PRD-08,Jawa Timur,6,14000,0.0,84000
2025-11-18,PRD-08,Jabodetabek,2,14000,15.0,23800
2025-11-19,PRD-01,DI Yogyakarta,9,28000,10.0,226800
2025-11-19,PRD-01,Jawa Tengah,10,28000,10.0,252000
2025-11-19,PRD-01,Jawa Timur,13,28000,0.0,364000
2025-11-19,PRD-01,Jabodetabek,11,28000,0.0,308000
2025-11-19,PRD-02,DI Yogyakarta,8,26000,0.0,208000
2025-11-19,PRD-02,Jawa Tengah,6,26000,10.0,140400
2025-11-19,PRD-02,Jawa Timur,6,26000,5.0,148200
2025-11-19,PRD-02,Jabodetabek,10,26000,0.0,260000
2025-11-19,PRD-03,DI Yogyakarta,5,25000,0.0,125000
2025-11-19,PRD-03,Jawa Tengah,9,25000,0.0,225000
2025-11-19,PRD-03,Jawa Timur,5,25000,0.0,125000
2025-11-19,PRD-03,Jabodetabek,5,25000,0.0,125000
2025-11-19,PRD-04,DI Yogyakarta,14,15000,0.0,210000
2025-11-19,PRD-04,Jawa Tengah,15,15000,0.0,225000
2025-11-19,PRD-04,Jawa Timur,12,15000,0.0,180000
2025-11-19,PRD-04,Jabodetabek,13,15000,0.0,195000
2025-11-19,PRD-05,DI Yogyakarta,4,18000,0.0,72000
2025-11-19,PRD-05,Jawa Tengah,4,18000,5.0,68400
2025-11-19,PRD-05,Jawa Timur,3,18000,0.0,54000
2025-11-19,PRD-05,Jabodetabek,4,18000,0.0,72000
2025-11-19,PRD-06,DI Yogyakarta,19,12000,15.0,193800
2025-11-19,PRD-06,Jawa Tengah,6,12000,0.0,72000
2025-11-19,PRD-06,Jawa Timur,6,12000,0.0,72000
2025-11-19,PRD-06,Jabodetabek,12,12000,0.0,144000
2025-11-19,PRD-07,DI Yogyakarta,4,32000,0.0,128000
2025-11-19,PRD-07,Jawa Tengah,3,32000,0.0,96000
2025-11-19,PRD-07,Jawa Timur,0,32000,5.0,0
2025-11-19,PRD-07,Jabodetabek,4,32000,0.0,128000
2025-11-19,PRD-08,DI Yogyakarta,5,14000,0.0,70000
2025-11-19,PRD-08,Jawa Tengah,4,14000,0.0,56000
2025-11-19,PRD-08,Jawa Timur,4,14000,5.0,53200
2025-11-19,PRD-08,Jabodetabek,7,14000,0.0,98000
2025-11-20,PRD-01,DI Yogyakarta,11,28000,0.0,308000
2025-11-20,PRD-01,Jawa Tengah,12,28000,0.0,336000
2025-11-20,PRD-01,Jawa Timur,2,28000,5.0,53200
2025-11-20,PRD-01,Jabodetabek,9,28000,10.0,226800
2025-11-20,PRD-02,DI Yogyakarta,13,26000,0.0,338000
2025-11-20,PRD-02,Jawa Tengah,13,26000,0.0,338000
2025-11-20,PRD-02,Jawa Timur,9,26000,0.0,234000
2025-11-20,PRD-02,Jabodetabek,4,26000,5.0,98800
2025-11-20,PRD-03,DI Yogyakarta,10,25000,15.0,212500
2025-11-20,PRD-03,Jawa Tengah,4,25000,5.0,95000
2025-11-20,PRD-03,Jawa Timur,4,25000,0.0,100000
2025-11-20,PRD-03,Jabodetabek,6,25000,5.0,142500
2025-11-20,PRD-04,DI Yogyakarta,22,15000,0.0,330000
2025-11-20,PRD-04,Jawa Tengah,9,15000,5.0,128250
2025-11-20,PRD-04,Jawa Timur,12,15000,0.0,180000
2025-11-20,PRD-04,Jabodetabek,18,15000,0.0,270000
2025-11-20,PRD-05,DI Yogyakarta,5,18000,0.0,90000
2025-11-20,PRD-05,Jawa Tengah,1,18000,0.0,18000
2025-11-20,PRD-05,Jawa Timur,3,18000,0.0,54000
2025-11-20,PRD-05,Jabodetabek,5,18000,5.0,85500
2025-11-20,PRD-06,DI Yogyakarta,16,12000,0.0,192000
2025-11-20,PRD-06,Jawa Tengah,16,12000,0.0,192000
2025-11-20,PRD-06,Jawa Timur,5,12000,0.0,60000
2025-11-20,PRD-06,Jabodetabek,13,12000,0.0,156000
2025-11-20,PRD-07,DI Yogyakarta,9,32000,0.0,288000
2025-11-20,PRD-07,Jawa Tengah,3,32000,0.0,96000
2025-11-20,PRD-07,Jawa Timur,10,32000,0.0,320000
2025-11-20,PRD-07,Jabodetabek,3,32000,0.0,96000
2025-11-20,PRD-08,DI Yogyakarta,14,14000,0.0,196000
2025-11-20,PRD-08,Jawa Tengah,1,14000,0.0,14000
2025-11-20,PRD-08,Jawa Timur,3,14000,0.0,42000
2025-11-20,PRD-08,Jabodetabek,7,14000,0.0,98000
2025-11-21,PRD-01,DI Yogyakarta,14,28000,0.0,392000
2025-11-21,PRD-01,Jawa Tengah,4,28000,0.0,112000
2025-11-21,PRD-01,Jawa Timur,10,28000,15.0,238000
2025-11-21,PRD-01,Jabodetabek,17,28000,0.0,476000
2025-11-21,PRD-02,DI Yogyakarta,15,26000,5.0,370500
2025-11-21,PRD-02,Jawa Tengah,8,26000,0.0,208000
2025-11-21,PRD-02,Jawa Timur,6,26000,0.0,156000
2025-11-21,PRD-02,Jabodetabek,11,26000,0.0,286000
2025-11-21,PRD-03,DI Yogyakarta,2,25000,15.0,42500
2025-11-21,PRD-03,Jawa Tengah,7,25000,5.0,166250
2025-11-21,PRD-03,Jawa Timur,2,25000,0.0,50000
2025-11-21,PRD-03,Jabodetabek,8,25000,0.0,200000
2025-11-21,PRD-04,DI Yogyakarta,14,15000,0.0,210000
2025-11-21,PRD-04,Jawa Tengah,13,15000,5.0,185250
2025-11-21,PRD-04,Jawa Timur,13,15000,0.0,195000
2025-11-21,PRD-04,Jabodetabek,19,15000,0.0,285000
2025-11-21,PRD-05,DI Yogyakarta,4,18000,0.0,72000
2025-11-21,PRD-05,Jawa Tengah,3,18000,15.0,45900
2025-11-21,PRD-05,Jawa Timur,3,18000,10.0,48600
2025-11-21,PRD-05,Jabodetabek,9,18000,0.0,162000
2025-11-21,PRD-06,DI Yogyakarta,17,12000,10.0,183600
2025-11-21,PRD-06,Jawa Tengah,9,12000,0.0,108000
2025-11-21,PRD-06,Jawa Timur,11,12000,0.0,132000
2025-11-21,PRD-06,Jabodetabek,10,12000,0.0,120000
2025-11-21,PRD-07,DI Yogyakarta,4,32000,0.0,128000
2025-11-21,PRD-07,Jawa Tengah,4,32000,0.0,128000
2025-11-21,PRD-07,Jawa Timur,2,32000,0.0,64000
2025-11-21,PRD-07,Jabodetabek,4,32000,0.0,128000
2025-11-21,PRD-08,DI Yogyakarta,7,14000,0.0,98000
2025-11-21,PRD-08,Jawa Tengah,2,14000,0.0,28000
2025-11-21,PRD-08,Jawa Timur,2,14000,0.0,28000
2025-11-21,PRD-08,Jabodetabek,6,14000,0.0,84000
2025-11-22,PRD-01,DI Yogyakarta,22,28000,0.0,616000
2025-11-22,PRD-01,Jawa Tengah,13,28000,15.0,309400
2025-11-22,PRD-01,Jawa Timur,12,28000,0.0,336000
2025-11-22,PRD-01,Jabodetabek,16,28000,0.0,448000
2025-11-22,PRD-02,DI Yogyakarta,19,26000,0.0,494000
2025-11-22,PRD-02,Jawa Tengah,9,26000,0.0,234000
2025-11-22,PRD-02,Jawa Timur,4,26000,0.0,104000
2025-11-22,PRD-02,Jabodetabek,15,26000,15.0,331500
2025-11-22,PRD-03,DI Yogyakarta,6,25000,0.0,150000
2025-11-22,PRD-03,Jawa Tengah,9,25000,0.0,225000
2025-11-22,PRD-03,Jawa Timur,4,25000,5.0,95000
2025-11-22,PRD-03,Jabodetabek,5,25000,0.0,125000
2025-11-22,PRD-04,DI Yogyakarta,22,15000,0.0,330000
2025-11-22,PRD-04,Jawa Tengah,17,15000,0.0,255000
2025-11-22,PRD-04,Jawa Timur,14,15000,0.0,210000
2025-11-22,PRD-04,Jabodetabek,23,15000,0.0,345000
2025-11-22,PRD-05,DI Yogyakarta,6,18000,0.0,108000
2025-11-22,PRD-05,Jawa Tengah,2,18000,0.0,36000
2025-11-22,PRD-05,Jawa Timur,1,18000,0.0,18000
2025-11-22,PRD-05,Jabodetabek,8,18000,0.0,144000
2025-11-22,PRD-06,DI Yogyakarta,17,12000,0.0,204000
2025-11-22,PRD-06,Jawa Tengah,17,12000,0.0,204000
2025-11-22,PRD-06,Jawa Timur,15,12000,0.0,180000
2025-11-22,PRD-06,Jabodetabek,7,12000,10.0,75600
2025-11-22,PRD-07,DI Yogyakarta,2,32000,0.0,64000
2025-11-22,PRD-07,Jawa Tengah,2,32000,5.0,60800
2025-11-22,PRD-07,Jawa Timur,4,32000,0.0,128000
2025-11-22,PRD-07,Jabodetabek,5,32000,0.0,160000
2025-11-22,PRD-08,DI Yogyakarta,12,14000,0.0,168000
2025-11-22,PRD-08,Jawa Tengah,11,14000,0.0,154000
2025-11-22,PRD-08,Jawa Timur,8,14000,5.0,106400
2025-11-22,PRD-08,Jabodetabek,4,14000,15.0,47600
2025-11-23,PRD-01,DI Yogyakarta,22,28000,0.0,616000
2025-11-23,PRD-01,Jawa Tengah,8,28000,10.0,201600
2025-11-23,PRD-01,Jawa Timur,7,28000,0.0,196000
2025-11-23,PRD-01,Jabodetabek,12,28000,0.0,336000
2025-11-23,PRD-02,DI Yogyakarta,8,26000,0.0,208000
2025-11-23,PRD-02,Jawa Tengah,10,26000,0.0,260000
2025-11-23,PRD-02,Jawa Timur,8,26000,0.0,208000
2025-11-23,PRD-02,Jabodetabek,10,26000,15.0,221000
2025-11-23,PRD-03,DI Yogyakarta,13,25000,5.0,308750
2025-11-23,PRD-03,Jawa Tengah,11,25000,0.0,275000
2025-11-23,PRD-03,Jawa Timur,3,25000,0.0,75000
2025-11-23,PRD-03,Jabodetabek,12,25000,5.0,285000
2025-11-23,PRD-04,DI Yogyakarta,36,15000,5.0,513000
2025-11-23,PRD-04,Jawa Tengah,12,15000,10.0,162000
2025-11-23,PRD-04,Jawa Timur,16,15000,0.0,240000
2025-11-23,PRD-04,Jabodetabek,25,15000,0.0,375000
2025-11-23,PRD-05,DI Yogyakarta,8,18000,0.0,144000
2025-11-23,PRD-05,Jawa Tengah,6,18000,0.0,108000
2025-11-23,PRD-05,Jawa Timur,7,18000,0.0,126000
2025-11-23,PRD-05,Jabodetabek,7,18000,5.0,119700
2025-11-23,PRD-06,DI Yogyakarta,20,12000,0.0,240000
2025-11-23,PRD-06,Jawa Tengah,11,12000,0.0,132000
2025-11-23,PRD-06,Jawa Timur,16,12000,15.0,163200
2025-11-23,PRD-06,Jabodetabek,21,12000,5.0,239400
2025-11-23,PRD-07,DI Yogyakarta,6,32000,0.0,192000
2025-11-23,PRD-07,Jawa Tengah,5,32000,0.0,160000
2025-11-23,PRD-07,Jawa Timur,4,32000,10.0,115200
2025-11-23,PRD-07,Jabodetabek,8,32000,0.0,256000
2025-11-23,PRD-08,DI Yogyakarta,11,14000,0.0,154000
2025-11-23,PRD-08,Jawa Tengah,17,14000,5.0,226100
2025-11-23,PRD-08,Jawa Timur,4,14000,0.0,56000
2025-11-23,PRD-08,Jabodetabek,11,14000,0.0,154000
2025-11-24,PRD-01,DI Yogyakarta,11,28000,5.0,292600
2025-11-24,PRD-01,Jawa Tengah,9,28000,0.0,252000
2025-11-24,PRD-01,Jawa Timur,12,28000,0.0,336000
2025-11-24,PRD-01,Jabodetabek,10,28000,0.0,280000
2025-11-24,PRD-02,DI Yogyakarta,7,26000,5.0,172900
2025-11-24,PRD-02,Jawa Tengah,5,26000,0.0,130000
2025-11-24,PRD-02,Jawa Timur,3,26000,0.0,78000
2025-11-24,PRD-02,Jabodetabek,4,26000,0.0,104000
2025-11-24,PRD-03,DI Yogyakarta,6,25000,0.0,150000
2025-11-24,PRD-03,Jawa Tengah,3,25000,0.0,75000
2025-11-24,PRD-03,Jawa Timur,3,25000,0.0,75000
2025-11-24,PRD-03,Jabodetabek,6,25000,5.0,142500
2025-11-24,PRD-04,DI Yogyakarta,20,15000,0.0,300000
2025-11-24,PRD-04,Jawa Tengah,13,15000,0.0,195000
2025-11-24,PRD-04,Jawa Timur,8,15000,0.0,120000
2025-11-24,PRD-04,Jabodetabek,21,15000,0.0,315000
2025-11-24,PRD-05,DI Yogyakarta,10,18000,0.0,180000
2025-11-24,PRD-05,Jawa Tengah,6,18000,0.0,108000
2025-11-24,PRD-05,Jawa Timur,2,18000,0.0,36000
2025-11-24,PRD-05,Jabodetabek,6,18000,0.0,108000
2025-11-24,PRD-06,DI Yogyakarta,23,12000,15.0,234600
2025-11-24,PRD-06,Jawa Tengah,15,12000,0.0,180000
2025-11-24,PRD-06,Jawa Timur,12,12000,5.0,136800
2025-11-24,PRD-06,Jabodetabek,18,12000,0.0,216000
2025-11-24,PRD-07,DI Yogyakarta,5,32000,0.0,160000
2025-11-24,PRD-07,Jawa Tengah,2,32000,5.0,60800
2025-11-24,PRD-07,Jawa Timur,2,32000,10.0,57600
2025-11-24,PRD-07,Jabodetabek,5,32000,0.0,160000
2025-11-24,PRD-08,DI Yogyakarta,8,14000,0.0,112000
2025-11-24,PRD-08,Jawa Tengah,8,14000,10.0,100800
2025-11-24,PRD-08,Jawa Timur,4,14000,0.0,56000
2025-11-24,PRD-08,Jabodetabek,5,14000,0.0,70000
2025-11-25,PRD-01,DI Yogyakarta,9,28000,0.0,252000
2025-11-25,PRD-01,Jawa Tengah,11,28000,0.0,308000
2025-11-25,PRD-01,Jawa Timur,9,28000,5.0,239400
2025-11-25,PRD-01,Jabodetabek,9,28000,0.0,252000
2025-11-25,PRD-02,DI Yogyakarta,10,26000,0.0,260000
2025-11-25,PRD-02,Jawa Tengah,10,26000,0.0,260000
2025-11-25,PRD-02,Jawa Timur,5,26000,0.0,130000
2025-11-25,PRD-02,Jabodetabek,11,26000,0.0,286000
2025-11-25,PRD-03,DI Yogyakarta,5,25000,0.0,125000
2025-11-25,PRD-03,Jawa Tengah,4,25000,0.0,100000
2025-11-25,PRD-03,Jawa Timur,4,25000,0.0,100000
2025-11-25,PRD-03,Jabodetabek,8,25000,0.0,200000
2025-11-25,PRD-04,DI Yogyakarta,12,15000,0.0,180000
2025-11-25,PRD-04,Jawa Tengah,16,15000,0.0,240000
2025-11-25,PRD-04,Jawa Timur,14,15000,0.0,210000
2025-11-25,PRD-04,Jabodetabek,13,15000,0.0,195000
2025-11-25,PRD-05,DI Yogyakarta,7,18000,10.0,113400
2025-11-25,PRD-05,Jawa Tengah,2,18000,0.0,36000
2025-11-25,PRD-05,Jawa Timur,4,18000,0.0,72000
2025-11-25,PRD-05,Jabodetabek,5,18000,0.0,90000
2025-11-25,PRD-06,DI Yogyakarta,14,12000,0.0,168000
2025-11-25,PRD-06,Jawa Tengah,8,12000,0.0,96000
2025-11-25,PRD-06,Jawa Timur,7,12000,0.0,84000
2025-11-25,PRD-06,Jabodetabek,16,12000,0.0,192000
2025-11-25,PRD-07,DI Yogyakarta,3,32000,0.0,96000
2025-11-25,PRD-07,Jawa Tengah,3,32000,0.0,96000
2025-11-25,PRD-07,Jawa Timur,2,32000,0.0,64000
2025-11-25,PRD-07,Jabodetabek,5,32000,10.0,144000
2025-11-25,PRD-08,DI Yogyakarta,7,14000,0.0,98000
2025-11-25,PRD-08,Jawa Tengah,11,14000,0.0,154000
2025-11-25,PRD-08,Jawa Timur,8,14000,0.0,112000
2025-11-25,PRD-08,Jabodetabek,5,14000,5.0,66500
2025-11-26,PRD-01,DI Yogyakarta,10,28000,0.0,280000
2025-11-26,PRD-01,Jawa Tengah,7,28000,0.0,196000
2025-11-26,PRD-01,Jawa Timur,9,28000,0.0,252000
2025-11-26,PRD-01,Jabodetabek,17,28000,0.0,476000
2025-11-26,PRD-02,DI Yogyakarta,11,26000,0.0,286000
2025-11-26,PRD-02,Jawa Tengah,11,26000,0.0,286000
2025-11-26,PRD-02,Jawa Timur,2,26000,0.0,52000
2025-11-26,PRD-02,Jabodetabek,4,26000,0.0,104000
2025-11-26,PRD-03,DI Yogyakarta,5,25000,0.0,125000
2025-11-26,PRD-03,Jawa Tengah,3,25000,5.0,71250
2025-11-26,PRD-03,Jawa Timur,4,25000,0.0,100000
2025-11-26,PRD-03,Jabodetabek,7,25000,0.0,175000
2025-11-26,PRD-04,DI Yogyakarta,19,15000,0.0,285000
2025-11-26,PRD-04,Jawa Tengah,11,15000,0.0,165000
2025-11-26,PRD-04,Jawa Timur,10,15000,0.0,150000
2025-11-26,PRD-04,Jabodetabek,18,15000,15.0,229500
2025-11-26,PRD-05,DI Yogyakarta,5,18000,0.0,90000
2025-11-26,PRD-05,Jawa Tengah,4,18000,5.0,68400
2025-11-26,PRD-05,Jawa Timur,2,18000,0.0,36000
2025-11-26,PRD-05,Jabodetabek,5,18000,0.0,90000
2025-11-26,PRD-06,DI Yogyakarta,21,12000,0.0,252000
2025-11-26,PRD-06,Jawa Tengah,15,12000,0.0,180000
2025-11-26,PRD-06,Jawa Timur,5,12000,5.0,57000
2025-11-26,PRD-06,Jabodetabek,16,12000,0.0,192000
2025-11-26,PRD-07,DI Yogyakarta,5,32000,10.0,144000
2025-11-26,PRD-07,Jawa Tengah,3,32000,0.0,96000
2025-11-26,PRD-07,Jawa Timur,1,32000,0.0,32000
2025-11-26,PRD-07,Jabodetabek,3,32000,0.0,96000
2025-11-26,PRD-08,DI Yogyakarta,9,14000,0.0,126000
2025-11-26,PRD-08,Jawa Tengah,5,14000,0.0,70000
2025-11-26,PRD-08,Jawa Timur,5,14000,0.0,70000
2025-11-26,PRD-08,Jabodetabek,6,14000,0.0,84000
2025-11-27,PRD-01,DI Yogyakarta,15,28000,0.0,420000
2025-11-27,PRD-01,Jawa Tengah,13,28000,0.0,364000
2025-11-27,PRD-01,Jawa Timur,7,28000,10.0,176400
2025-11-27,PRD-01,Jabodetabek,10,28000,10.0,252000
2025-11-27,PRD-02,DI Yogyakarta,15,26000,0.0,390000
2025-11-27,PRD-02,Jawa Tengah,5,26000,5.0,123500
2025-11-27,PRD-02,Jawa Timur,7,26000,0.0,182000
2025-11-27,PRD-02,Jabodetabek,12,26000,0.0,312000
2025-11-27,PRD-03,DI Yogyakarta,5,25000,0.0,125000
2025-11-27,PRD-03,Jawa Tengah,3,25000,0.0,75000
2025-11-27,PRD-03,Jawa Timur,2,25000,0.0,50000
2025-11-27,PRD-03,Jabodetabek,6,25000,15.0,127500
2025-11-27,PRD-04,DI Yogyakarta,23,15000,0.0,345000
2025-11-27,PRD-04,Jawa Tengah,11,15000,0.0,165000
2025-11-27,PRD-04,Jawa Timur,12,15000,0.0,180000
2025-11-27,PRD-04,Jabodetabek,21,15000,0.0,315000
2025-11-27,PRD-05,DI Yogyakarta,5,18000,0.0,90000
2025-11-27,PRD-05,Jawa Tengah,3,18000,0.0,54000
2025-11-27,PRD-05,Jawa Timur,5,18000,0.0,90000
2025-11-27,PRD-05,Jabodetabek,4,18000,0.0,72000
2025-11-27,PRD-06,DI Yogyakarta,14,12000,0.0,168000
2025-11-27,PRD-06,Jawa Tengah,15,12000,0.0,180000
2025-11-27,PRD-06,Jawa Timur,7,12000,0.0,84000
2025-11-27,PRD-06,Jabodetabek,8,12000,0.0,96000
2025-11-27,PRD-07,DI Yogyakarta,6,32000,5.0,182400
2025-11-27,PRD-07,Jawa Tengah,4,32000,0.0,128000
2025-11-27,PRD-07,Jawa Timur,4,32000,0.0,128000
2025-11-27,PRD-07,Jabodetabek,4,32000,0.0,128000
2025-11-27,PRD-08,DI Yogyakarta,5,14000,0.0,70000
2025-11-27,PRD-08,Jawa Tengah,4,14000,0.0,56000
2025-11-27,PRD-08,Jawa Timur,5,14000,0.0,70000
2025-11-27,PRD-08,Jabodetabek,7,14000,0.0,98000
2025-11-28,PRD-01,DI Yogyakarta,14,28000,0.0,392000
2025-11-28,PRD-01,Jawa Tengah,12,28000,0.0,336000
2025-11-28,PRD-01,Jawa Timur,13,28000,0.0,364000
2025-11-28,PRD-01,Jabodetabek,15,28000,5.0,399000
2025-11-28,PRD-02,DI Yogyakarta,9,26000,0.0,234000
2025-11-28,PRD-02,Jawa Tengah,8,26000,0.0,208000
2025-11-28,PRD-02,Jawa Timur,6,26000,10.0,140400
2025-11-28,PRD-02,Jabodetabek,10,26000,0.0,260000
2025-11-28,PRD-03,DI Yogyakarta,8,25000,0.0,200000
2025-11-28,PRD-03,Jawa Tengah,2,25000,10.0,45000
2025-11-28,PRD-03,Jawa Timur,5,25000,0.0,125000
2025-11-28,PRD-03,Jabodetabek,5,25000,0.0,125000
2025-11-28,PRD-04,DI Yogyakarta,30,15000,0.0,450000
2025-11-28,PRD-04,Jawa Tengah,15,15000,5.0,213750
2025-11-28,PRD-04,Jawa Timur,14,15000,0.0,210000
2025-11-28,PRD-04,Jabodetabek,15,15000,5.0,213750
2025-11-28,PRD-05,DI Yogyakarta,5,18000,0.0,90000
2025-11-28,PRD-05,Jawa Tengah,2,18000,10.0,32400
2025-11-28,PRD-05,Jawa Timur,2,18000,0.0,36000
2025-11-28,PRD-05,Jabodetabek,6,18000,0.0,108000
2025-11-28,PRD-06,DI Yogyakarta,21,12000,0.0,252000
2025-11-28,PRD-06,Jawa Tengah,6,12000,0.0,72000
2025-11-28,PRD-06,Jawa Timur,11,12000,15.0,112200
2025-11-28,PRD-06,Jabodetabek,13,12000,5.0,148200
2025-11-28,PRD-07,DI Yogyakarta,4,32000,5.0,121600
2025-11-28,PRD-07,Jawa Tengah,1,32000,5.0,30400
2025-11-28,PRD-07,Jawa Timur,1,32000,0.0,32000
2025-11-28,PRD-07,Jabodetabek,3,32000,0.0,96000
2025-11-28,PRD-08,DI Yogyakarta,7,14000,0.0,98000
2025-11-28,PRD-08,Jawa Tengah,6,14000,10.0,75600
2025-11-28,PRD-08,Jawa Timur,5,14000,0.0,70000
2025-11-28,PRD-08,Jabodetabek,9,14000,10.0,113400
2025-11-29,PRD-01,DI Yogyakarta,21,28000,10.0,529200
2025-11-29,PRD-01,Jawa Tengah,16,28000,15.0,380800
2025-11-29,PRD-01,Jawa Timur,13,28000,0.0,364000
2025-11-29,PRD-01,Jabodetabek,17,28000,0.0,476000
2025-11-29,PRD-02,DI Yogyakarta,15,26000,0.0,390000
2025-11-29,PRD-02,Jawa Tengah,10,26000,0.0,260000
2025-11-29,PRD-02,Jawa Timur,8,26000,5.0,197600
2025-11-29,PRD-02,Jabodetabek,14,26000,0.0,364000
2025-11-29,PRD-03,DI Yogyakarta,8,25000,0.0,200000
2025-11-29,PRD-03,Jawa Tengah,6,25000,10.0,135000
2025-11-29,PRD-03,Jawa Timur,6,25000,0.0,150000
2025-11-29,PRD-03,Jabodetabek,14,25000,5.0,332500
2025-11-29,PRD-04,DI Yogyakarta,34,15000,0.0,510000
2025-11-29,PRD-04,Jawa Tengah,20,15000,0.0,300000
2025-11-29,PRD-04,Jawa Timur,12,15000,10.0,162000
2025-11-29,PRD-04,Jabodetabek,19,15000,0.0,285000
2025-11-29,PRD-05,DI Yogyakarta,8,18000,0.0,144000
2025-11-29,PRD-05,Jawa Tengah,4,18000,10.0,64800
2025-11-29,PRD-05,Jawa Timur,3,18000,0.0,54000
2025-11-29,PRD-05,Jabodetabek,12,18000,0.0,216000
2025-11-29,PRD-06,DI Yogyakarta,15,12000,0.0,180000
2025-11-29,PRD-06,Jawa Tengah,14,12000,0.0,168000
2025-11-29,PRD-06,Jawa Timur,11,12000,0.0,132000
2025-11-29,PRD-06,Jabodetabek,20,12000,0.0,240000
2025-11-29,PRD-07,DI Yogyakarta,13,32000,0.0,416000
2025-11-29,PRD-07,Jawa Tengah,8,32000,5.0,243200
2025-11-29,PRD-07,Jawa Timur,3,32000,0.0,96000
2025-11-29,PRD-07,Jabodetabek,7,32000,10.0,201600
2025-11-29,PRD-08,DI Yogyakarta,7,14000,0.0,98000
2025-11-29,PRD-08,Jawa Tengah,8,14000,0.0,112000
2025-11-29,PRD-08,Jawa Timur,5,14000,0.0,70000
2025-11-29,PRD-08,Jabodetabek,9,14000,0.0,126000
2025-11-30,PRD-01,DI Yogyakarta,16,28000,0.0,448000
2025-11-30,PRD-01,Jawa Tengah,14,28000,0.0,392000
2025-11-30,PRD-01,Jawa Timur,4,28000,5.0,106400
2025-11-30,PRD-01,Jabodetabek,11,28000,0.0,308000
2025-11-30,PRD-02,DI Yogyakarta,14,26000,0.0,364000
2025-11-30,PRD-02,Jawa Tengah,15,26000,0.0,390000
2025-11-30,PRD-02,Jawa Timur,7,26000,10.0,163800
2025-11-30,PRD-02,Jabodetabek,10,26000,0.0,260000
2025-11-30,PRD-03,DI Yogyakarta,9,25000,0.0,225000
2025-11-30,PRD-03,Jawa Tengah,8,25000,5.0,190000
2025-11-30,PRD-03,Jawa Timur,2,25000,10.0,45000
2025-11-30,PRD-03,Jabodetabek,13,25000,0.0,325000
2025-11-30,PRD-04,DI Yogyakarta,18,15000,0.0,270000
2025-11-30,PRD-04,Jawa Tengah,19,15000,0.0,285000
2025-11-30,PRD-04,Jawa Timur,17,15000,0.0,255000
2025-11-30,PRD-04,Jabodetabek,21,15000,0.0,315000
2025-11-30,PRD-05,DI Yogyakarta,5,18000,0.0,90000
2025-11-30,PRD-05,Jawa Tengah,6,18000,5.0,102600
2025-11-30,PRD-05,Jawa Timur,2,18000,10.0,32400
2025-11-30,PRD-05,Jabodetabek,5,18000,0.0,90000
2025-11-30,PRD-06,DI Yogyakarta,20,12000,0.0,240000
2025-11-30,PRD-06,Jawa Tengah,9,12000,15.0,91800
2025-11-30,PRD-06,Jawa Timur,14,12000,0.0,168000
2025-11-30,PRD-06,Jabodetabek,18,12000,15.0,183600
2025-11-30,PRD-07,DI Yogyakarta,4,32000,5.0,121600
2025-11-30,PRD-07,Jawa Tengah,7,32000,0.0,224000
2025-11-30,PRD-07,Jawa Timur,3,32000,0.0,96000
2025-11-30,PRD-07,Jabodetabek,8,32000,0.0,256000
2025-11-30,PRD-08,DI Yogyakarta,7,14000,10.0,88200
2025-11-30,PRD-08,Jawa Tengah,4,14000,10.0,50400
2025-11-30,PRD-08,Jawa Timur,3,14000,0.0,42000
2025-11-30,PRD-08,Jabodetabek,9,14000,0.0,126000
2025-12-01,PRD-01,DI Yogyakarta,15,28000,0.0,420000
2025-12-01,PRD-01,Jawa Tengah,15,28000,0.0,420000
2025-12-01,PRD-01,Jawa Timur,4,28000,0.0,112000
2025-12-01,PRD-01,Jabodetabek,16,28000,0.0,448000
2025-12-01,PRD-02,DI Yogyakarta,12,26000,0.0,312000
2025-12-01,PRD-02,Jawa Tengah,8,26000,0.0,208000
2025-12-01,PRD-02,Jawa Timur,5,26000,0.0,130000
2025-12-01,PRD-02,Jabodetabek,6,26000,0.0,156000
2025-12-01,PRD-03,DI Yogyakarta,5,25000,0.0,125000
2025-12-01,PRD-03,Jawa Tengah,4,25000,15.0,85000
2025-12-01,PRD-03,Jawa Timur,4,25000,0.0,100000
2025-12-01,PRD-03,Jabodetabek,6,25000,0.0,150000
2025-12-01,PRD-04,DI Yogyakarta,16,15000,0.0,240000
2025-12-01,PRD-04,Jawa Tengah,16,15000,5.0,228000
2025-12-01,PRD-04,Jawa Timur,8,15000,0.0,120000
2025-12-01,PRD-04,Jabodetabek,16,15000,0.0,240000
2025-12-01,PRD-05,DI Yogyakarta,3,18000,0.0,54000
2025-12-01,PRD-05,Jawa Tengah,3,18000,0.0,54000
2025-12-01,PRD-05,Jawa Timur,2,18000,0.0,36000
2025-12-01,PRD-05,Jabodetabek,2,18000,0.0,36000
2025-12-01,PRD-06,DI Yogyakarta,18,12000,0.0,216000
2025-12-01,PRD-06,Jawa Tengah,10,12000,0.0,120000
2025-12-01,PRD-06,Jawa Timur,10,12000,0.0,120000
2025-12-01,PRD-06,Jabodetabek,8,12000,0.0,96000
2025-12-01,PRD-07,DI Yogyakarta,2,32000,0.0,64000
2025-12-01,PRD-07,Jawa Tengah,1,32000,0.0,32000
2025-12-01,PRD-07,Jawa Timur,4,32000,0.0,128000
2025-12-01,PRD-07,Jabodetabek,1,32000,0.0,32000
2025-12-01,PRD-08,DI Yogyakarta,12,14000,5.0,159600
2025-12-01,PRD-08,Jawa Tengah,5,14000,0.0,70000
2025-12-01,PRD-08,Jawa Timur,5,14000,0.0,70000
2025-12-01,PRD-08,Jabodetabek,7,14000,0.0,98000
2025-12-02,PRD-01,DI Yogyakarta,11,28000,0.0,308000
2025-12-02,PRD-01,Jawa Tengah,9,28000,0.0,252000
2025-12-02,PRD-01,Jawa Timur,14,28000,0.0,392000
2025-12-02,PRD-01,Jabodetabek,12,28000,0.0,336000
2025-12-02,PRD-02,DI Yogyakarta,10,26000,10.0,234000
2025-12-02,PRD-02,Jawa Tengah,13,26000,10.0,304200
2025-12-02,PRD-02,Jawa Timur,5,26000,0.0,130000
2025-12-02,PRD-02,Jabodetabek,5,26000,0.0,130000
2025-12-02,PRD-03,DI Yogyakarta,4,25000,0.0,100000
2025-12-02,PRD-03,Jawa Tengah,5,25000,0.0,125000
2025-12-02,PRD-03,Jawa Timur,6,25000,5.0,142500
2025-12-02,PRD-03,Jabodetabek,4,25000,0.0,100000
2025-12-02,PRD-04,DI Yogyakarta,17,15000,0.0,255000
2025-12-02,PRD-04,Jawa Tengah,17,15000,5.0,242250
2025-12-02,PRD-04,Jawa Timur,11,15000,0.0,165000
2025-12-02,PRD-04,Jabodetabek,17,15000,5.0,242250
2025-12-02,PRD-05,DI Yogyakarta,4,18000,5.0,68400
2025-12-02,PRD-05,Jawa Tengah,2,18000,0.0,36000
2025-12-02,PRD-05,Jawa Timur,3,18000,0.0,54000
2025-12-02,PRD-05,Jabodetabek,5,18000,15.0,76500
2025-12-02,PRD-06,DI Yogyakarta,13,12000,0.0,156000
2025-12-02,PRD-06,Jawa Tengah,13,12000,10.0,140400
2025-12-02,PRD-06,Jawa Timur,5,12000,0.0,60000
2025-12-02,PRD-06,Jabodetabek,10,12000,5.0,114000
2025-12-02,PRD-07,DI Yogyakarta,2,32000,5.0,60800
2025-12-02,PRD-07,Jawa Tengah,6,32000,0.0,192000
2025-12-02,PRD-07,Jawa Timur,3,32000,0.0,96000
2025-12-02,PRD-07,Jabodetabek,10,32000,0.0,320000
2025-12-02,PRD-08,DI Yogyakarta,4,14000,0.0,56000
2025-12-02,PRD-08,Jawa Tengah,8,14000,0.0,112000
2025-12-02,PRD-08,Jawa Timur,2,14000,0.0,28000
2025-12-02,PRD-08,Jabodetabek,12,14000,0.0,168000
2025-12-03,PRD-01,DI Yogyakarta,13,28000,10.0,327600
2025-12-03,PRD-01,Jawa Tengah,9,28000,0.0,252000
2025-12-03,PRD-01,Jawa Timur,5,28000,15.0,119000
2025-12-03,PRD-01,Jabodetabek,13,28000,10.0,327600
2025-12-03,PRD-02,DI Yogyakarta,10,26000,0.0,260000
2025-12-03,PRD-02,Jawa Tengah,10,26000,0.0,260000
2025-12-03,PRD-02,Jawa Timur,5,26000,5.0,123500
2025-12-03,PRD-02,Jabodetabek,10,26000,0.0,260000
2025-12-03,PRD-03,DI Yogyakarta,4,25000,0.0,100000
2025-12-03,PRD-03,Jawa Tengah,1,25000,0.0,25000
2025-12-03,PRD-03,Jawa Timur,2,25000,10.0,45000
2025-12-03,PRD-03,Jabodetabek,9,25000,0.0,225000
2025-12-03,PRD-04,DI Yogyakarta,15,15000,0.0,225000
2025-12-03,PRD-04,Jawa Tengah,12,15000,5.0,171000
2025-12-03,PRD-04,Jawa Timur,11,15000,5.0,156750
2025-12-03,PRD-04,Jabodetabek,13,15000,0.0,195000
2025-12-03,PRD-05,DI Yogyakarta,6,18000,0.0,108000
2025-12-03,PRD-05,Jawa Tengah,6,18000,0.0,108000
2025-12-03,PRD-05,Jawa Timur,6,18000,10.0,97200
2025-12-03,PRD-05,Jabodetabek,4,18000,10.0,64800
2025-12-03,PRD-06,DI Yogyakarta,15,12000,0.0,180000
2025-12-03,PRD-06,Jawa Tengah,13,12000,0.0,156000
2025-12-03,PRD-06,Jawa Timur,10,12000,15.0,102000
2025-12-03,PRD-06,Jabodetabek,5,12000,0.0,60000
2025-12-03,PRD-07,DI Yogyakarta,8,32000,0.0,256000
2025-12-03,PRD-07,Jawa Tengah,2,32000,10.0,57600
2025-12-03,PRD-07,Jawa Timur,4,32000,5.0,121600
2025-12-03,PRD-07,Jabodetabek,3,32000,0.0,96000
2025-12-03,PRD-08,DI Yogyakarta,6,14000,5.0,79800
2025-12-03,PRD-08,Jawa Tengah,7,14000,0.0,98000
2025-12-03,PRD-08,Jawa Timur,6,14000,0.0,84000
2025-12-03,PRD-08,Jabodetabek,7,14000,0.0,98000
2025-12-04,PRD-01,DI Yogyakarta,8,28000,5.0,212800
2025-12-04,PRD-01,Jawa Tengah,11,28000,0.0,308000
2025-12-04,PRD-01,Jawa Timur,7,28000,0.0,196000
2025-12-04,PRD-01,Jabodetabek,9,28000,0.0,252000
2025-12-04,PRD-02,DI Yogyakarta,11,26000,0.0,286000
2025-12-04,PRD-02,Jawa Tengah,7,26000,0.0,182000
2025-12-04,PRD-02,Jawa Timur,4,26000,0.0,104000
2025-12-04,PRD-02,Jabodetabek,8,26000,0.0,208000
2025-12-04,PRD-03,DI Yogyakarta,5,25000,0.0,125000
2025-12-04,PRD-03,Jawa Tengah,2,25000,0.0,50000
2025-12-04,PRD-03,Jawa Timur,2,25000,0.0,50000
2025-12-04,PRD-03,Jabodetabek,4,25000,0.0,100000
2025-12-04,PRD-04,DI Yogyakarta,28,15000,0.0,420000
2025-12-04,PRD-04,Jawa Tengah,11,15000,0.0,165000
2025-12-04,PRD-04,Jawa Timur,9,15000,0.0,135000
2025-12-04,PRD-04,Jabodetabek,18,15000,0.0,270000
2025-12-04,PRD-05,DI Yogyakarta,7,18000,10.0,113400
2025-12-04,PRD-05,Jawa Tengah,2,18000,0.0,36000
2025-12-04,PRD-05,Jawa Timur,4,18000,5.0,68400
2025-12-04,PRD-05,Jabodetabek,3,18000,0.0,54000
2025-12-04,PRD-06,DI Yogyakarta,14,12000,10.0,151200
2025-12-04,PRD-06,Jawa Tengah,12,12000,5.0,136800
2025-12-04,PRD-06,Jawa Timur,6,12000,0.0,72000
2025-12-04,PRD-06,Jabodetabek,13,12000,0.0,156000
2025-12-04,PRD-07,DI Yogyakarta,6,32000,0.0,192000
2025-12-04,PRD-07,Jawa Tengah,3,32000,10.0,86400
2025-12-04,PRD-07,Jawa Timur,3,32000,10.0,86400
2025-12-04,PRD-07,Jabodetabek,5,32000,0.0,160000
2025-12-04,PRD-08,DI Yogyakarta,7,14000,0.0,98000
2025-12-04,PRD-08,Jawa Tengah,7,14000,10.0,88200
2025-12-04,PRD-08,Jawa Timur,3,14000,10.0,37800
2025-12-04,PRD-08,Jabodetabek,8,14000,15.0,95200
2025-12-05,PRD-01,DI Yogyakarta,14,28000,0.0,392000
2025-12-05,PRD-01,Jawa Tengah,7,28000,0.0,196000
2025-12-05,PRD-01,Jawa Timur,7,28000,0.0,196000
2025-12-05,PRD-01,Jabodetabek,8,28000,0.0,224000
2025-12-05,PRD-02,DI Yogyakarta,10,26000,10.0,234000
2025-12-05,PRD-02,Jawa Tengah,10,26000,0.0,260000
2025-12-05,PRD-02,Jawa Timur,5,26000,0.0,130000
2025-12-05,PRD-02,Jabodetabek,5,26000,0.0,130000
2025-12-05,PRD-03,DI Yogyakarta,7,25000,10.0,157500
2025-12-05,PRD-03,Jawa Tengah,2,25000,0.0,50000
2025-12-05,PRD-03,Jawa Timur,4,25000,0.0,100000
2025-12-05,PRD-03,Jabodetabek,5,25000,5.0,118750
2025-12-05,PRD-04,DI Yogyakarta,25,15000,0.0,375000
2025-12-05,PRD-04,Jawa Tengah,12,15000,5.0,171000
2025-12-05,PRD-04,Jawa Timur,9,15000,10.0,121500
2025-12-05,PRD-04,Jabodetabek,15,15000,0.0,225000
2025-12-05,PRD-05,DI Yogyakarta,4,18000,0.0,72000
2025-12-05,PRD-05,Jawa Tengah,1,18000,0.0,18000
2025-12-05,PRD-05,Jawa Timur,2,18000,0.0,36000
2025-12-05,PRD-05,Jabodetabek,4,18000,0.0,72000
2025-12-05,PRD-06,DI Yogyakarta,18,12000,0.0,216000
2025-12-05,PRD-06,Jawa Tengah,5,12000,0.0,60000
2025-12-05,PRD-06,Jawa Timur,8,12000,5.0,91200
2025-12-05,PRD-06,Jabodetabek,14,12000,0.0,168000
2025-12-05,PRD-07,DI Yogyakarta,3,32000,5.0,91200
2025-12-05,PRD-07,Jawa Tengah,2,32000,0.0,64000
2025-12-05,PRD-07,Jawa Timur,2,32000,0.0,64000
2025-12-05,PRD-07,Jabodetabek,6,32000,0.0,192000
2025-12-05,PRD-08,DI Yogyakarta,9,14000,0.0,126000
2025-12-05,PRD-08,Jawa Tengah,5,14000,0.0,70000
2025-12-05,PRD-08,Jawa Timur,3,14000,0.0,42000
2025-12-05,PRD-08,Jabodetabek,3,14000,0.0,42000
2025-12-06,PRD-01,DI Yogyakarta,17,28000,0.0,476000
2025-12-06,PRD-01,Jawa Tengah,9,28000,10.0,226800
2025-12-06,PRD-01,Jawa Timur,6,28000,5.0,159600
2025-12-06,PRD-01,Jabodetabek,15,28000,5.0,399000
2025-12-06,PRD-02,DI Yogyakarta,16,26000,0.0,416000
2025-12-06,PRD-02,Jawa Tengah,15,26000,0.0,390000
2025-12-06,PRD-02,Jawa Timur,6,26000,0.0,156000
2025-12-06,PRD-02,Jabodetabek,17,26000,0.0,442000
2025-12-06,PRD-03,DI Yogyakarta,11,25000,0.0,275000
2025-12-06,PRD-03,Jawa Tengah,6,25000,0.0,150000
2025-12-06,PRD-03,Jawa Timur,2,25000,0.0,50000
2025-12-06,PRD-03,Jabodetabek,5,25000,0.0,125000
2025-12-06,PRD-04,DI Yogyakarta,23,15000,0.0,345000
2025-12-06,PRD-04,Jawa Tengah,22,15000,0.0,330000
2025-12-06,PRD-04,Jawa Timur,12,15000,0.0,180000
2025-12-06,PRD-04,Jabodetabek,27,15000,0.0,405000
2025-12-06,PRD-05,DI Yogyakarta,6,18000,0.0,108000
2025-12-06,PRD-05,Jawa Tengah,5,18000,0.0,90000
2025-12-06,PRD-05,Jawa Timur,2,18000,0.0,36000
2025-12-06,PRD-05,Jabodetabek,10,18000,0.0,180000
2025-12-06,PRD-06,DI Yogyakarta,25,12000,15.0,255000
2025-12-06,PRD-06,Jawa Tengah,12,12000,0.0,144000
2025-12-06,PRD-06,Jawa Timur,7,12000,10.0,75600
2025-12-06,PRD-06,Jabodetabek,29,12000,5.0,330600
2025-12-06,PRD-07,DI Yogyakarta,8,32000,0.0,256000
2025-12-06,PRD-07,Jawa Tengah,2,32000,0.0,64000
2025-12-06,PRD-07,Jawa Timur,2,32000,0.0,64000
2025-12-06,PRD-07,Jabodetabek,4,32000,5.0,121600
2025-12-06,PRD-08,DI Yogyakarta,8,14000,0.0,112000
2025-12-06,PRD-08,Jawa Tengah,7,14000,0.0,98000
2025-12-06,PRD-08,Jawa Timur,6,14000,0.0,84000
2025-12-06,PRD-08,Jabodetabek,6,14000,0.0,84000
2025-12-07,PRD-01,DI Yogyakarta,21,28000,5.0,558600
2025-12-07,PRD-01,Jawa Tengah,10,28000,0.0,280000
2025-12-07,PRD-01,Jawa Timur,9,28000,0.0,252000
2025-12-07,PRD-01,Jabodetabek,8,28000,10.0,201600
2025-12-07,PRD-02,DI Yogyakarta,15,26000,0.0,390000
2025-12-07,PRD-02,Jawa Tengah,13,26000,5.0,321100
2025-12-07,PRD-02,Jawa Timur,7,26000,0.0,182000
2025-12-07,PRD-02,Jabodetabek,14,26000,0.0,364000
2025-12-07,PRD-03,DI Yogyakarta,6,25000,0.0,150000
2025-12-07,PRD-03,Jawa Tengah,6,25000,5.0,142500
2025-12-07,PRD-03,Jawa Timur,6,25000,0.0,150000
2025-12-07,PRD-03,Jabodetabek,7,25000,0.0,175000
2025-12-07,PRD-04,DI Yogyakarta,22,15000,0.0,330000
2025-12-07,PRD-04,Jawa Tengah,11,15000,5.0,156750
2025-12-07,PRD-04,Jawa Timur,16,15000,0.0,240000
2025-12-07,PRD-04,Jabodetabek,24,15000,0.0,360000
2025-12-07,PRD-05,DI Yogyakarta,3,18000,0.0,54000
2025-12-07,PRD-05,Jawa Tengah,6,18000,0.0,108000
2025-12-07,PRD-05,Jawa Timur,7,18000,0.0,126000
2025-12-07,PRD-05,Jabodetabek,7,18000,5.0,119700
2025-12-07,PRD-06,DI Yogyakarta,33,12000,0.0,396000
2025-12-07,PRD-06,Jawa Tengah,19,12000,0.0,228000
2025-12-07,PRD-06,Jawa Timur,15,12000,0.0,180000
2025-12-07,PRD-06,Jabodetabek,25,12000,5.0,285000
2025-12-07,PRD-07,DI Yogyakarta,6,32000,0.0,192000
2025-12-07,PRD-07,Jawa Tengah,5,32000,15.0,136000
2025-12-07,PRD-07,Jawa Timur,2,32000,0.0,64000
2025-12-07,PRD-07,Jabodetabek,6,32000,0.0,192000
2025-12-07,PRD-08,DI Yogyakarta,10,14000,0.0,140000
2025-12-07,PRD-08,Jawa Tengah,9,14000,0.0,126000
2025-12-07,PRD-08,Jawa Timur,7,14000,0.0,98000
2025-12-07,PRD-08,Jabodetabek,6,14000,5.0,79800
2025-12-08,PRD-01,DI Yogyakarta,14,28000,0.0,392000
2025-12-08,PRD-01,Jawa Tengah,10,28000,0.0,280000
2025-12-08,PRD-01,Jawa Timur,7,28000,0.0,196000
2025-12-08,PRD-01,Jabodetabek,6,28000,0.0,168000
2025-12-08,PRD-02,DI Yogyakarta,11,26000,0.0,286000
2025-12-08,PRD-02,Jawa Tengah,9,26000,0.0,234000
2025-12-08,PRD-02,Jawa Timur,6,26000,0.0,156000
2025-12-08,PRD-02,Jabodetabek,9,26000,0.0,234000
2025-12-08,PRD-03,DI Yogyakarta,4,25000,0.0,100000
2025-12-08,PRD-03,Jawa Tengah,3,25000,0.0,75000
2025-12-08,PRD-03,Jawa Timur,2,25000,0.0,50000
2025-12-08,PRD-03,Jabodetabek,9,25000,15.0,191250
2025-12-08,PRD-04,DI Yogyakarta,16,15000,0.0,240000
2025-12-08,PRD-04,Jawa Tengah,11,15000,0.0,165000
2025-12-08,PRD-04,Jawa Timur,19,15000,10.0,256500
2025-12-08,PRD-04,Jabodetabek,15,15000,5.0,213750
2025-12-08,PRD-05,DI Yogyakarta,4,18000,0.0,72000
2025-12-08,PRD-05,Jawa Tengah,1,18000,0.0,18000
2025-12-08,PRD-05,Jawa Timur,2,18000,0.0,36000
2025-12-08,PRD-05,Jabodetabek,5,18000,5.0,85500
2025-12-08,PRD-06,DI Yogyakarta,11,12000,15.0,112200
2025-12-08,PRD-06,Jawa Tengah,11,12000,0.0,132000
2025-12-08,PRD-06,Jawa Timur,7,12000,0.0,84000
2025-12-08,PRD-06,Jabodetabek,13,12000,15.0,132600
2025-12-08,PRD-07,DI Yogyakarta,5,32000,0.0,160000
2025-12-08,PRD-07,Jawa Tengah,3,32000,0.0,96000
2025-12-08,PRD-07,Jawa Timur,5,32000,0.0,160000
2025-12-08,PRD-07,Jabodetabek,2,32000,0.0,64000
2025-12-08,PRD-08,DI Yogyakarta,10,14000,0.0,140000
2025-12-08,PRD-08,Jawa Tengah,5,14000,0.0,70000
2025-12-08,PRD-08,Jawa Timur,4,14000,5.0,53200
2025-12-08,PRD-08,Jabodetabek,5,14000,0.0,70000
2025-12-09,PRD-01,DI Yogyakarta,7,28000,0.0,196000
2025-12-09,PRD-01,Jawa Tengah,8,28000,5.0,212800
2025-12-09,PRD-01,Jawa Timur,7,28000,0.0,196000
2025-12-09,PRD-01,Jabodetabek,7,28000,5.0,186200
2025-12-09,PRD-02,DI Yogyakarta,17,26000,0.0,442000
2025-12-09,PRD-02,Jawa Tengah,5,26000,0.0,130000
2025-12-09,PRD-02,Jawa Timur,12,26000,0.0,312000
2025-12-09,PRD-02,Jabodetabek,13,26000,15.0,287300
2025-12-09,PRD-03,DI Yogyakarta,8,25000,0.0,200000
2025-12-09,PRD-03,Jawa Tengah,6,25000,0.0,150000
2025-12-09,PRD-03,Jawa Timur,8,25000,0.0,200000
2025-12-09,PRD-03,Jabodetabek,7,25000,0.0,175000
2025-12-09,PRD-04,DI Yogyakarta,15,15000,0.0,225000
2025-12-09,PRD-04,Jawa Tengah,9,15000,0.0,135000
2025-12-09,PRD-04,Jawa Timur,10,15000,0.0,150000
2025-12-09,PRD-04,Jabodetabek,15,15000,0.0,225000
2025-12-09,PRD-05,DI Yogyakarta,8,18000,0.0,144000
2025-12-09,PRD-05,Jawa Tengah,2,18000,0.0,36000
2025-12-09,PRD-05,Jawa Timur,0,18000,0.0,0
2025-12-09,PRD-05,Jabodetabek,1,18000,5.0,17100
2025-12-09,PRD-06,DI Yogyakarta,22,12000,0.0,264000
2025-12-09,PRD-06,Jawa Tengah,9,12000,0.0,108000
2025-12-09,PRD-06,Jawa Timur,8,12000,0.0,96000
2025-12-09,PRD-06,Jabodetabek,20,12000,5.0,228000
2025-12-09,PRD-07,DI Yogyakarta,2,32000,0.0,64000
2025-12-09,PRD-07,Jawa Tengah,6,32000,5.0,182400
2025-12-09,PRD-07,Jawa Timur,0,32000,0.0,0
2025-12-09,PRD-07,Jabodetabek,2,32000,10.0,57600
2025-12-09,PRD-08,DI Yogyakarta,7,14000,0.0,98000
2025-12-09,PRD-08,Jawa Tengah,3,14000,0.0,42000
2025-12-09,PRD-08,Jawa Timur,4,14000,0.0,56000
2025-12-09,PRD-08,Jabodetabek,10,14000,0.0,140000
2025-12-10,PRD-01,DI Yogyakarta,7,28000,5.0,186200
2025-12-10,PRD-01,Jawa Tengah,10,28000,0.0,280000
2025-12-10,PRD-01,Jawa Timur,6,28000,15.0,142800
2025-12-10,PRD-01,Jabodetabek,6,28000,0.0,168000
2025-12-10,PRD-02,DI Yogyakarta,12,26000,0.0,312000
2025-12-10,PRD-02,Jawa Tengah,6,26000,10.0,140400
2025-12-10,PRD-02,Jawa Timur,6,26000,10.0,140400
2025-12-10,PRD-02,Jabodetabek,10,26000,5.0,247000
2025-12-10,PRD-03,DI Yogyakarta,7,25000,0.0,175000
2025-12-10,PRD-03,Jawa Tengah,3,25000,0.0,75000
2025-12-10,PRD-03,Jawa Timur,2,25000,0.0,50000
2025-12-10,PRD-03,Jabodetabek,4,25000,0.0,100000
2025-12-10,PRD-04,DI Yogyakarta,13,15000,0.0,195000
2025-12-10,PRD-04,Jawa Tengah,11,15000,0.0,165000
2025-12-10,PRD-04,Jawa Timur,8,15000,0.0,120000
2025-12-10,PRD-04,Jabodetabek,23,15000,0.0,345000
2025-12-10,PRD-05,DI Yogyakarta,7,18000,15.0,107100
2025-12-10,PRD-05,Jawa Tengah,3,18000,15.0,45900
2025-12-10,PRD-05,Jawa Timur,2,18000,0.0,36000
2025-12-10,PRD-05,Jabodetabek,6,18000,0.0,108000
2025-12-10,PRD-06,DI Yogyakarta,26,12000,0.0,312000
2025-12-10,PRD-06,Jawa Tengah,10,12000,0.0,120000
2025-12-10,PRD-06,Jawa Timur,7,12000,0.0,84000
2025-12-10,PRD-06,Jabodetabek,8,12000,0.0,96000
2025-12-10,PRD-07,DI Yogyakarta,4,32000,0.0,128000
2025-12-10,PRD-07,Jawa Tengah,5,32000,0.0,160000
2025-12-10,PRD-07,Jawa Timur,1,32000,5.0,30400
2025-12-10,PRD-07,Jabodetabek,3,32000,0.0,96000
2025-12-10,PRD-08,DI Yogyakarta,4,14000,15.0,47600
2025-12-10,PRD-08,Jawa Tengah,5,14000,0.0,70000
2025-12-10,PRD-08,Jawa Timur,5,14000,0.0,70000
2025-12-10,PRD-08,Jabodetabek,5,14000,0.0,70000
2025-12-11,PRD-01,DI Yogyakarta,16,28000,10.0,403200
2025-12-11,PRD-01,Jawa Tengah,7,28000,0.0,196000
2025-12-11,PRD-01,Jawa Timur,6,28000,0.0,168000
2025-12-11,PRD-01,Jabodetabek,10,28000,0.0,280000
2025-12-11,PRD-02,DI Yogyakarta,19,26000,0.0,494000
2025-12-11,PRD-02,Jawa Tengah,13,26000,0.0,338000
2025-12-11,PRD-02,Jawa Timur,3,26000,5.0,74100
2025-12-11,PRD-02,Jabodetabek,8,26000,5.0,197600
2025-12-11,PRD-03,DI Yogyakarta,4,25000,0.0,100000
2025-12-11,PRD-03,Jawa Tengah,5,25000,0.0,125000
2025-12-11,PRD-03,Jawa Timur,2,25000,10.0,45000
2025-12-11,PRD-03,Jabodetabek,8,25000,0.0,200000
2025-12-11,PRD-04,DI Yogyakarta,21,15000,0.0,315000
2025-12-11,PRD-04,Jawa Tengah,9,15000,0.0,135000
2025-12-11,PRD-04,Jawa Timur,17,15000,5.0,242250
2025-12-11,PRD-04,Jabodetabek,11,15000,0.0,165000
2025-12-11,PRD-05,DI Yogyakarta,4,18000,0.0,72000
2025-12-11,PRD-05,Jawa Tengah,4,18000,0.0,72000
2025-12-11,PRD-05,Jawa Timur,1,18000,0.0,18000
2025-12-11,PRD-05,Jabodetabek,8,18000,10.0,129600
2025-12-11,PRD-06,DI Yogyakarta,20,12000,5.0,228000
2025-12-11,PRD-06,Jawa Tengah,8,12000,0.0,96000
2025-12-11,PRD-06,Jawa Timur,3,12000,0.0,36000
2025-12-11,PRD-06,Jabodetabek,21,12000,0.0,252000
2025-12-11,PRD-07,DI Yogyakarta,7,32000,10.0,201600
2025-12-11,PRD-07,Jawa Tengah,1,32000,0.0,32000
2025-12-11,PRD-07,Jawa Timur,4,32000,0.0,128000
2025-12-11,PRD-07,Jabodetabek,4,32000,0.0,128000
2025-12-11,PRD-08,DI Yogyakarta,10,14000,0.0,140000
2025-12-11,PRD-08,Jawa Tengah,4,14000,5.0,53200
2025-12-11,PRD-08,Jawa Timur,2,14000,0.0,28000
2025-12-11,PRD-08,Jabodetabek,8,14000,5.0,106400
2025-12-12,PRD-01,DI Yogyakarta,12,28000,0.0,336000
2025-12-12,PRD-01,Jawa Tengah,10,28000,0.0,280000
2025-12-12,PRD-01,Jawa Timur,6,28000,0.0,168000
2025-12-12,PRD-01,Jabodetabek,12,28000,0.0,336000
2025-12-12,PRD-02,DI Yogyakarta,9,26000,15.0,198900
2025-12-12,PRD-02,Jawa Tengah,10,26000,0.0,260000
2025-12-12,PRD-02,Jawa Timur,3,26000,0.0,78000
2025-12-12,PRD-02,Jabodetabek,8,26000,0.0,208000
2025-12-12,PRD-03,DI Yogyakarta,8,25000,0.0,200000
2025-12-12,PRD-03,Jawa Tengah,1,25000,10.0,22500
2025-12-12,PRD-03,Jawa Timur,4,25000,0.0,100000
2025-12-12,PRD-03,Jabodetabek,6,25000,0.0,150000
2025-12-12,PRD-04,DI Yogyakarta,15,15000,0.0,225000
2025-12-12,PRD-04,Jawa Tengah,10,15000,0.0,150000
2025-12-12,PRD-04,Jawa Timur,10,15000,10.0,135000
2025-12-12,PRD-04,Jabodetabek,9,15000,0.0,135000
2025-12-12,PRD-05,DI Yogyakarta,7,18000,0.0,126000
2025-12-12,PRD-05,Jawa Tengah,3,18000,0.0,54000
2025-12-12,PRD-05,Jawa Timur,2,18000,0.0,36000
2025-12-12,PRD-05,Jabodetabek,5,18000,0.0,90000
2025-12-12,PRD-06,DI Yogyakarta,12,12000,0.0,144000
2025-12-12,PRD-06,Jawa Tengah,13,12000,10.0,140400
2025-12-12,PRD-06,Jawa Timur,8,12000,0.0,96000
2025-12-12,PRD-06,Jabodetabek,15,12000,10.0,162000
2025-12-12,PRD-07,DI Yogyakarta,7,32000,0.0,224000
2025-12-12,PRD-07,Jawa Tengah,0,32000,0.0,0
2025-12-12,PRD-07,Jawa Timur,3,32000,5.0,91200
2025-12-12,PRD-07,Jabodetabek,3,32000,5.0,91200
2025-12-12,PRD-08,DI Yogyakarta,8,14000,0.0,112000
2025-12-12,PRD-08,Jawa Tengah,3,14000,0.0,42000
2025-12-12,PRD-08,Jawa Timur,0,14000,0.0,0
2025-12-12,PRD-08,Jabodetabek,5,14000,0.0,70000
2025-12-13,PRD-01,DI Yogyakarta,13,28000,0.0,364000
2025-12-13,PRD-01,Jawa Tengah,11,28000,0.0,308000
2025-12-13,PRD-01,Jawa Timur,7,28000,0.0,196000
2025-12-13,PRD-01,Jabodetabek,23,28000,10.0,579600
2025-12-13,PRD-02,DI Yogyakarta,18,26000,0.0,468000
2025-12-13,PRD-02,Jawa Tengah,13,26000,5.0,321100
2025-12-13,PRD-02,Jawa Timur,4,26000,0.0,104000
2025-12-13,PRD-02,Jabodetabek,12,26000,0.0,312000
2025-12-13,PRD-03,DI Yogyakarta,14,25000,0.0,350000
2025-12-13,PRD-03,Jawa Tengah,3,25000,0.0,75000
2025-12-13,PRD-03,Jawa Timur,6,25000,5.0,142500
2025-12-13,PRD-03,Jabodetabek,10,25000,10.0,225000
2025-12-13,PRD-04,DI Yogyakarta,29,15000,0.0,435000
2025-12-13,PRD-04,Jawa Tengah,19,15000,0.0,285000
2025-12-13,PRD-04,Jawa Timur,17,15000,10.0,229500
2025-12-13,PRD-04,Jabodetabek,16,15000,5.0,228000
2025-12-13,PRD-05,DI Yogyakarta,12,18000,0.0,216000
2025-12-13,PRD-05,Jawa Tengah,4,18000,15.0,61200
2025-12-13,PRD-05,Jawa Timur,5,18000,5.0,85500
2025-12-13,PRD-05,Jabodetabek,5,18000,5.0,85500
2025-12-13,PRD-06,DI Yogyakarta,17,12000,0.0,204000
2025-12-13,PRD-06,Jawa Tengah,19,12000,0.0,228000
2025-12-13,PRD-06,Jawa Timur,14,12000,0.0,168000
2025-12-13,PRD-06,Jabodetabek,21,12000,0.0,252000
2025-12-13,PRD-07,DI Yogyakarta,7,32000,0.0,224000
2025-12-13,PRD-07,Jawa Tengah,0,32000,0.0,0
2025-12-13,PRD-07,Jawa Timur,3,32000,0.0,96000
2025-12-13,PRD-07,Jabodetabek,4,32000,5.0,121600
2025-12-13,PRD-08,DI Yogyakarta,5,14000,5.0,66500
2025-12-13,PRD-08,Jawa Tengah,7,14000,0.0,98000
2025-12-13,PRD-08,Jawa Timur,10,14000,5.0,133000
2025-12-13,PRD-08,Jabodetabek,9,14000,0.0,126000
2025-12-14,PRD-01,DI Yogyakarta,21,28000,10.0,529200
2025-12-14,PRD-01,Jawa Tengah,12,28000,0.0,336000
2025-12-14,PRD-01,Jawa Timur,8,28000,0.0,224000
2025-12-14,PRD-01,Jabodetabek,18,28000,0.0,504000
2025-12-14,PRD-02,DI Yogyakarta,10,26000,0.0,260000
2025-12-14,PRD-02,Jawa Tengah,7,26000,0.0,182000
2025-12-14,PRD-02,Jawa Timur,9,26000,0.0,234000
2025-12-14,PRD-02,Jabodetabek,7,26000,0.0,182000
2025-12-14,PRD-03,DI Yogyakarta,8,25000,0.0,200000
2025-12-14,PRD-03,Jawa Tengah,6,25000,5.0,142500
2025-12-14,PRD-03,Jawa Timur,2,25000,10.0,45000
2025-12-14,PRD-03,Jabodetabek,12,25000,0.0,300000
2025-12-14,PRD-04,DI Yogyakarta,27,15000,0.0,405000
2025-12-14,PRD-04,Jawa Tengah,15,15000,0.0,225000
2025-12-14,PRD-04,Jawa Timur,16,15000,0.0,240000
2025-12-14,PRD-04,Jabodetabek,18,15000,0.0,270000
2025-12-14,PRD-05,DI Yogyakarta,8,18000,0.0,144000
2025-12-14,PRD-05,Jawa Tengah,2,18000,0.0,36000
2025-12-14,PRD-05,Jawa Timur,6,18000,0.0,108000
2025-12-14,PRD-05,Jabodetabek,6,18000,0.0,108000
2025-12-14,PRD-06,DI Yogyakarta,28,12000,0.0,336000
2025-12-14,PRD-06,Jawa Tengah,17,12000,0.0,204000
2025-12-14,PRD-06,Jawa Timur,13,12000,0.0,156000
2025-12-14,PRD-06,Jabodetabek,19,12000,0.0,228000
2025-12-14,PRD-07,DI Yogyakarta,7,32000,10.0,201600
2025-12-14,PRD-07,Jawa Tengah,7,32000,5.0,212800
2025-12-14,PRD-07,Jawa Timur,1,32000,5.0,30400
2025-12-14,PRD-07,Jabodetabek,11,32000,0.0,352000
2025-12-14,PRD-08,DI Yogyakarta,9,14000,0.0,126000
2025-12-14,PRD-08,Jawa Tengah,12,14000,0.0,168000
2025-12-14,PRD-08,Jawa Timur,5,14000,0.0,70000
2025-12-14,PRD-08,Jabodetabek,11,14000,0.0,154000
2025-12-15,PRD-01,DI Yogyakarta,15,28000,0.0,420000
2025-12-15,PRD-01,Jawa Tengah,4,28000,0.0,112000
2025-12-15,PRD-01,Jawa Timur,3,28000,0.0,84000
2025-12-15,PRD-01,Jabodetabek,11,28000,0.0,308000
2025-12-15,PRD-02,DI Yogyakarta,12,26000,0.0,312000
2025-12-15,PRD-02,Jawa Tengah,4,26000,0.0,104000
2025-12-15,PRD-02,Jawa Timur,8,26000,0.0,208000
2025-12-15,PRD-02,Jabodetabek,3,26000,0.0,78000
2025-12-15,PRD-03,DI Yogyakarta,6,25000,5.0,142500
2025-12-15,PRD-03,Jawa Tengah,7,25000,0.0,175000
2025-12-15,PRD-03,Jawa Timur,1,25000,0.0,25000
2025-12-15,PRD-03,Jabodetabek,4,25000,0.0,100000
2025-12-15,PRD-04,DI Yogyakarta,18,15000,10.0,243000
2025-12-15,PRD-04,Jawa Tengah,15,15000,0.0,225000
2025-12-15,PRD-04,Jawa Timur,17,15000,10.0,229500
2025-12-15,PRD-04,Jabodetabek,18,15000,10.0,243000
2025-12-15,PRD-05,DI Yogyakarta,6,18000,0.0,108000
2025-12-15,PRD-05,Jawa Tengah,3,18000,0.0,54000
2025-12-15,PRD-05,Jawa Timur,4,18000,0.0,72000
2025-12-15,PRD-05,Jabodetabek,2,18000,0.0,36000
2025-12-15,PRD-06,DI Yogyakarta,16,12000,0.0,192000
2025-12-15,PRD-06,Jawa Tengah,3,12000,0.0,36000
2025-12-15,PRD-06,Jawa Timur,9,12000,0.0,108000
2025-12-15,PRD-06,Jabodetabek,11,12000,5.0,125400
2025-12-15,PRD-07,DI Yogyakarta,7,32000,0.0,224000
2025-12-15,PRD-07,Jawa Tengah,4,32000,5.0,121600
2025-12-15,PRD-07,Jawa Timur,4,32000,0.0,128000
2025-12-15,PRD-07,Jabodetabek,7,32000,0.0,224000
2025-12-15,PRD-08,DI Yogyakarta,14,14000,0.0,196000
2025-12-15,PRD-08,Jawa Tengah,5,14000,0.0,70000
2025-12-15,PRD-08,Jawa Timur,3,14000,0.0,42000
2025-12-15,PRD-08,Jabodetabek,5,14000,0.0,70000
2025-12-16,PRD-01,DI Yogyakarta,14,28000,0.0,392000
2025-12-16,PRD-01,Jawa Tengah,8,28000,0.0,224000
2025-12-16,PRD-01,Jawa Timur,7,28000,15.0,166600
2025-12-16,PRD-01,Jabodetabek,9,28000,0.0,252000
2025-12-16,PRD-02,DI Yogyakarta,12,26000,0.0,312000
2025-12-16,PRD-02,Jawa Tengah,7,26000,0.0,182000
2025-12-16,PRD-02,Jawa Timur,5,26000,15.0,110500
2025-12-16,PRD-02,Jabodetabek,8,26000,0.0,208000
2025-12-16,PRD-03,DI Yogyakarta,5,25000,10.0,112500
2025-12-16,PRD-03,Jawa Tengah,7,25000,0.0,175000
2025-12-16,PRD-03,Jawa Timur,5,25000,0.0,125000
2025-12-16,PRD-03,Jabodetabek,8,25000,0.0,200000
2025-12-16,PRD-04,DI Yogyakarta,21,15000,0.0,315000
2025-12-16,PRD-04,Jawa Tengah,8,15000,0.0,120000
2025-12-16,PRD-04,Jawa Timur,16,15000,0.0,240000
2025-12-16,PRD-04,Jabodetabek,16,15000,0.0,240000
2025-12-16,PRD-05,DI Yogyakarta,5,18000,0.0,90000
2025-12-16,PRD-05,Jawa Tengah,3,18000,0.0,54000
2025-12-16,PRD-05,Jawa Timur,4,18000,0.0,72000
2025-12-16,PRD-05,Jabodetabek,9,18000,0.0,162000
2025-12-16,PRD-06,DI Yogyakarta,10,12000,0.0,120000
2025-12-16,PRD-06,Jawa Tengah,10,12000,0.0,120000
2025-12-16,PRD-06,Jawa Timur,10,12000,0.0,120000
2025-12-16,PRD-06,Jabodetabek,13,12000,0.0,156000
2025-12-16,PRD-07,DI Yogyakarta,3,32000,0.0,96000
2025-12-16,PRD-07,Jawa Tengah,5,32000,0.0,160000
2025-12-16,PRD-07,Jawa Timur,5,32000,0.0,160000
2025-12-16,PRD-07,Jabodetabek,2,32000,0.0,64000
2025-12-16,PRD-08,DI Yogyakarta,7,14000,0.0,98000
2025-12-16,PRD-08,Jawa Tengah,3,14000,10.0,37800
2025-12-16,PRD-08,Jawa Timur,3,14000,0.0,42000
2025-12-16,PRD-08,Jabodetabek,4,14000,5.0,53200
2025-12-17,PRD-01,DI Yogyakarta,15,28000,0.0,420000
2025-12-17,PRD-01,Jawa Tengah,7,28000,10.0,176400
2025-12-17,PRD-01,Jawa Timur,13,28000,0.0,364000
2025-12-17,PRD-01,Jabodetabek,19,28000,10.0,478800
2025-12-17,PRD-02,DI Yogyakarta,8,26000,0.0,208000
2025-12-17,PRD-02,Jawa Tengah,11,26000,0.0,286000
2025-12-17,PRD-02,Jawa Timur,2,26000,0.0,52000
2025-12-17,PRD-02,Jabodetabek,10,26000,0.0,260000
2025-12-17,PRD-03,DI Yogyakarta,8,25000,10.0,180000
2025-12-17,PRD-03,Jawa Tengah,2,25000,5.0,47500
2025-12-17,PRD-03,Jawa Timur,4,25000,5.0,95000
2025-12-17,PRD-03,Jabodetabek,8,25000,0.0,200000
2025-12-17,PRD-04,DI Yogyakarta,17,15000,0.0,255000
2025-12-17,PRD-04,Jawa Tengah,10,15000,10.0,135000
2025-12-17,PRD-04,Jawa Timur,10,15000,0.0,150000
2025-12-17,PRD-04,Jabodetabek,18,15000,0.0,270000
2025-12-17,PRD-05,DI Yogyakarta,5,18000,15.0,76500
2025-12-17,PRD-05,Jawa Tengah,5,18000,0.0,90000
2025-12-17,PRD-05,Jawa Timur,2,18000,5.0,34200
2025-12-17,PRD-05,Jabodetabek,4,18000,0.0,72000
2025-12-17,PRD-06,DI Yogyakarta,15,12000,5.0,171000
2025-12-17,PRD-06,Jawa Tengah,10,12000,5.0,114000
2025-12-17,PRD-06,Jawa Timur,7,12000,0.0,84000
2025-12-17,PRD-06,Jabodetabek,10,12000,10.0,108000
2025-12-17,PRD-07,DI Yogyakarta,3,32000,5.0,91200
2025-12-17,PRD-07,Jawa Tengah,3,32000,0.0,96000
2025-12-17,PRD-07,Jawa Timur,3,32000,0.0,96000
2025-12-17,PRD-07,Jabodetabek,2,32000,0.0,64000
2025-12-17,PRD-08,DI Yogyakarta,9,14000,0.0,126000
2025-12-17,PRD-08,Jawa Tengah,6,14000,0.0,84000
2025-12-17,PRD-08,Jawa Timur,5,14000,15.0,59500
2025-12-17,PRD-08,Jabodetabek,6,14000,0.0,84000
2025-12-18,PRD-01,DI Yogyakarta,10,28000,0.0,280000
2025-12-18,PRD-01,Jawa Tengah,11,28000,10.0,277200
2025-12-18,PRD-01,Jawa Timur,7,28000,0.0,196000
2025-12-18,PRD-01,Jabodetabek,10,28000,0.0,280000
2025-12-18,PRD-02,DI Yogyakarta,10,26000,0.0,260000
2025-12-18,PRD-02,Jawa Tengah,7,26000,0.0,182000
2025-12-18,PRD-02,Jawa Timur,6,26000,5.0,148200
2025-12-18,PRD-02,Jabodetabek,7,26000,0.0,182000
2025-12-18,PRD-03,DI Yogyakarta,7,25000,0.0,175000
2025-12-18,PRD-03,Jawa Tengah,7,25000,0.0,175000
2025-12-18,PRD-03,Jawa Timur,4,25000,0.0,100000
2025-12-18,PRD-03,Jabodetabek,4,25000,0.0,100000
2025-12-18,PRD-04,DI Yogyakarta,18,15000,15.0,229500
2025-12-18,PRD-04,Jawa Tengah,15,15000,0.0,225000
2025-12-18,PRD-04,Jawa Timur,12,15000,0.0,180000
2025-12-18,PRD-04,Jabodetabek,12,15000,15.0,153000
2025-12-18,PRD-05,DI Yogyakarta,5,18000,0.0,90000
2025-12-18,PRD-05,Jawa Tengah,5,18000,0.0,90000
2025-12-18,PRD-05,Jawa Timur,4,18000,0.0,72000
2025-12-18,PRD-05,Jabodetabek,4,18000,0.0,72000
2025-12-18,PRD-06,DI Yogyakarta,12,12000,10.0,129600
2025-12-18,PRD-06,Jawa Tengah,8,12000,0.0,96000
2025-12-18,PRD-06,Jawa Timur,3,12000,5.0,34200
2025-12-18,PRD-06,Jabodetabek,18,12000,0.0,216000
2025-12-18,PRD-07,DI Yogyakarta,3,32000,5.0,91200
2025-12-18,PRD-07,Jawa Tengah,5,32000,0.0,160000
2025-12-18,PRD-07,Jawa Timur,2,32000,0.0,64000
2025-12-18,PRD-07,Jabodetabek,5,32000,0.0,160000
2025-12-18,PRD-08,DI Yogyakarta,14,14000,0.0,196000
2025-12-18,PRD-08,Jawa Tengah,6,14000,0.0,84000
2025-12-18,PRD-08,Jawa Timur,1,14000,10.0,12600
2025-12-18,PRD-08,Jabodetabek,5,14000,0.0,70000
2025-12-19,PRD-01,DI Yogyakarta,7,28000,10.0,176400
2025-12-19,PRD-01,Jawa Tengah,16,28000,10.0,403200
2025-12-19,PRD-01,Jawa Timur,9,28000,0.0,252000
2025-12-19,PRD-01,Jabodetabek,15,28000,0.0,420000
2025-12-19,PRD-02,DI Yogyakarta,11,26000,0.0,286000
2025-12-19,PRD-02,Jawa Tengah,10,26000,0.0,260000
2025-12-19,PRD-02,Jawa Timur,6,26000,0.0,156000
2025-12-19,PRD-02,Jabodetabek,14,26000,0.0,364000
2025-12-19,PRD-03,DI Yogyakarta,5,25000,0.0,125000
2025-12-19,PRD-03,Jawa Tengah,2,25000,0.0,50000
2025-12-19,PRD-03,Jawa Timur,3,25000,0.0,75000
2025-12-19,PRD-03,Jabodetabek,10,25000,0.0,250000
2025-12-19,PRD-04,DI Yogyakarta,19,15000,0.0,285000
2025-12-19,PRD-04,Jawa Tengah,10,15000,0.0,150000
2025-12-19,PRD-04,Jawa Timur,14,15000,0.0,210000
2025-12-19,PRD-04,Jabodetabek,15,15000,0.0,225000
2025-12-19,PRD-05,DI Yogyakarta,7,18000,0.0,126000
2025-12-19,PRD-05,Jawa Tengah,4,18000,0.0,72000
2025-12-19,PRD-05,Jawa Timur,2,18000,0.0,36000
2025-12-19,PRD-05,Jabodetabek,3,18000,0.0,54000
2025-12-19,PRD-06,DI Yogyakarta,8,12000,10.0,86400
2025-12-19,PRD-06,Jawa Tengah,13,12000,0.0,156000
2025-12-19,PRD-06,Jawa Timur,10,12000,0.0,120000
2025-12-19,PRD-06,Jabodetabek,17,12000,0.0,204000
2025-12-19,PRD-07,DI Yogyakarta,3,32000,5.0,91200
2025-12-19,PRD-07,Jawa Tengah,4,32000,0.0,128000
2025-12-19,PRD-07,Jawa Timur,1,32000,5.0,30400
2025-12-19,PRD-07,Jabodetabek,1,32000,5.0,30400
2025-12-19,PRD-08,DI Yogyakarta,4,14000,0.0,56000
2025-12-19,PRD-08,Jawa Tengah,9,14000,5.0,119700
2025-12-19,PRD-08,Jawa Timur,3,14000,0.0,42000
2025-12-19,PRD-08,Jabodetabek,2,14000,0.0,28000
2025-12-20,PRD-01,DI Yogyakarta,26,28000,0.0,728000
2025-12-20,PRD-01,Jawa Tengah,18,28000,0.0,504000
2025-12-20,PRD-01,Jawa Timur,14,28000,0.0,392000
2025-12-20,PRD-01,Jabodetabek,27,28000,15.0,642600
2025-12-20,PRD-02,DI Yogyakarta,21,26000,0.0,546000
2025-12-20,PRD-02,Jawa Tengah,16,26000,0.0,416000
2025-12-20,PRD-02,Jawa Timur,5,26000,10.0,117000
2025-12-20,PRD-02,Jabodetabek,23,26000,15.0,508300
2025-12-20,PRD-03,DI Yogyakarta,22,25000,5.0,522500
2025-12-20,PRD-03,Jawa Tengah,10,25000,10.0,225000
2025-12-20,PRD-03,Jawa Timur,9,25000,15.0,191250
2025-12-20,PRD-03,Jabodetabek,7,25000,0.0,175000
2025-12-20,PRD-04,DI Yogyakarta,42,15000,0.0,630000
2025-12-20,PRD-04,Jawa Tengah,28,15000,0.0,420000
2025-12-20,PRD-04,Jawa Timur,28,15000,5.0,399000
2025-12-20,PRD-04,Jabodetabek,38,15000,0.0,570000
2025-12-20,PRD-05,DI Yogyakarta,12,18000,0.0,216000
2025-12-20,PRD-05,Jawa Tengah,9,18000,0.0,162000
2025-12-20,PRD-05,Jawa Timur,4,18000,0.0,72000
2025-12-20,PRD-05,Jabodetabek,11,18000,10.0,178200
2025-12-20,PRD-06,DI Yogyakarta,23,12000,10.0,248400
2025-12-20,PRD-06,Jawa Tengah,17,12000,0.0,204000
2025-12-20,PRD-06,Jawa Timur,16,12000,0.0,192000
2025-12-20,PRD-06,Jabodetabek,30,12000,0.0,360000
2025-12-20,PRD-07,DI Yogyakarta,11,32000,0.0,352000
2025-12-20,PRD-07,Jawa Tengah,9,32000,0.0,288000
2025-12-20,PRD-07,Jawa Timur,7,32000,0.0,224000
2025-12-20,PRD-07,Jabodetabek,6,32000,10.0,172800
2025-12-20,PRD-08,DI Yogyakarta,12,14000,0.0,168000
2025-12-20,PRD-08,Jawa Tengah,15,14000,0.0,210000
2025-12-20,PRD-08,Jawa Timur,10,14000,0.0,140000
2025-12-20,PRD-08,Jabodetabek,9,14000,15.0,107100
2025-12-21,PRD-01,DI Yogyakarta,27,28000,0.0,756000
2025-12-21,PRD-01,Jawa Tengah,23,28000,5.0,611800
2025-12-21,PRD-01,Jawa Timur,19,28000,10.0,478800
2025-12-21,PRD-01,Jabodetabek,21,28000,0.0,588000
2025-12-21,PRD-02,DI Yogyakarta,17,26000,0.0,442000
2025-12-21,PRD-02,Jawa Tengah,14,26000,0.0,364000
2025-12-21,PRD-02,Jawa Timur,15,26000,0.0,390000
2025-12-21,PRD-02,Jabodetabek,24,26000,0.0,624000
2025-12-21,PRD-03,DI Yogyakarta,16,25000,0.0,400000
2025-12-21,PRD-03,Jawa Tengah,9,25000,0.0,225000
2025-12-21,PRD-03,Jawa Timur,9,25000,0.0,225000
2025-12-21,PRD-03,Jabodetabek,8,25000,0.0,200000
2025-12-21,PRD-04,DI Yogyakarta,35,15000,0.0,525000
2025-12-21,PRD-04,Jawa Tengah,23,15000,10.0,310500
2025-12-21,PRD-04,Jawa Timur,22,15000,15.0,280500
2025-12-21,PRD-04,Jabodetabek,26,15000,5.0,370500
2025-12-21,PRD-05,DI Yogyakarta,10,18000,10.0,162000
2025-12-21,PRD-05,Jawa Tengah,10,18000,0.0,180000
2025-12-21,PRD-05,Jawa Timur,4,18000,0.0,72000
2025-12-21,PRD-05,Jabodetabek,11,18000,10.0,178200
2025-12-21,PRD-06,DI Yogyakarta,27,12000,0.0,324000
2025-12-21,PRD-06,Jawa Tengah,25,12000,0.0,300000
2025-12-21,PRD-06,Jawa Timur,20,12000,0.0,240000
2025-12-21,PRD-06,Jabodetabek,25,12000,0.0,300000
2025-12-21,PRD-07,DI Yogyakarta,7,32000,0.0,224000
2025-12-21,PRD-07,Jawa Tengah,9,32000,0.0,288000
2025-12-21,PRD-07,Jawa Timur,2,32000,0.0,64000
2025-12-21,PRD-07,Jabodetabek,8,32000,0.0,256000
2025-12-21,PRD-08,DI Yogyakarta,14,14000,0.0,196000
2025-12-21,PRD-08,Jawa Tengah,9,14000,5.0,119700
2025-12-21,PRD-08,Jawa Timur,8,14000,0.0,112000
2025-12-21,PRD-08,Jabodetabek,11,14000,0.0,154000
2025-12-22,PRD-01,DI Yogyakarta,26,28000,0.0,728000
2025-12-22,PRD-01,Jawa Tengah,17,28000,0.0,476000
2025-12-22,PRD-01,Jawa Timur,7,28000,0.0,196000
2025-12-22,PRD-01,Jabodetabek,24,28000,0.0,672000
2025-12-22,PRD-02,DI Yogyakarta,21,26000,0.0,546000
2025-12-22,PRD-02,Jawa Tengah,17,26000,0.0,442000
2025-12-22,PRD-02,Jawa Timur,10,26000,0.0,260000
2025-12-22,PRD-02,Jabodetabek,19,26000,0.0,494000
2025-12-22,PRD-03,DI Yogyakarta,10,25000,0.0,250000
2025-12-22,PRD-03,Jawa Tengah,10,25000,0.0,250000
2025-12-22,PRD-03,Jawa Timur,7,25000,10.0,157500
2025-12-22,PRD-03,Jabodetabek,10,25000,5.0,237500
2025-12-22,PRD-04,DI Yogyakarta,30,15000,0.0,450000
2025-12-22,PRD-04,Jawa Tengah,26,15000,0.0,390000
2025-12-22,PRD-04,Jawa Timur,16,15000,0.0,240000
2025-12-22,PRD-04,Jabodetabek,24,15000,0.0,360000
2025-12-22,PRD-05,DI Yogyakarta,6,18000,0.0,108000
2025-12-22,PRD-05,Jawa Tengah,4,18000,0.0,72000
2025-12-22,PRD-05,Jawa Timur,4,18000,0.0,72000
2025-12-22,PRD-05,Jabodetabek,4,18000,0.0,72000
2025-12-22,PRD-06,DI Yogyakarta,29,12000,0.0,348000
2025-12-22,PRD-06,Jawa Tengah,13,12000,0.0,156000
2025-12-22,PRD-06,Jawa Timur,20,12000,0.0,240000
2025-12-22,PRD-06,Jabodetabek,20,12000,0.0,240000
2025-12-22,PRD-07,DI Yogyakarta,7,32000,0.0,224000
2025-12-22,PRD-07,Jawa Tengah,11,32000,0.0,352000
2025-12-22,PRD-07,Jawa Timur,5,32000,0.0,160000
2025-12-22,PRD-07,Jabodetabek,5,32000,5.0,152000
2025-12-22,PRD-08,DI Yogyakarta,11,14000,0.0,154000
2025-12-22,PRD-08,Jawa Tengah,11,14000,0.0,154000
2025-12-22,PRD-08,Jawa Timur,7,14000,5.0,93100
2025-12-22,PRD-08,Jabodetabek,12,14000,0.0,168000
2025-12-23,PRD-01,DI Yogyakarta,26,28000,0.0,728000
2025-12-23,PRD-01,Jawa Tengah,15,28000,0.0,420000
2025-12-23,PRD-01,Jawa Timur,8,28000,5.0,212800
2025-12-23,PRD-01,Jabodetabek,27,28000,0.0,756000
2025-12-23,PRD-02,DI Yogyakarta,15,26000,0.0,390000
2025-12-23,PRD-02,Jawa Tengah,17,26000,0.0,442000
2025-12-23,PRD-02,Jawa Timur,16,26000,0.0,416000
2025-12-23,PRD-02,Jabodetabek,15,26000,0.0,390000
2025-12-23,PRD-03,DI Yogyakarta,11,25000,0.0,275000
2025-12-23,PRD-03,Jawa Tengah,11,25000,0.0,275000
2025-12-23,PRD-03,Jawa Timur,5,25000,0.0,125000
2025-12-23,PRD-03,Jabodetabek,4,25000,0.0,100000
2025-12-23,PRD-04,DI Yogyakarta,19,15000,0.0,285000
2025-12-23,PRD-04,Jawa Tengah,30,15000,0.0,450000
2025-12-23,PRD-04,Jawa Timur,17,15000,0.0,255000
2025-12-23,PRD-04,Jabodetabek,22,15000,10.0,297000
2025-12-23,PRD-05,DI Yogyakarta,10,18000,10.0,162000
2025-12-23,PRD-05,Jawa Tengah,5,18000,0.0,90000
2025-12-23,PRD-05,Jawa Timur,5,18000,0.0,90000
2025-12-23,PRD-05,Jabodetabek,8,18000,15.0,122400
2025-12-23,PRD-06,DI Yogyakarta,16,12000,0.0,192000
2025-12-23,PRD-06,Jawa Tengah,12,12000,0.0,144000
2025-12-23,PRD-06,Jawa Timur,10,12000,0.0,120000
2025-12-23,PRD-06,Jabodetabek,31,12000,0.0,372000
2025-12-23,PRD-07,DI Yogyakarta,5,32000,0.0,160000
2025-12-23,PRD-07,Jawa Tengah,8,32000,0.0,256000
2025-12-23,PRD-07,Jawa Timur,3,32000,0.0,96000
2025-12-23,PRD-07,Jabodetabek,9,32000,0.0,288000
2025-12-23,PRD-08,DI Yogyakarta,17,14000,0.0,238000
2025-12-23,PRD-08,Jawa Tengah,8,14000,0.0,112000
2025-12-23,PRD-08,Jawa Timur,7,14000,0.0,98000
2025-12-23,PRD-08,Jabodetabek,10,14000,5.0,133000
2025-12-24,PRD-01,DI Yogyakarta,17,28000,0.0,476000
2025-12-24,PRD-01,Jawa Tengah,12,28000,0.0,336000
2025-12-24,PRD-01,Jawa Timur,18,28000,0.0,504000
2025-12-24,PRD-01,Jabodetabek,20,28000,0.0,560000
2025-12-24,PRD-02,DI Yogyakarta,18,26000,0.0,468000
2025-12-24,PRD-02,Jawa Tengah,15,26000,0.0,390000
2025-12-24,PRD-02,Jawa Timur,8,26000,0.0,208000
2025-12-24,PRD-02,Jabodetabek,15,26000,0.0,390000
2025-12-24,PRD-03,DI Yogyakarta,9,25000,0.0,225000
2025-12-24,PRD-03,Jawa Tengah,3,25000,0.0,75000
2025-12-24,PRD-03,Jawa Timur,8,25000,0.0,200000
2025-12-24,PRD-03,Jabodetabek,13,25000,0.0,325000
2025-12-24,PRD-04,DI Yogyakarta,35,15000,15.0,446250
2025-12-24,PRD-04,Jawa Tengah,18,15000,0.0,270000
2025-12-24,PRD-04,Jawa Timur,16,15000,0.0,240000
2025-12-24,PRD-04,Jabodetabek,25,15000,0.0,375000
2025-12-24,PRD-05,DI Yogyakarta,9,18000,5.0,153900
2025-12-24,PRD-05,Jawa Tengah,5,18000,0.0,90000
2025-12-24,PRD-05,Jawa Timur,4,18000,0.0,72000
2025-12-24,PRD-05,Jabodetabek,7,18000,10.0,113400
2025-12-24,PRD-06,DI Yogyakarta,24,12000,0.0,288000
2025-12-24,PRD-06,Jawa Tengah,14,12000,0.0,168000
2025-12-24,PRD-06,Jawa Timur,9,12000,0.0,108000
2025-12-24,PRD-06,Jabodetabek,15,12000,0.0,180000
2025-12-24,PRD-07,DI Yogyakarta,9,32000,0.0,288000
2025-12-24,PRD-07,Jawa Tengah,4,32000,10.0,115200
2025-12-24,PRD-07,Jawa Timur,3,32000,0.0,96000
2025-12-24,PRD-07,Jabodetabek,6,32000,0.0,192000
2025-12-24,PRD-08,DI Yogyakarta,12,14000,10.0,151200
2025-12-24,PRD-08,Jawa Tengah,8,14000,0.0,112000
2025-12-24,PRD-08,Jawa Timur,5,14000,0.0,70000
2025-12-24,PRD-08,Jabodetabek,7,14000,0.0,98000
2025-12-25,PRD-01,DI Yogyakarta,27,28000,10.0,680400
2025-12-25,PRD-01,Jawa Tengah,16,28000,0.0,448000
2025-12-25,PRD-01,Jawa Timur,11,28000,0.0,308000
2025-12-25,PRD-01,Jabodetabek,17,28000,5.0,452200
2025-12-25,PRD-02,DI Yogyakarta,16,26000,0.0,416000
2025-12-25,PRD-02,Jawa Tengah,14,26000,0.0,364000
2025-12-25,PRD-02,Jawa Timur,12,26000,0.0,312000
2025-12-25,PRD-02,Jabodetabek,16,26000,0.0,416000
2025-12-25,PRD-03,DI Yogyakarta,12,25000,0.0,300000
2025-12-25,PRD-03,Jawa Tengah,5,25000,10.0,112500
2025-12-25,PRD-03,Jawa Timur,5,25000,5.0,118750
2025-12-25,PRD-03,Jabodetabek,4,25000,0.0,100000
2025-12-25,PRD-04,DI Yogyakarta,26,15000,0.0,390000
2025-12-25,PRD-04,Jawa Tengah,20,15000,0.0,300000
2025-12-25,PRD-04,Jawa Timur,15,15000,0.0,225000
2025-12-25,PRD-04,Jabodetabek,29,15000,15.0,369750
2025-12-25,PRD-05,DI Yogyakarta,8,18000,0.0,144000
2025-12-25,PRD-05,Jawa Tengah,7,18000,0.0,126000
2025-12-25,PRD-05,Jawa Timur,4,18000,0.0,72000
2025-12-25,PRD-05,Jabodetabek,8,18000,0.0,144000
2025-12-25,PRD-06,DI Yogyakarta,32,12000,5.0,364800
2025-12-25,PRD-06,Jawa Tengah,12,12000,5.0,136800
2025-12-25,PRD-06,Jawa Timur,11,12000,0.0,132000
2025-12-25,PRD-06,Jabodetabek,18,12000,0.0,216000
2025-12-25,PRD-07,DI Yogyakarta,8,32000,0.0,256000
2025-12-25,PRD-07,Jawa Tengah,5,32000,0.0,160000
2025-12-25,PRD-07,Jawa Timur,4,32000,5.0,121600
2025-12-25,PRD-07,Jabodetabek,5,32000,15.0,136000
2025-12-25,PRD-08,DI Yogyakarta,13,14000,0.0,182000
2025-12-25,PRD-08,Jawa Tengah,14,14000,0.0,196000
2025-12-25,PRD-08,Jawa Timur,3,14000,5.0,39900
2025-12-25,PRD-08,Jabodetabek,3,14000,0.0,42000
2025-12-26,PRD-01,DI Yogyakarta,27,28000,0.0,756000
2025-12-26,PRD-01,Jawa Tengah,14,28000,0.0,392000
2025-12-26,PRD-01,Jawa Timur,13,28000,5.0,345800
2025-12-26,PRD-01,Jabodetabek,17,28000,0.0,476000
2025-12-26,PRD-02,DI Yogyakarta,11,26000,0.0,286000
2025-12-26,PRD-02,Jawa Tengah,10,26000,0.0,260000
2025-12-26,PRD-02,Jawa Timur,8,26000,0.0,208000
2025-12-26,PRD-02,Jabodetabek,14,26000,0.0,364000
2025-12-26,PRD-03,DI Yogyakarta,11,25000,0.0,275000
2025-12-26,PRD-03,Jawa Tengah,10,25000,0.0,250000
2025-12-26,PRD-03,Jawa Timur,4,25000,0.0,100000
2025-12-26,PRD-03,Jabodetabek,8,25000,5.0,190000
2025-12-26,PRD-04,DI Yogyakarta,19,15000,0.0,285000
2025-12-26,PRD-04,Jawa Tengah,24,15000,5.0,342000
2025-12-26,PRD-04,Jawa Timur,15,15000,0.0,225000
2025-12-26,PRD-04,Jabodetabek,14,15000,0.0,210000
2025-12-26,PRD-05,DI Yogyakarta,13,18000,0.0,234000
2025-12-26,PRD-05,Jawa Tengah,6,18000,0.0,108000
2025-12-26,PRD-05,Jawa Timur,1,18000,0.0,18000
2025-12-26,PRD-05,Jabodetabek,9,18000,10.0,145800
2025-12-26,PRD-06,DI Yogyakarta,21,12000,0.0,252000
2025-12-26,PRD-06,Jawa Tengah,24,12000,0.0,288000
2025-12-26,PRD-06,Jawa Timur,10,12000,0.0,120000
2025-12-26,PRD-06,Jabodetabek,22,12000,0.0,264000
2025-12-26,PRD-07,DI Yogyakarta,10,32000,0.0,320000
2025-12-26,PRD-07,Jawa Tengah,5,32000,10.0,144000
2025-12-26,PRD-07,Jawa Timur,4,32000,0.0,128000
2025-12-26,PRD-07,Jabodetabek,7,32000,0.0,224000
2025-12-26,PRD-08,DI Yogyakarta,6,14000,5.0,79800
2025-12-26,PRD-08,Jawa Tengah,10,14000,0.0,140000
2025-12-26,PRD-08,Jawa Timur,3,14000,0.0,42000
2025-12-26,PRD-08,Jabodetabek,10,14000,0.0,140000
2025-12-27,PRD-01,DI Yogyakarta,24,28000,0.0,672000
2025-12-27,PRD-01,Jawa Tengah,16,28000,0.0,448000
2025-12-27,PRD-01,Jawa Timur,8,28000,0.0,224000
2025-12-27,PRD-01,Jabodetabek,29,28000,0.0,812000
2025-12-27,PRD-02,DI Yogyakarta,16,26000,0.0,416000
2025-12-27,PRD-02,Jawa Tengah,11,26000,0.0,286000
2025-12-27,PRD-02,Jawa Timur,11,26000,5.0,271700
2025-12-27,PRD-02,Jabodetabek,11,26000,0.0,286000
2025-12-27,PRD-03,DI Yogyakarta,17,25000,0.0,425000
2025-12-27,PRD-03,Jawa Tengah,12,25000,0.0,300000
2025-12-27,PRD-03,Jawa Timur,7,25000,0.0,175000
2025-12-27,PRD-03,Jabodetabek,11,25000,15.0,233750
2025-12-27,PRD-04,DI Yogyakarta,44,15000,0.0,660000
2025-12-27,PRD-04,Jawa Tengah,37,15000,0.0,555000
2025-12-27,PRD-04,Jawa Timur,27,15000,0.0,405000
2025-12-27,PRD-04,Jabodetabek,43,15000,15.0,548250
2025-12-27,PRD-05,DI Yogyakarta,11,18000,0.0,198000
2025-12-27,PRD-05,Jawa Tengah,13,18000,0.0,234000
2025-12-27,PRD-05,Jawa Timur,6,18000,0.0,108000
2025-12-27,PRD-05,Jabodetabek,10,18000,0.0,180000
2025-12-27,PRD-06,DI Yogyakarta,35,12000,0.0,420000
2025-12-27,PRD-06,Jawa Tengah,23,12000,5.0,262200
2025-12-27,PRD-06,Jawa Timur,11,12000,0.0,132000
2025-12-27,PRD-06,Jabodetabek,30,12000,10.0,324000
2025-12-27,PRD-07,DI Yogyakarta,6,32000,0.0,192000
2025-12-27,PRD-07,Jawa Tengah,4,32000,0.0,128000
2025-12-27,PRD-07,Jawa Timur,2,32000,0.0,64000
2025-12-27,PRD-07,Jabodetabek,10,32000,0.0,320000
2025-12-27,PRD-08,DI Yogyakarta,17,14000,0.0,238000
2025-12-27,PRD-08,Jawa Tengah,12,14000,0.0,168000
2025-12-27,PRD-08,Jawa Timur,11,14000,0.0,154000
2025-12-27,PRD-08,Jabodetabek,16,14000,0.0,224000
2025-12-28,PRD-01,DI Yogyakarta,29,28000,0.0,812000
2025-12-28,PRD-01,Jawa Tengah,18,28000,0.0,504000
2025-12-28,PRD-01,Jawa Timur,13,28000,0.0,364000
2025-12-28,PRD-01,Jabodetabek,30,28000,0.0,840000
2025-12-28,PRD-02,DI Yogyakarta,26,26000,0.0,676000
2025-12-28,PRD-02,Jawa Tengah,6,26000,5.0,148200
2025-12-28,PRD-02,Jawa Timur,17,26000,0.0,442000
2025-12-28,PRD-02,Jabodetabek,18,26000,0.0,468000
2025-12-28,PRD-03,DI Yogyakarta,20,25000,0.0,500000
2025-12-28,PRD-03,Jawa Tengah,6,25000,0.0,150000
2025-12-28,PRD-03,Jawa Timur,11,25000,0.0,275000
2025-12-28,PRD-03,Jabodetabek,10,25000,0.0,250000
2025-12-28,PRD-04,DI Yogyakarta,46,15000,5.0,655500
2025-12-28,PRD-04,Jawa Tengah,31,15000,10.0,418500
2025-12-28,PRD-04,Jawa Timur,26,15000,10.0,351000
2025-12-28,PRD-04,Jabodetabek,26,15000,5.0,370500
2025-12-28,PRD-05,DI Yogyakarta,17,18000,0.0,306000
2025-12-28,PRD-05,Jawa Tengah,5,18000,0.0,90000
2025-12-28,PRD-05,Jawa Timur,3,18000,0.0,54000
2025-12-28,PRD-05,Jabodetabek,14,18000,0.0,252000
2025-12-28,PRD-06,DI Yogyakarta,30,12000,0.0,360000
2025-12-28,PRD-06,Jawa Tengah,25,12000,0.0,300000
2025-12-28,PRD-06,Jawa Timur,15,12000,10.0,162000
2025-12-28,PRD-06,Jabodetabek,21,12000,0.0,252000
2025-12-28,PRD-07,DI Yogyakarta,6,32000,0.0,192000
2025-12-28,PRD-07,Jawa Tengah,8,32000,5.0,243200
2025-12-28,PRD-07,Jawa Timur,6,32000,0.0,192000
2025-12-28,PRD-07,Jabodetabek,5,32000,0.0,160000
2025-12-28,PRD-08,DI Yogyakarta,24,14000,0.0,336000
2025-12-28,PRD-08,Jawa Tengah,15,14000,0.0,210000
2025-12-28,PRD-08,Jawa Timur,5,14000,10.0,63000
2025-12-28,PRD-08,Jabodetabek,16,14000,0.0,224000
2025-12-29,PRD-01,DI Yogyakarta,19,28000,5.0,505400
2025-12-29,PRD-01,Jawa Tengah,17,28000,0.0,476000
2025-12-29,PRD-01,Jawa Timur,16,28000,0.0,448000
2025-12-29,PRD-01,Jabodetabek,27,28000,0.0,756000
2025-12-29,PRD-02,DI Yogyakarta,8,26000,0.0,208000
2025-12-29,PRD-02,Jawa Tengah,14,26000,0.0,364000
2025-12-29,PRD-02,Jawa Timur,9,26000,0.0,234000
2025-12-29,PRD-02,Jabodetabek,22,26000,10.0,514800
2025-12-29,PRD-03,DI Yogyakarta,10,25000,5.0,237500
2025-12-29,PRD-03,Jawa Tengah,13,25000,0.0,325000
2025-12-29,PRD-03,Jawa Timur,9,25000,0.0,225000
2025-12-29,PRD-03,Jabodetabek,9,25000,0.0,225000
2025-12-29,PRD-04,DI Yogyakarta,30,15000,0.0,450000
2025-12-29,PRD-04,Jawa Tengah,24,15000,0.0,360000
2025-12-29,PRD-04,Jawa Timur,16,15000,0.0,240000
2025-12-29,PRD-04,Jabodetabek,33,15000,0.0,495000
2025-12-29,PRD-05,DI Yogyakarta,4,18000,10.0,64800
2025-12-29,PRD-05,Jawa Tengah,1,18000,0.0,18000
2025-12-29,PRD-05,Jawa Timur,3,18000,5.0,51300
2025-12-29,PRD-05,Jabodetabek,11,18000,0.0,198000
2025-12-29,PRD-06,DI Yogyakarta,23,12000,0.0,276000
2025-12-29,PRD-06,Jawa Tengah,9,12000,0.0,108000
2025-12-29,PRD-06,Jawa Timur,15,12000,0.0,180000
2025-12-29,PRD-06,Jabodetabek,21,12000,0.0,252000
2025-12-29,PRD-07,DI Yogyakarta,8,32000,15.0,217600
2025-12-29,PRD-07,Jawa Tengah,4,32000,0.0,128000
2025-12-29,PRD-07,Jawa Timur,2,32000,0.0,64000
2025-12-29,PRD-07,Jabodetabek,0,32000,0.0,0
2025-12-29,PRD-08,DI Yogyakarta,15,14000,5.0,199500
2025-12-29,PRD-08,Jawa Tengah,8,14000,0.0,112000
2025-12-29,PRD-08,Jawa Timur,6,14000,0.0,84000
2025-12-29,PRD-08,Jabodetabek,15,14000,0.0,210000
2025-12-30,PRD-01,DI Yogyakarta,21,28000,10.0,529200
2025-12-30,PRD-01,Jawa Tengah,12,28000,0.0,336000
2025-12-30,PRD-01,Jawa Timur,13,28000,5.0,345800
2025-12-30,PRD-01,Jabodetabek,15,28000,0.0,420000
2025-12-30,PRD-02,DI Yogyakarta,10,26000,0.0,260000
2025-12-30,PRD-02,Jawa Tengah,10,26000,0.0,260000
2025-12-30,PRD-02,Jawa Timur,6,26000,0.0,156000
2025-12-30,PRD-02,Jabodetabek,17,26000,0.0,442000
2025-12-30,PRD-03,DI Yogyakarta,11,25000,0.0,275000
2025-12-30,PRD-03,Jawa Tengah,15,25000,5.0,356250
2025-12-30,PRD-03,Jawa Timur,5,25000,0.0,125000
2025-12-30,PRD-03,Jabodetabek,8,25000,0.0,200000
2025-12-30,PRD-04,DI Yogyakarta,31,15000,0.0,465000
2025-12-30,PRD-04,Jawa Tengah,20,15000,5.0,285000
2025-12-30,PRD-04,Jawa Timur,16,15000,5.0,228000
2025-12-30,PRD-04,Jabodetabek,18,15000,0.0,270000
2025-12-30,PRD-05,DI Yogyakarta,12,18000,0.0,216000
2025-12-30,PRD-05,Jawa Tengah,7,18000,0.0,126000
2025-12-30,PRD-05,Jawa Timur,6,18000,0.0,108000
2025-12-30,PRD-05,Jabodetabek,7,18000,0.0,126000
2025-12-30,PRD-06,DI Yogyakarta,19,12000,5.0,216600
2025-12-30,PRD-06,Jawa Tengah,16,12000,0.0,192000
2025-12-30,PRD-06,Jawa Timur,12,12000,10.0,129600
2025-12-30,PRD-06,Jabodetabek,25,12000,10.0,270000
2025-12-30,PRD-07,DI Yogyakarta,10,32000,10.0,288000
2025-12-30,PRD-07,Jawa Tengah,13,32000,0.0,416000
2025-12-30,PRD-07,Jawa Timur,3,32000,0.0,96000
2025-12-30,PRD-07,Jabodetabek,5,32000,10.0,144000
2025-12-30,PRD-08,DI Yogyakarta,12,14000,0.0,168000
2025-12-30,PRD-08,Jawa Tengah,6,14000,0.0,84000
2025-12-30,PRD-08,Jawa Timur,6,14000,10.0,75600
2025-12-30,PRD-08,Jabodetabek,10,14000,0.0,140000
2025-12-31,PRD-01,DI Yogyakarta,22,28000,15.0,523600
2025-12-31,PRD-01,Jawa Tengah,11,28000,0.0,308000
2025-12-31,PRD-01,Jawa Timur,10,28000,5.0,266000
2025-12-31,PRD-01,Jabodetabek,9,28000,5.0,239400
2025-12-31,PRD-02,DI Yogyakarta,18,26000,5.0,444600
2025-12-31,PRD-02,Jawa Tengah,16,26000,0.0,416000
2025-12-31,PRD-02,Jawa Timur,10,26000,0.0,260000
2025-12-31,PRD-02,Jabodetabek,14,26000,0.0,364000
2025-12-31,PRD-03,DI Yogyakarta,13,25000,0.0,325000
2025-12-31,PRD-03,Jawa Tengah,10,25000,0.0,250000
2025-12-31,PRD-03,Jawa Timur,8,25000,5.0,190000
2025-12-31,PRD-03,Jabodetabek,7,25000,0.0,175000
2025-12-31,PRD-04,DI Yogyakarta,28,15000,0.0,420000
2025-12-31,PRD-04,Jawa Tengah,17,15000,0.0,255000
2025-12-31,PRD-04,Jawa Timur,15,15000,10.0,202500
2025-12-31,PRD-04,Jabodetabek,27,15000,0.0,405000
2025-12-31,PRD-05,DI Yogyakarta,10,18000,0.0,180000
2025-12-31,PRD-05,Jawa Tengah,5,18000,0.0,90000
2025-12-31,PRD-05,Jawa Timur,4,18000,15.0,61200
2025-12-31,PRD-05,Jabodetabek,15,18000,5.0,256500
2025-12-31,PRD-06,DI Yogyakarta,15,12000,0.0,180000
2025-12-31,PRD-06,Jawa Tengah,18,12000,0.0,216000
2025-12-31,PRD-06,Jawa Timur,17,12000,0.0,204000
2025-12-31,PRD-06,Jabodetabek,22,12000,10.0,237600
2025-12-31,PRD-07,DI Yogyakarta,3,32000,10.0,86400
2025-12-31,PRD-07,Jawa Tengah,5,32000,15.0,136000
2025-12-31,PRD-07,Jawa Timur,5,32000,15.0,136000
2025-12-31,PRD-07,Jabodetabek,10,32000,0.0,320000
2025-12-31,PRD-08,DI Yogyakarta,16,14000,0.0,224000
2025-12-31,PRD-08,Jawa Tengah,10,14000,0.0,140000
2025-12-31,PRD-08,Jawa Timur,4,14000,0.0,56000
2025-12-31,PRD-08,Jabodetabek,10,14000,0.0,140000
2026-01-01,PRD-01,DI Yogyakarta,23,28000,15.0,547400
2026-01-01,PRD-01,Jawa Tengah,14,28000,0.0,392000
2026-01-01,PRD-01,Jawa Timur,3,28000,0.0,84000
2026-01-01,PRD-01,Jabodetabek,12,28000,0.0,336000
2026-01-01,PRD-02,DI Yogyakarta,10,26000,0.0,260000
2026-01-01,PRD-02,Jawa Tengah,6,26000,10.0,140400
2026-01-01,PRD-02,Jawa Timur,3,26000,10.0,70200
2026-01-01,PRD-02,Jabodetabek,11,26000,5.0,271700
2026-01-01,PRD-03,DI Yogyakarta,5,25000,5.0,118750
2026-01-01,PRD-03,Jawa Tengah,7,25000,0.0,175000
2026-01-01,PRD-03,Jawa Timur,2,25000,0.0,50000
2026-01-01,PRD-03,Jabodetabek,12,25000,10.0,270000
2026-01-01,PRD-04,DI Yogyakarta,24,15000,0.0,360000
2026-01-01,PRD-04,Jawa Tengah,14,15000,0.0,210000
2026-01-01,PRD-04,Jawa Timur,12,15000,0.0,180000
2026-01-01,PRD-04,Jabodetabek,7,15000,0.0,105000
2026-01-01,PRD-05,DI Yogyakarta,3,18000,10.0,48600
2026-01-01,PRD-05,Jawa Tengah,2,18000,0.0,36000
2026-01-01,PRD-05,Jawa Timur,3,18000,0.0,54000
2026-01-01,PRD-05,Jabodetabek,5,18000,0.0,90000
2026-01-01,PRD-06,DI Yogyakarta,20,12000,0.0,240000
2026-01-01,PRD-06,Jawa Tengah,12,12000,0.0,144000
2026-01-01,PRD-06,Jawa Timur,8,12000,0.0,96000
2026-01-01,PRD-06,Jabodetabek,14,12000,0.0,168000
2026-01-01,PRD-07,DI Yogyakarta,2,32000,5.0,60800
2026-01-01,PRD-07,Jawa Tengah,4,32000,0.0,128000
2026-01-01,PRD-07,Jawa Timur,1,32000,10.0,28800
2026-01-01,PRD-07,Jabodetabek,4,32000,0.0,128000
2026-01-01,PRD-08,DI Yogyakarta,3,14000,0.0,42000
2026-01-01,PRD-08,Jawa Tengah,7,14000,10.0,88200
2026-01-01,PRD-08,Jawa Timur,8,14000,10.0,100800
2026-01-01,PRD-08,Jabodetabek,12,14000,0.0,168000
2026-01-02,PRD-01,DI Yogyakarta,11,28000,0.0,308000
2026-01-02,PRD-01,Jawa Tengah,7,28000,0.0,196000
2026-01-02,PRD-01,Jawa Timur,9,28000,0.0,252000
2026-01-02,PRD-01,Jabodetabek,9,28000,0.0,252000
2026-01-02,PRD-02,DI Yogyakarta,9,26000,0.0,234000
2026-01-02,PRD-02,Jawa Tengah,10,26000,0.0,260000
2026-01-02,PRD-02,Jawa Timur,5,26000,0.0,130000
2026-01-02,PRD-02,Jabodetabek,4,26000,5.0,98800
2026-01-02,PRD-03,DI Yogyakarta,1,25000,0.0,25000
2026-01-02,PRD-03,Jawa Tengah,5,25000,0.0,125000
2026-01-02,PRD-03,Jawa Timur,2,25000,0.0,50000
2026-01-02,PRD-03,Jabodetabek,5,25000,0.0,125000
2026-01-02,PRD-04,DI Yogyakarta,18,15000,15.0,229500
2026-01-02,PRD-04,Jawa Tengah,8,15000,0.0,120000
2026-01-02,PRD-04,Jawa Timur,9,15000,0.0,135000
2026-01-02,PRD-04,Jabodetabek,18,15000,0.0,270000
2026-01-02,PRD-05,DI Yogyakarta,10,18000,5.0,171000
2026-01-02,PRD-05,Jawa Tengah,3,18000,0.0,54000
2026-01-02,PRD-05,Jawa Timur,3,18000,0.0,54000
2026-01-02,PRD-05,Jabodetabek,3,18000,0.0,54000
2026-01-02,PRD-06,DI Yogyakarta,17,12000,0.0,204000
2026-01-02,PRD-06,Jawa Tengah,11,12000,0.0,132000
2026-01-02,PRD-06,Jawa Timur,5,12000,0.0,60000
2026-01-02,PRD-06,Jabodetabek,14,12000,15.0,142800
2026-01-02,PRD-07,DI Yogyakarta,3,32000,0.0,96000
2026-01-02,PRD-07,Jawa Tengah,2,32000,0.0,64000
2026-01-02,PRD-07,Jawa Timur,0,32000,0.0,0
2026-01-02,PRD-07,Jabodetabek,6,32000,0.0,192000
2026-01-02,PRD-08,DI Yogyakarta,4,14000,0.0,56000
2026-01-02,PRD-08,Jawa Tengah,7,14000,0.0,98000
2026-01-02,PRD-08,Jawa Timur,7,14000,0.0,98000
2026-01-02,PRD-08,Jabodetabek,6,14000,0.0,84000
2026-01-03,PRD-01,DI Yogyakarta,18,28000,0.0,504000
2026-01-03,PRD-01,Jawa Tengah,8,28000,0.0,224000
2026-01-03,PRD-01,Jawa Timur,8,28000,0.0,224000
2026-01-03,PRD-01,Jabodetabek,17,28000,0.0,476000
2026-01-03,PRD-02,DI Yogyakarta,10,26000,0.0,260000
2026-01-03,PRD-02,Jawa Tengah,12,26000,5.0,296400
2026-01-03,PRD-02,Jawa Timur,9,26000,0.0,234000
2026-01-03,PRD-02,Jabodetabek,16,26000,0.0,416000
2026-01-03,PRD-03,DI Yogyakarta,6,25000,0.0,150000
2026-01-03,PRD-03,Jawa Tengah,6,25000,10.0,135000
2026-01-03,PRD-03,Jawa Timur,5,25000,10.0,112500
2026-01-03,PRD-03,Jabodetabek,8,25000,0.0,200000
2026-01-03,PRD-04,DI Yogyakarta,22,15000,0.0,330000
2026-01-03,PRD-04,Jawa Tengah,15,15000,15.0,191250
2026-01-03,PRD-04,Jawa Timur,13,15000,0.0,195000
2026-01-03,PRD-04,Jabodetabek,19,15000,0.0,285000
2026-01-03,PRD-05,DI Yogyakarta,2,18000,0.0,36000
2026-01-03,PRD-05,Jawa Tengah,6,18000,0.0,108000
2026-01-03,PRD-05,Jawa Timur,1,18000,0.0,18000
2026-01-03,PRD-05,Jabodetabek,7,18000,10.0,113400
2026-01-03,PRD-06,DI Yogyakarta,21,12000,0.0,252000
2026-01-03,PRD-06,Jawa Tengah,14,12000,0.0,168000
2026-01-03,PRD-06,Jawa Timur,6,12000,0.0,72000
2026-01-03,PRD-06,Jabodetabek,18,12000,5.0,205200
2026-01-03,PRD-07,DI Yogyakarta,6,32000,0.0,192000
2026-01-03,PRD-07,Jawa Tengah,3,32000,0.0,96000
2026-01-03,PRD-07,Jawa Timur,3,32000,0.0,96000
2026-01-03,PRD-07,Jabodetabek,3,32000,0.0,96000
2026-01-03,PRD-08,DI Yogyakarta,10,14000,10.0,126000
2026-01-03,PRD-08,Jawa Tengah,6,14000,0.0,84000
2026-01-03,PRD-08,Jawa Timur,8,14000,0.0,112000
2026-01-03,PRD-08,Jabodetabek,9,14000,0.0,126000
2026-01-04,PRD-01,DI Yogyakarta,12,28000,10.0,302400
2026-01-04,PRD-01,Jawa Tengah,19,28000,0.0,532000
2026-01-04,PRD-01,Jawa Timur,8,28000,0.0,224000
2026-01-04,PRD-01,Jabodetabek,14,28000,0.0,392000
2026-01-04,PRD-02,DI Yogyakarta,14,26000,0.0,364000
2026-01-04,PRD-02,Jawa Tengah,10,26000,0.0,260000
2026-01-04,PRD-02,Jawa Timur,6,26000,0.0,156000
2026-01-04,PRD-02,Jabodetabek,18,26000,0.0,468000
2026-01-04,PRD-03,DI Yogyakarta,7,25000,5.0,166250
2026-01-04,PRD-03,Jawa Tengah,7,25000,0.0,175000
2026-01-04,PRD-03,Jawa Timur,6,25000,0.0,150000
2026-01-04,PRD-03,Jabodetabek,7,25000,0.0,175000
2026-01-04,PRD-04,DI Yogyakarta,27,15000,0.0,405000
2026-01-04,PRD-04,Jawa Tengah,18,15000,0.0,270000
2026-01-04,PRD-04,Jawa Timur,18,15000,0.0,270000
2026-01-04,PRD-04,Jabodetabek,16,15000,0.0,240000
2026-01-04,PRD-05,DI Yogyakarta,5,18000,0.0,90000
2026-01-04,PRD-05,Jawa Tengah,5,18000,0.0,90000
2026-01-04,PRD-05,Jawa Timur,6,18000,0.0,108000
2026-01-04,PRD-05,Jabodetabek,5,18000,5.0,85500
2026-01-04,PRD-06,DI Yogyakarta,24,12000,0.0,288000
2026-01-04,PRD-06,Jawa Tengah,19,12000,10.0,205200
2026-01-04,PRD-06,Jawa Timur,14,12000,0.0,168000
2026-01-04,PRD-06,Jabodetabek,14,12000,15.0,142800
2026-01-04,PRD-07,DI Yogyakarta,5,32000,0.0,160000
2026-01-04,PRD-07,Jawa Tengah,4,32000,0.0,128000
2026-01-04,PRD-07,Jawa Timur,3,32000,0.0,96000
2026-01-04,PRD-07,Jabodetabek,9,32000,0.0,288000
2026-01-04,PRD-08,DI Yogyakarta,11,14000,0.0,154000
2026-01-04,PRD-08,Jawa Tengah,7,14000,0.0,98000
2026-01-04,PRD-08,Jawa Timur,9,14000,0.0,126000
2026-01-04,PRD-08,Jabodetabek,11,14000,0.0,154000
2026-01-05,PRD-01,DI Yogyakarta,10,28000,0.0,280000
2026-01-05,PRD-01,Jawa Tengah,13,28000,5.0,345800
2026-01-05,PRD-01,Jawa Timur,3,28000,0.0,84000
2026-01-05,PRD-01,Jabodetabek,10,28000,0.0,280000
2026-01-05,PRD-02,DI Yogyakarta,13,26000,10.0,304200
2026-01-05,PRD-02,Jawa Tengah,11,26000,0.0,286000
2026-01-05,PRD-02,Jawa Timur,7,26000,0.0,182000
2026-01-05,PRD-02,Jabodetabek,6,26000,0.0,156000
2026-01-05,PRD-03,DI Yogyakarta,7,25000,0.0,175000
2026-01-05,PRD-03,Jawa Tengah,7,25000,0.0,175000
2026-01-05,PRD-03,Jawa Timur,3,25000,0.0,75000
2026-01-05,PRD-03,Jabodetabek,3,25000,0.0,75000
2026-01-05,PRD-04,DI Yogyakarta,28,15000,10.0,378000
2026-01-05,PRD-04,Jawa Tengah,20,15000,10.0,270000
2026-01-05,PRD-04,Jawa Timur,10,15000,0.0,150000
2026-01-05,PRD-04,Jabodetabek,15,15000,0.0,225000
2026-01-05,PRD-05,DI Yogyakarta,4,18000,0.0,72000
2026-01-05,PRD-05,Jawa Tengah,3,18000,10.0,48600
2026-01-05,PRD-05,Jawa Timur,3,18000,0.0,54000
2026-01-05,PRD-05,Jabodetabek,7,18000,0.0,126000
2026-01-05,PRD-06,DI Yogyakarta,12,12000,5.0,136800
2026-01-05,PRD-06,Jawa Tengah,13,12000,10.0,140400
2026-01-05,PRD-06,Jawa Timur,5,12000,0.0,60000
2026-01-05,PRD-06,Jabodetabek,11,12000,5.0,125400
2026-01-05,PRD-07,DI Yogyakarta,4,32000,0.0,128000
2026-01-05,PRD-07,Jawa Tengah,5,32000,10.0,144000
2026-01-05,PRD-07,Jawa Timur,1,32000,0.0,32000
2026-01-05,PRD-07,Jabodetabek,7,32000,0.0,224000
2026-01-05,PRD-08,DI Yogyakarta,10,14000,0.0,140000
2026-01-05,PRD-08,Jawa Tengah,5,14000,0.0,70000
2026-01-05,PRD-08,Jawa Timur,0,14000,0.0,0
2026-01-05,PRD-08,Jabodetabek,5,14000,10.0,63000
2026-01-06,PRD-01,DI Yogyakarta,15,28000,5.0,399000
2026-01-06,PRD-01,Jawa Tengah,10,28000,0.0,280000
2026-01-06,PRD-01,Jawa Timur,6,28000,5.0,159600
2026-01-06,PRD-01,Jabodetabek,13,28000,0.0,364000
2026-01-06,PRD-02,DI Yogyakarta,10,26000,0.0,260000
2026-01-06,PRD-02,Jawa Tengah,6,26000,10.0,140400
2026-01-06,PRD-02,Jawa Timur,2,26000,0.0,52000
2026-01-06,PRD-02,Jabodetabek,7,26000,0.0,182000
2026-01-06,PRD-03,DI Yogyakarta,8,25000,0.0,200000
2026-01-06,PRD-03,Jawa Tengah,7,25000,0.0,175000
2026-01-06,PRD-03,Jawa Timur,3,25000,5.0,71250
2026-01-06,PRD-03,Jabodetabek,9,25000,0.0,225000
2026-01-06,PRD-04,DI Yogyakarta,25,15000,0.0,375000
2026-01-06,PRD-04,Jawa Tengah,15,15000,0.0,225000
2026-01-06,PRD-04,Jawa Timur,8,15000,0.0,120000
2026-01-06,PRD-04,Jabodetabek,22,15000,0.0,330000
2026-01-06,PRD-05,DI Yogyakarta,5,18000,0.0,90000
2026-01-06,PRD-05,Jawa Tengah,2,18000,0.0,36000
2026-01-06,PRD-05,Jawa Timur,1,18000,0.0,18000
2026-01-06,PRD-05,Jabodetabek,7,18000,0.0,126000
2026-01-06,PRD-06,DI Yogyakarta,18,12000,10.0,194400
2026-01-06,PRD-06,Jawa Tengah,14,12000,0.0,168000
2026-01-06,PRD-06,Jawa Timur,5,12000,10.0,54000
2026-01-06,PRD-06,Jabodetabek,13,12000,0.0,156000
2026-01-06,PRD-07,DI Yogyakarta,3,32000,0.0,96000
2026-01-06,PRD-07,Jawa Tengah,10,32000,5.0,304000
2026-01-06,PRD-07,Jawa Timur,3,32000,0.0,96000
2026-01-06,PRD-07,Jabodetabek,5,32000,0.0,160000
2026-01-06,PRD-08,DI Yogyakarta,5,14000,0.0,70000
2026-01-06,PRD-08,Jawa Tengah,8,14000,0.0,112000
2026-01-06,PRD-08,Jawa Timur,6,14000,0.0,84000
2026-01-06,PRD-08,Jabodetabek,6,14000,5.0,79800
2026-01-07,PRD-01,DI Yogyakarta,9,28000,0.0,252000
2026-01-07,PRD-01,Jawa Tengah,8,28000,0.0,224000
2026-01-07,PRD-01,Jawa Timur,8,28000,15.0,190400
2026-01-07,PRD-01,Jabodetabek,13,28000,0.0,364000
2026-01-07,PRD-02,DI Yogyakarta,14,26000,0.0,364000
2026-01-07,PRD-02,Jawa Tengah,9,26000,0.0,234000
2026-01-07,PRD-02,Jawa Timur,2,26000,0.0,52000
2026-01-07,PRD-02,Jabodetabek,11,26000,5.0,271700
2026-01-07,PRD-03,DI Yogyakarta,9,25000,0.0,225000
2026-01-07,PRD-03,Jawa Tengah,4,25000,0.0,100000
2026-01-07,PRD-03,Jawa Timur,3,25000,0.0,75000
2026-01-07,PRD-03,Jabodetabek,5,25000,0.0,125000
2026-01-07,PRD-04,DI Yogyakarta,14,15000,0.0,210000
2026-01-07,PRD-04,Jawa Tengah,9,15000,0.0,135000
2026-01-07,PRD-04,Jawa Timur,9,15000,0.0,135000
2026-01-07,PRD-04,Jabodetabek,12,15000,0.0,180000
2026-01-07,PRD-05,DI Yogyakarta,2,18000,0.0,36000
2026-01-07,PRD-05,Jawa Tengah,2,18000,0.0,36000
2026-01-07,PRD-05,Jawa Timur,2,18000,5.0,34200
2026-01-07,PRD-05,Jabodetabek,3,18000,0.0,54000
2026-01-07,PRD-06,DI Yogyakarta,11,12000,5.0,125400
2026-01-07,PRD-06,Jawa Tengah,16,12000,0.0,192000
2026-01-07,PRD-06,Jawa Timur,6,12000,0.0,72000
2026-01-07,PRD-06,Jabodetabek,11,12000,0.0,132000
2026-01-07,PRD-07,DI Yogyakarta,6,32000,10.0,172800
2026-01-07,PRD-07,Jawa Tengah,4,32000,0.0,128000
2026-01-07,PRD-07,Jawa Timur,4,32000,15.0,108800
2026-01-07,PRD-07,Jabodetabek,1,32000,0.0,32000
2026-01-07,PRD-08,DI Yogyakarta,10,14000,0.0,140000
2026-01-07,PRD-08,Jawa Tengah,5,14000,0.0,70000
2026-01-07,PRD-08,Jawa Timur,3,14000,0.0,42000
2026-01-07,PRD-08,Jabodetabek,5,14000,0.0,70000
2026-01-08,PRD-01,DI Yogyakarta,8,28000,0.0,224000
2026-01-08,PRD-01,Jawa Tengah,10,28000,0.0,280000
2026-01-08,PRD-01,Jawa Timur,7,28000,0.0,196000
2026-01-08,PRD-01,Jabodetabek,8,28000,0.0,224000
2026-01-08,PRD-02,DI Yogyakarta,13,26000,0.0,338000
2026-01-08,PRD-02,Jawa Tengah,7,26000,5.0,172900
2026-01-08,PRD-02,Jawa Timur,3,26000,5.0,74100
2026-01-08,PRD-02,Jabodetabek,7,26000,0.0,182000
2026-01-08,PRD-03,DI Yogyakarta,10,25000,0.0,250000
2026-01-08,PRD-03,Jawa Tengah,4,25000,5.0,95000
2026-01-08,PRD-03,Jawa Timur,5,25000,0.0,125000
2026-01-08,PRD-03,Jabodetabek,4,25000,0.0,100000
2026-01-08,PRD-04,DI Yogyakarta,14,15000,0.0,210000
2026-01-08,PRD-04,Jawa Tengah,14,15000,0.0,210000
2026-01-08,PRD-04,Jawa Timur,12,15000,0.0,180000
2026-01-08,PRD-04,Jabodetabek,15,15000,10.0,202500
2026-01-08,PRD-05,DI Yogyakarta,6,18000,0.0,108000
2026-01-08,PRD-05,Jawa Tengah,7,18000,0.0,126000
2026-01-08,PRD-05,Jawa Timur,0,18000,5.0,0
2026-01-08,PRD-05,Jabodetabek,10,18000,0.0,180000
2026-01-08,PRD-06,DI Yogyakarta,20,12000,0.0,240000
2026-01-08,PRD-06,Jawa Tengah,8,12000,0.0,96000
2026-01-08,PRD-06,Jawa Timur,7,12000,0.0,84000
2026-01-08,PRD-06,Jabodetabek,13,12000,0.0,156000
2026-01-08,PRD-07,DI Yogyakarta,3,32000,0.0,96000
2026-01-08,PRD-07,Jawa Tengah,1,32000,0.0,32000
2026-01-08,PRD-07,Jawa Timur,2,32000,10.0,57600
2026-01-08,PRD-07,Jabodetabek,5,32000,0.0,160000
2026-01-08,PRD-08,DI Yogyakarta,11,14000,0.0,154000
2026-01-08,PRD-08,Jawa Tengah,6,14000,5.0,79800
2026-01-08,PRD-08,Jawa Timur,5,14000,0.0,70000
2026-01-08,PRD-08,Jabodetabek,7,14000,0.0,98000
2026-01-09,PRD-01,DI Yogyakarta,17,28000,0.0,476000
2026-01-09,PRD-01,Jawa Tengah,13,28000,0.0,364000
2026-01-09,PRD-01,Jawa Timur,8,28000,0.0,224000
2026-01-09,PRD-01,Jabodetabek,7,28000,0.0,196000
2026-01-09,PRD-02,DI Yogyakarta,13,26000,0.0,338000
2026-01-09,PRD-02,Jawa Tengah,6,26000,0.0,156000
2026-01-09,PRD-02,Jawa Timur,3,26000,0.0,78000
2026-01-09,PRD-02,Jabodetabek,9,26000,0.0,234000
2026-01-09,PRD-03,DI Yogyakarta,6,25000,0.0,150000
2026-01-09,PRD-03,Jawa Tengah,1,25000,0.0,25000
2026-01-09,PRD-03,Jawa Timur,4,25000,10.0,90000
2026-01-09,PRD-03,Jabodetabek,6,25000,5.0,142500
2026-01-09,PRD-04,DI Yogyakarta,22,15000,5.0,313500
2026-01-09,PRD-04,Jawa Tengah,16,15000,0.0,240000
2026-01-09,PRD-04,Jawa Timur,15,15000,5.0,213750
2026-01-09,PRD-04,Jabodetabek,9,15000,0.0,135000
2026-01-09,PRD-05,DI Yogyakarta,5,18000,0.0,90000
2026-01-09,PRD-05,Jawa Tengah,4,18000,0.0,72000
2026-01-09,PRD-05,Jawa Timur,0,18000,0.0,0
2026-01-09,PRD-05,Jabodetabek,11,18000,0.0,198000
2026-01-09,PRD-06,DI Yogyakarta,17,12000,0.0,204000
2026-01-09,PRD-06,Jawa Tengah,6,12000,0.0,72000
2026-01-09,PRD-06,Jawa Timur,7,12000,0.0,84000
2026-01-09,PRD-06,Jabodetabek,14,12000,0.0,168000
2026-01-09,PRD-07,DI Yogyakarta,1,32000,0.0,32000
2026-01-09,PRD-07,Jawa Tengah,3,32000,0.0,96000
2026-01-09,PRD-07,Jawa Timur,3,32000,0.0,96000
2026-01-09,PRD-07,Jabodetabek,8,32000,0.0,256000
2026-01-09,PRD-08,DI Yogyakarta,17,14000,0.0,238000
2026-01-09,PRD-08,Jawa Tengah,3,14000,0.0,42000
2026-01-09,PRD-08,Jawa Timur,7,14000,0.0,98000
2026-01-09,PRD-08,Jabodetabek,12,14000,0.0,168000
2026-01-10,PRD-01,DI Yogyakarta,14,28000,5.0,372400
2026-01-10,PRD-01,Jawa Tengah,15,28000,0.0,420000
2026-01-10,PRD-01,Jawa Timur,9,28000,0.0,252000
2026-01-10,PRD-01,Jabodetabek,20,28000,5.0,532000
2026-01-10,PRD-02,DI Yogyakarta,12,26000,0.0,312000
2026-01-10,PRD-02,Jawa Tengah,11,26000,10.0,257400
2026-01-10,PRD-02,Jawa Timur,7,26000,0.0,182000
2026-01-10,PRD-02,Jabodetabek,12,26000,0.0,312000
2026-01-10,PRD-03,DI Yogyakarta,5,25000,0.0,125000
2026-01-10,PRD-03,Jawa Tengah,5,25000,0.0,125000
2026-01-10,PRD-03,Jawa Timur,2,25000,0.0,50000
2026-01-10,PRD-03,Jabodetabek,7,25000,0.0,175000
2026-01-10,PRD-04,DI Yogyakarta,19,15000,0.0,285000
2026-01-10,PRD-04,Jawa Tengah,10,15000,0.0,150000
2026-01-10,PRD-04,Jawa Timur,14,15000,0.0,210000
2026-01-10,PRD-04,Jabodetabek,30,15000,0.0,450000
2026-01-10,PRD-05,DI Yogyakarta,9,18000,0.0,162000
2026-01-10,PRD-05,Jawa Tengah,7,18000,0.0,126000
2026-01-10,PRD-05,Jawa Timur,3,18000,0.0,54000
2026-01-10,PRD-05,Jabodetabek,4,18000,0.0,72000
2026-01-10,PRD-06,DI Yogyakarta,21,12000,0.0,252000
2026-01-10,PRD-06,Jawa Tengah,15,12000,0.0,180000
2026-01-10,PRD-06,Jawa Timur,8,12000,0.0,96000
2026-01-10,PRD-06,Jabodetabek,14,12000,0.0,168000
2026-01-10,PRD-07,DI Yogyakarta,3,32000,0.0,96000
2026-01-10,PRD-07,Jawa Tengah,4,32000,15.0,108800
2026-01-10,PRD-07,Jawa Timur,5,32000,0.0,160000
2026-01-10,PRD-07,Jabodetabek,8,32000,5.0,243200
2026-01-10,PRD-08,DI Yogyakarta,11,14000,0.0,154000
2026-01-10,PRD-08,Jawa Tengah,3,14000,10.0,37800
2026-01-10,PRD-08,Jawa Timur,10,14000,0.0,140000
2026-01-10,PRD-08,Jabodetabek,8,14000,0.0,112000
2026-01-11,PRD-01,DI Yogyakarta,15,28000,0.0,420000
2026-01-11,PRD-01,Jawa Tengah,8,28000,0.0,224000
2026-01-11,PRD-01,Jawa Timur,6,28000,0.0,168000
2026-01-11,PRD-01,Jabodetabek,15,28000,0.0,420000
2026-01-11,PRD-02,DI Yogyakarta,12,26000,0.0,312000
2026-01-11,PRD-02,Jawa Tengah,13,26000,0.0,338000
2026-01-11,PRD-02,Jawa Timur,8,26000,0.0,208000
2026-01-11,PRD-02,Jabodetabek,8,26000,10.0,187200
2026-01-11,PRD-03,DI Yogyakarta,12,25000,0.0,300000
2026-01-11,PRD-03,Jawa Tengah,5,25000,0.0,125000
2026-01-11,PRD-03,Jawa Timur,4,25000,0.0,100000
2026-01-11,PRD-03,Jabodetabek,3,25000,0.0,75000
2026-01-11,PRD-04,DI Yogyakarta,22,15000,0.0,330000
2026-01-11,PRD-04,Jawa Tengah,9,15000,10.0,121500
2026-01-11,PRD-04,Jawa Timur,11,15000,0.0,165000
2026-01-11,PRD-04,Jabodetabek,25,15000,0.0,375000
2026-01-11,PRD-05,DI Yogyakarta,10,18000,10.0,162000
2026-01-11,PRD-05,Jawa Tengah,2,18000,0.0,36000
2026-01-11,PRD-05,Jawa Timur,2,18000,0.0,36000
2026-01-11,PRD-05,Jabodetabek,4,18000,0.0,72000
2026-01-11,PRD-06,DI Yogyakarta,15,12000,0.0,180000
2026-01-11,PRD-06,Jawa Tengah,15,12000,10.0,162000
2026-01-11,PRD-06,Jawa Timur,4,12000,10.0,43200
2026-01-11,PRD-06,Jabodetabek,18,12000,0.0,216000
2026-01-11,PRD-07,DI Yogyakarta,4,32000,0.0,128000
2026-01-11,PRD-07,Jawa Tengah,3,32000,10.0,86400
2026-01-11,PRD-07,Jawa Timur,3,32000,0.0,96000
2026-01-11,PRD-07,Jabodetabek,6,32000,0.0,192000
2026-01-11,PRD-08,DI Yogyakarta,13,14000,0.0,182000
2026-01-11,PRD-08,Jawa Tengah,11,14000,0.0,154000
2026-01-11,PRD-08,Jawa Timur,7,14000,10.0,88200
2026-01-11,PRD-08,Jabodetabek,10,14000,0.0,140000
2026-01-12,PRD-01,DI Yogyakarta,8,28000,15.0,190400
2026-01-12,PRD-01,Jawa Tengah,9,28000,0.0,252000
2026-01-12,PRD-01,Jawa Timur,10,28000,0.0,280000
2026-01-12,PRD-01,Jabodetabek,16,28000,0.0,448000
2026-01-12,PRD-02,DI Yogyakarta,9,26000,0.0,234000
2026-01-12,PRD-02,Jawa Tengah,7,26000,10.0,163800
2026-01-12,PRD-02,Jawa Timur,3,26000,10.0,70200
2026-01-12,PRD-02,Jabodetabek,14,26000,5.0,345800
2026-01-12,PRD-03,DI Yogyakarta,5,25000,5.0,118750
2026-01-12,PRD-03,Jawa Tengah,4,25000,0.0,100000
2026-01-12,PRD-03,Jawa Timur,3,25000,0.0,75000
2026-01-12,PRD-03,Jabodetabek,5,25000,0.0,125000
2026-01-12,PRD-04,DI Yogyakarta,13,15000,0.0,195000
2026-01-12,PRD-04,Jawa Tengah,13,15000,10.0,175500
2026-01-12,PRD-04,Jawa Timur,19,15000,0.0,285000
2026-01-12,PRD-04,Jabodetabek,13,15000,0.0,195000
2026-01-12,PRD-05,DI Yogyakarta,7,18000,0.0,126000
2026-01-12,PRD-05,Jawa Tengah,5,18000,10.0,81000
2026-01-12,PRD-05,Jawa Timur,2,18000,0.0,36000
2026-01-12,PRD-05,Jabodetabek,5,18000,0.0,90000
2026-01-12,PRD-06,DI Yogyakarta,13,12000,0.0,156000
2026-01-12,PRD-06,Jawa Tengah,11,12000,0.0,132000
2026-01-12,PRD-06,Jawa Timur,8,12000,0.0,96000
2026-01-12,PRD-06,Jabodetabek,7,12000,5.0,79800
2026-01-12,PRD-07,DI Yogyakarta,2,32000,0.0,64000
2026-01-12,PRD-07,Jawa Tengah,1,32000,0.0,32000
2026-01-12,PRD-07,Jawa Timur,4,32000,0.0,128000
2026-01-12,PRD-07,Jabodetabek,1,32000,0.0,32000
2026-01-12,PRD-08,DI Yogyakarta,10,14000,0.0,140000
2026-01-12,PRD-08,Jawa Tengah,1,14000,0.0,14000
2026-01-12,PRD-08,Jawa Timur,3,14000,5.0,39900
2026-01-12,PRD-08,Jabodetabek,4,14000,0.0,56000
2026-01-13,PRD-01,DI Yogyakarta,6,28000,5.0,159600
2026-01-13,PRD-01,Jawa Tengah,7,28000,10.0,176400
2026-01-13,PRD-01,Jawa Timur,12,28000,5.0,319200
2026-01-13,PRD-01,Jabodetabek,11,28000,0.0,308000
2026-01-13,PRD-02,DI Yogyakarta,9,26000,0.0,234000
2026-01-13,PRD-02,Jawa Tengah,6,26000,0.0,156000
2026-01-13,PRD-02,Jawa Timur,6,26000,5.0,148200
2026-01-13,PRD-02,Jabodetabek,8,26000,5.0,197600
2026-01-13,PRD-03,DI Yogyakarta,5,25000,0.0,125000
2026-01-13,PRD-03,Jawa Tengah,5,25000,5.0,118750
2026-01-13,PRD-03,Jawa Timur,2,25000,0.0,50000
2026-01-13,PRD-03,Jabodetabek,6,25000,0.0,150000
2026-01-13,PRD-04,DI Yogyakarta,23,15000,0.0,345000
2026-01-13,PRD-04,Jawa Tengah,13,15000,10.0,175500
2026-01-13,PRD-04,Jawa Timur,8,15000,0.0,120000
2026-01-13,PRD-04,Jabodetabek,16,15000,0.0,240000
2026-01-13,PRD-05,DI Yogyakarta,3,18000,0.0,54000
2026-01-13,PRD-05,Jawa Tengah,4,18000,0.0,72000
2026-01-13,PRD-05,Jawa Timur,3,18000,0.0,54000
2026-01-13,PRD-05,Jabodetabek,5,18000,0.0,90000
2026-01-13,PRD-06,DI Yogyakarta,15,12000,0.0,180000
2026-01-13,PRD-06,Jawa Tengah,11,12000,0.0,132000
2026-01-13,PRD-06,Jawa Timur,7,12000,0.0,84000
2026-01-13,PRD-06,Jabodetabek,15,12000,5.0,171000
2026-01-13,PRD-07,DI Yogyakarta,1,32000,10.0,28800
2026-01-13,PRD-07,Jawa Tengah,3,32000,0.0,96000
2026-01-13,PRD-07,Jawa Timur,4,32000,0.0,128000
2026-01-13,PRD-07,Jabodetabek,2,32000,0.0,64000
2026-01-13,PRD-08,DI Yogyakarta,9,14000,5.0,119700
2026-01-13,PRD-08,Jawa Tengah,8,14000,0.0,112000
2026-01-13,PRD-08,Jawa Timur,5,14000,0.0,70000
2026-01-13,PRD-08,Jabodetabek,4,14000,10.0,50400
2026-01-14,PRD-01,DI Yogyakarta,10,28000,5.0,266000
2026-01-14,PRD-01,Jawa Tengah,6,28000,0.0,168000
2026-01-14,PRD-01,Jawa Timur,6,28000,0.0,168000
2026-01-14,PRD-01,Jabodetabek,16,28000,0.0,448000
2026-01-14,PRD-02,DI Yogyakarta,11,26000,0.0,286000
2026-01-14,PRD-02,Jawa Tengah,5,26000,0.0,130000
2026-01-14,PRD-02,Jawa Timur,5,26000,0.0,130000
2026-01-14,PRD-02,Jabodetabek,12,26000,0.0,312000
2026-01-14,PRD-03,DI Yogyakarta,8,25000,0.0,200000
2026-01-14,PRD-03,Jawa Tengah,4,25000,10.0,90000
2026-01-14,PRD-03,Jawa Timur,5,25000,0.0,125000
2026-01-14,PRD-03,Jabodetabek,8,25000,5.0,190000
2026-01-14,PRD-04,DI Yogyakarta,24,15000,0.0,360000
2026-01-14,PRD-04,Jawa Tengah,14,15000,10.0,189000
2026-01-14,PRD-04,Jawa Timur,14,15000,0.0,210000
2026-01-14,PRD-04,Jabodetabek,17,15000,0.0,255000
2026-01-14,PRD-05,DI Yogyakarta,5,18000,0.0,90000
2026-01-14,PRD-05,Jawa Tengah,4,18000,0.0,72000
2026-01-14,PRD-05,Jawa Timur,4,18000,0.0,72000
2026-01-14,PRD-05,Jabodetabek,6,18000,0.0,108000
2026-01-14,PRD-06,DI Yogyakarta,12,12000,0.0,144000
2026-01-14,PRD-06,Jawa Tengah,8,12000,0.0,96000
2026-01-14,PRD-06,Jawa Timur,9,12000,10.0,97200
2026-01-14,PRD-06,Jabodetabek,11,12000,0.0,132000
2026-01-14,PRD-07,DI Yogyakarta,1,32000,0.0,32000
2026-01-14,PRD-07,Jawa Tengah,7,32000,0.0,224000
2026-01-14,PRD-07,Jawa Timur,3,32000,0.0,96000
2026-01-14,PRD-07,Jabodetabek,3,32000,0.0,96000
2026-01-14,PRD-08,DI Yogyakarta,7,14000,10.0,88200
2026-01-14,PRD-08,Jawa Tengah,5,14000,10.0,63000
2026-01-14,PRD-08,Jawa Timur,5,14000,0.0,70000
2026-01-14,PRD-08,Jabodetabek,7,14000,0.0,98000
2026-01-15,PRD-01,DI Yogyakarta,13,28000,0.0,364000
2026-01-15,PRD-01,Jawa Tengah,13,28000,0.0,364000
2026-01-15,PRD-01,Jawa Timur,6,28000,0.0,168000
2026-01-15,PRD-01,Jabodetabek,10,28000,0.0,280000
2026-01-15,PRD-02,DI Yogyakarta,11,26000,0.0,286000
2026-01-15,PRD-02,Jawa Tengah,7,26000,0.0,182000
2026-01-15,PRD-02,Jawa Timur,11,26000,0.0,286000
2026-01-15,PRD-02,Jabodetabek,8,26000,15.0,176800
2026-01-15,PRD-03,DI Yogyakarta,8,25000,0.0,200000
2026-01-15,PRD-03,Jawa Tengah,6,25000,10.0,135000
2026-01-15,PRD-03,Jawa Timur,4,25000,0.0,100000
2026-01-15,PRD-03,Jabodetabek,10,25000,10.0,225000
2026-01-15,PRD-04,DI Yogyakarta,18,15000,0.0,270000
2026-01-15,PRD-04,Jawa Tengah,14,15000,0.0,210000
2026-01-15,PRD-04,Jawa Timur,7,15000,0.0,105000
2026-01-15,PRD-04,Jabodetabek,13,15000,0.0,195000
2026-01-15,PRD-05,DI Yogyakarta,8,18000,0.0,144000
2026-01-15,PRD-05,Jawa Tengah,7,18000,0.0,126000
2026-01-15,PRD-05,Jawa Timur,4,18000,0.0,72000
2026-01-15,PRD-05,Jabodetabek,10,18000,0.0,180000
2026-01-15,PRD-06,DI Yogyakarta,11,12000,5.0,125400
2026-01-15,PRD-06,Jawa Tengah,12,12000,0.0,144000
2026-01-15,PRD-06,Jawa Timur,11,12000,0.0,132000
2026-01-15,PRD-06,Jabodetabek,10,12000,0.0,120000
2026-01-15,PRD-07,DI Yogyakarta,5,32000,0.0,160000
2026-01-15,PRD-07,Jawa Tengah,1,32000,5.0,30400
2026-01-15,PRD-07,Jawa Timur,2,32000,0.0,64000
2026-01-15,PRD-07,Jabodetabek,9,32000,0.0,288000
2026-01-15,PRD-08,DI Yogyakarta,9,14000,0.0,126000
2026-01-15,PRD-08,Jawa Tengah,6,14000,0.0,84000
2026-01-15,PRD-08,Jawa Timur,9,14000,5.0,119700
2026-01-15,PRD-08,Jabodetabek,8,14000,10.0,100800
2026-01-16,PRD-01,DI Yogyakarta,18,28000,5.0,478800
2026-01-16,PRD-01,Jawa Tengah,9,28000,0.0,252000
2026-01-16,PRD-01,Jawa Timur,11,28000,0.0,308000
2026-01-16,PRD-01,Jabodetabek,10,28000,5.0,266000
2026-01-16,PRD-02,DI Yogyakarta,11,26000,0.0,286000
2026-01-16,PRD-02,Jawa Tengah,4,26000,0.0,104000
2026-01-16,PRD-02,Jawa Timur,9,26000,0.0,234000
2026-01-16,PRD-02,Jabodetabek,8,26000,0.0,208000
2026-01-16,PRD-03,DI Yogyakarta,5,25000,0.0,125000
2026-01-16,PRD-03,Jawa Tengah,6,25000,0.0,150000
2026-01-16,PRD-03,Jawa Timur,1,25000,0.0,25000
2026-01-16,PRD-03,Jabodetabek,5,25000,0.0,125000
2026-01-16,PRD-04,DI Yogyakarta,19,15000,10.0,256500
2026-01-16,PRD-04,Jawa Tengah,14,15000,5.0,199500
2026-01-16,PRD-04,Jawa Timur,11,15000,0.0,165000
2026-01-16,PRD-04,Jabodetabek,23,15000,0.0,345000
2026-01-16,PRD-05,DI Yogyakarta,7,18000,5.0,119700
2026-01-16,PRD-05,Jawa Tengah,3,18000,0.0,54000
2026-01-16,PRD-05,Jawa Timur,1,18000,0.0,18000
2026-01-16,PRD-05,Jabodetabek,5,18000,0.0,90000
2026-01-16,PRD-06,DI Yogyakarta,11,12000,5.0,125400
2026-01-16,PRD-06,Jawa Tengah,11,12000,0.0,132000
2026-01-16,PRD-06,Jawa Timur,6,12000,0.0,72000
2026-01-16,PRD-06,Jabodetabek,12,12000,10.0,129600
2026-01-16,PRD-07,DI Yogyakarta,10,32000,0.0,320000
2026-01-16,PRD-07,Jawa Tengah,3,32000,0.0,96000
2026-01-16,PRD-07,Jawa Timur,3,32000,0.0,96000
2026-01-16,PRD-07,Jabodetabek,5,32000,0.0,160000
2026-01-16,PRD-08,DI Yogyakarta,8,14000,0.0,112000
2026-01-16,PRD-08,Jawa Tengah,3,14000,0.0,42000
2026-01-16,PRD-08,Jawa Timur,4,14000,0.0,56000
2026-01-16,PRD-08,Jabodetabek,8,14000,0.0,112000
2026-01-17,PRD-01,DI Yogyakarta,18,28000,0.0,504000
2026-01-17,PRD-01,Jawa Tengah,14,28000,5.0,372400
2026-01-17,PRD-01,Jawa Timur,9,28000,0.0,252000
2026-01-17,PRD-01,Jabodetabek,22,28000,0.0,616000
2026-01-17,PRD-02,DI Yogyakarta,11,26000,0.0,286000
2026-01-17,PRD-02,Jawa Tengah,9,26000,5.0,222300
2026-01-17,PRD-02,Jawa Timur,11,26000,0.0,286000
2026-01-17,PRD-02,Jabodetabek,6,26000,0.0,156000
2026-01-17,PRD-03,DI Yogyakarta,13,25000,0.0,325000
2026-01-17,PRD-03,Jawa Tengah,6,25000,0.0,150000
2026-01-17,PRD-03,Jawa Timur,5,25000,0.0,125000
2026-01-17,PRD-03,Jabodetabek,9,25000,5.0,213750
2026-01-17,PRD-04,DI Yogyakarta,20,15000,0.0,300000
2026-01-17,PRD-04,Jawa Tengah,15,15000,5.0,213750
2026-01-17,PRD-04,Jawa Timur,15,15000,0.0,225000
2026-01-17,PRD-04,Jabodetabek,17,15000,10.0,229500
2026-01-17,PRD-05,DI Yogyakarta,7,18000,0.0,126000
2026-01-17,PRD-05,Jawa Tengah,5,18000,10.0,81000
2026-01-17,PRD-05,Jawa Timur,1,18000,0.0,18000
2026-01-17,PRD-05,Jabodetabek,7,18000,0.0,126000
2026-01-17,PRD-06,DI Yogyakarta,16,12000,5.0,182400
2026-01-17,PRD-06,Jawa Tengah,9,12000,0.0,108000
2026-01-17,PRD-06,Jawa Timur,10,12000,10.0,108000
2026-01-17,PRD-06,Jabodetabek,15,12000,0.0,180000
2026-01-17,PRD-07,DI Yogyakarta,8,32000,0.0,256000
2026-01-17,PRD-07,Jawa Tengah,4,32000,0.0,128000
2026-01-17,PRD-07,Jawa Timur,5,32000,0.0,160000
2026-01-17,PRD-07,Jabodetabek,7,32000,0.0,224000
2026-01-17,PRD-08,DI Yogyakarta,13,14000,0.0,182000
2026-01-17,PRD-08,Jawa Tengah,6,14000,0.0,84000
2026-01-17,PRD-08,Jawa Timur,11,14000,0.0,154000
2026-01-17,PRD-08,Jabodetabek,13,14000,0.0,182000
2026-01-18,PRD-01,DI Yogyakarta,13,28000,0.0,364000
2026-01-18,PRD-01,Jawa Tengah,8,28000,10.0,201600
2026-01-18,PRD-01,Jawa Timur,16,28000,5.0,425600
2026-01-18,PRD-01,Jabodetabek,13,28000,15.0,309400
2026-01-18,PRD-02,DI Yogyakarta,25,26000,0.0,650000
2026-01-18,PRD-02,Jawa Tengah,10,26000,0.0,260000
2026-01-18,PRD-02,Jawa Timur,12,26000,0.0,312000
2026-01-18,PRD-02,Jabodetabek,10,26000,0.0,260000
2026-01-18,PRD-03,DI Yogyakarta,9,25000,5.0,213750
2026-01-18,PRD-03,Jawa Tengah,5,25000,0.0,125000
2026-01-18,PRD-03,Jawa Timur,1,25000,0.0,25000
2026-01-18,PRD-03,Jabodetabek,6,25000,0.0,150000
2026-01-18,PRD-04,DI Yogyakarta,13,15000,0.0,195000
2026-01-18,PRD-04,Jawa Tengah,11,15000,0.0,165000
2026-01-18,PRD-04,Jawa Timur,18,15000,0.0,270000
2026-01-18,PRD-04,Jabodetabek,27,15000,0.0,405000
2026-01-18,PRD-05,DI Yogyakarta,8,18000,0.0,144000
2026-01-18,PRD-05,Jawa Tengah,3,18000,5.0,51300
2026-01-18,PRD-05,Jawa Timur,4,18000,0.0,72000
2026-01-18,PRD-05,Jabodetabek,7,18000,0.0,126000
2026-01-18,PRD-06,DI Yogyakarta,16,12000,15.0,163200
2026-01-18,PRD-06,Jawa Tengah,12,12000,0.0,144000
2026-01-18,PRD-06,Jawa Timur,9,12000,0.0,108000
2026-01-18,PRD-06,Jabodetabek,10,12000,0.0,120000
2026-01-18,PRD-07,DI Yogyakarta,11,32000,0.0,352000
2026-01-18,PRD-07,Jawa Tengah,1,32000,0.0,32000
2026-01-18,PRD-07,Jawa Timur,5,32000,0.0,160000
2026-01-18,PRD-07,Jabodetabek,6,32000,0.0,192000
2026-01-18,PRD-08,DI Yogyakarta,16,14000,0.0,224000
2026-01-18,PRD-08,Jawa Tengah,5,14000,0.0,70000
2026-01-18,PRD-08,Jawa Timur,9,14000,0.0,126000
2026-01-18,PRD-08,Jabodetabek,8,14000,0.0,112000
2026-01-19,PRD-01,DI Yogyakarta,15,28000,0.0,420000
2026-01-19,PRD-01,Jawa Tengah,19,28000,5.0,505400
2026-01-19,PRD-01,Jawa Timur,9,28000,10.0,226800
2026-01-19,PRD-01,Jabodetabek,13,28000,0.0,364000
2026-01-19,PRD-02,DI Yogyakarta,13,26000,0.0,338000
2026-01-19,PRD-02,Jawa Tengah,10,26000,0.0,260000
2026-01-19,PRD-02,Jawa Timur,7,26000,15.0,154700
2026-01-19,PRD-02,Jabodetabek,10,26000,0.0,260000
2026-01-19,PRD-03,DI Yogyakarta,9,25000,0.0,225000
2026-01-19,PRD-03,Jawa Tengah,8,25000,0.0,200000
2026-01-19,PRD-03,Jawa Timur,3,25000,0.0,75000
2026-01-19,PRD-03,Jabodetabek,7,25000,0.0,175000
2026-01-19,PRD-04,DI Yogyakarta,22,15000,0.0,330000
2026-01-19,PRD-04,Jawa Tengah,21,15000,5.0,299250
2026-01-19,PRD-04,Jawa Timur,7,15000,0.0,105000
2026-01-19,PRD-04,Jabodetabek,14,15000,0.0,210000
2026-01-19,PRD-05,DI Yogyakarta,4,18000,0.0,72000
2026-01-19,PRD-05,Jawa Tengah,1,18000,0.0,18000
2026-01-19,PRD-05,Jawa Timur,3,18000,0.0,54000
2026-01-19,PRD-05,Jabodetabek,9,18000,0.0,162000
2026-01-19,PRD-06,DI Yogyakarta,17,12000,0.0,204000
2026-01-19,PRD-06,Jawa Tengah,5,12000,0.0,60000
2026-01-19,PRD-06,Jawa Timur,3,12000,5.0,34200
2026-01-19,PRD-06,Jabodetabek,16,12000,0.0,192000
2026-01-19,PRD-07,DI Yogyakarta,7,32000,0.0,224000
2026-01-19,PRD-07,Jawa Tengah,4,32000,0.0,128000
2026-01-19,PRD-07,Jawa Timur,1,32000,0.0,32000
2026-01-19,PRD-07,Jabodetabek,8,32000,0.0,256000
2026-01-19,PRD-08,DI Yogyakarta,8,14000,15.0,95200
2026-01-19,PRD-08,Jawa Tengah,5,14000,5.0,66500
2026-01-19,PRD-08,Jawa Timur,6,14000,0.0,84000
2026-01-19,PRD-08,Jabodetabek,9,14000,0.0,126000
2026-01-20,PRD-01,DI Yogyakarta,12,28000,0.0,336000
2026-01-20,PRD-01,Jawa Tengah,13,28000,0.0,364000
2026-01-20,PRD-01,Jawa Timur,7,28000,5.0,186200
2026-01-20,PRD-01,Jabodetabek,9,28000,0.0,252000
2026-01-20,PRD-02,DI Yogyakarta,5,26000,0.0,130000
2026-01-20,PRD-02,Jawa Tengah,5,26000,0.0,130000
2026-01-20,PRD-02,Jawa Timur,3,26000,0.0,78000
2026-01-20,PRD-02,Jabodetabek,13,26000,0.0,338000
2026-01-20,PRD-03,DI Yogyakarta,11,25000,0.0,275000
2026-01-20,PRD-03,Jawa Tengah,4,25000,0.0,100000
2026-01-20,PRD-03,Jawa Timur,4,25000,0.0,100000
2026-01-20,PRD-03,Jabodetabek,6,25000,15.0,127500
2026-01-20,PRD-04,DI Yogyakarta,17,15000,10.0,229500
2026-01-20,PRD-04,Jawa Tengah,14,15000,15.0,178500
2026-01-20,PRD-04,Jawa Timur,16,15000,15.0,204000
2026-01-20,PRD-04,Jabodetabek,19,15000,10.0,256500
2026-01-20,PRD-05,DI Yogyakarta,6,18000,15.0,91800
2026-01-20,PRD-05,Jawa Tengah,1,18000,0.0,18000
2026-01-20,PRD-05,Jawa Timur,5,18000,0.0,90000
2026-01-20,PRD-05,Jabodetabek,6,18000,0.0,108000
2026-01-20,PRD-06,DI Yogyakarta,17,12000,0.0,204000
2026-01-20,PRD-06,Jawa Tengah,13,12000,0.0,156000
2026-01-20,PRD-06,Jawa Timur,11,12000,0.0,132000
2026-01-20,PRD-06,Jabodetabek,14,12000,10.0,151200
2026-01-20,PRD-07,DI Yogyakarta,5,32000,0.0,160000
2026-01-20,PRD-07,Jawa Tengah,5,32000,0.0,160000
2026-01-20,PRD-07,Jawa Timur,2,32000,5.0,60800
2026-01-20,PRD-07,Jabodetabek,7,32000,0.0,224000
2026-01-20,PRD-08,DI Yogyakarta,8,14000,0.0,112000
2026-01-20,PRD-08,Jawa Tengah,9,14000,15.0,107100
2026-01-20,PRD-08,Jawa Timur,6,14000,0.0,84000
2026-01-20,PRD-08,Jabodetabek,7,14000,0.0,98000
2026-01-21,PRD-01,DI Yogyakarta,10,28000,5.0,266000
2026-01-21,PRD-01,Jawa Tengah,5,28000,0.0,140000
2026-01-21,PRD-01,Jawa Timur,6,28000,10.0,151200
2026-01-21,PRD-01,Jabodetabek,9,28000,5.0,239400
2026-01-21,PRD-02,DI Yogyakarta,11,26000,0.0,286000
2026-01-21,PRD-02,Jawa Tengah,6,26000,0.0,156000
2026-01-21,PRD-02,Jawa Timur,3,26000,0.0,78000
2026-01-21,PRD-02,Jabodetabek,10,26000,0.0,260000
2026-01-21,PRD-03,DI Yogyakarta,8,25000,0.0,200000
2026-01-21,PRD-03,Jawa Tengah,5,25000,0.0,125000
2026-01-21,PRD-03,Jawa Timur,7,25000,0.0,175000
2026-01-21,PRD-03,Jabodetabek,4,25000,0.0,100000
2026-01-21,PRD-04,DI Yogyakarta,24,15000,0.0,360000
2026-01-21,PRD-04,Jawa Tengah,11,15000,0.0,165000
2026-01-21,PRD-04,Jawa Timur,6,15000,5.0,85500
2026-01-21,PRD-04,Jabodetabek,18,15000,0.0,270000
2026-01-21,PRD-05,DI Yogyakarta,5,18000,0.0,90000
2026-01-21,PRD-05,Jawa Tengah,5,18000,0.0,90000
2026-01-21,PRD-05,Jawa Timur,2,18000,0.0,36000
2026-01-21,PRD-05,Jabodetabek,3,18000,0.0,54000
2026-01-21,PRD-06,DI Yogyakarta,13,12000,0.0,156000
2026-01-21,PRD-06,Jawa Tengah,10,12000,0.0,120000
2026-01-21,PRD-06,Jawa Timur,10,12000,15.0,102000
2026-01-21,PRD-06,Jabodetabek,8,12000,15.0,81600
2026-01-21,PRD-07,DI Yogyakarta,4,32000,5.0,121600
2026-01-21,PRD-07,Jawa Tengah,2,32000,0.0,64000
2026-01-21,PRD-07,Jawa Timur,3,32000,0.0,96000
2026-01-21,PRD-07,Jabodetabek,3,32000,0.0,96000
2026-01-21,PRD-08,DI Yogyakarta,11,14000,0.0,154000
2026-01-21,PRD-08,Jawa Tengah,6,14000,0.0,84000
2026-01-21,PRD-08,Jawa Timur,7,14000,0.0,98000
2026-01-21,PRD-08,Jabodetabek,7,14000,0.0,98000
2026-01-22,PRD-01,DI Yogyakarta,9,28000,0.0,252000
2026-01-22,PRD-01,Jawa Tengah,9,28000,5.0,239400
2026-01-22,PRD-01,Jawa Timur,4,28000,0.0,112000
2026-01-22,PRD-01,Jabodetabek,10,28000,10.0,252000
2026-01-22,PRD-02,DI Yogyakarta,13,26000,0.0,338000
2026-01-22,PRD-02,Jawa Tengah,6,26000,0.0,156000
2026-01-22,PRD-02,Jawa Timur,6,26000,5.0,148200
2026-01-22,PRD-02,Jabodetabek,7,26000,0.0,182000
2026-01-22,PRD-03,DI Yogyakarta,5,25000,0.0,125000
2026-01-22,PRD-03,Jawa Tengah,5,25000,0.0,125000
2026-01-22,PRD-03,Jawa Timur,5,25000,5.0,118750
2026-01-22,PRD-03,Jabodetabek,4,25000,5.0,95000
2026-01-22,PRD-04,DI Yogyakarta,19,15000,0.0,285000
2026-01-22,PRD-04,Jawa Tengah,10,15000,10.0,135000
2026-01-22,PRD-04,Jawa Timur,17,15000,0.0,255000
2026-01-22,PRD-04,Jabodetabek,16,15000,0.0,240000
2026-01-22,PRD-05,DI Yogyakarta,7,18000,10.0,113400
2026-01-22,PRD-05,Jawa Tengah,3,18000,0.0,54000
2026-01-22,PRD-05,Jawa Timur,1,18000,0.0,18000
2026-01-22,PRD-05,Jabodetabek,4,18000,0.0,72000
2026-01-22,PRD-06,DI Yogyakarta,19,12000,0.0,228000
2026-01-22,PRD-06,Jawa Tengah,15,12000,0.0,180000
2026-01-22,PRD-06,Jawa Timur,10,12000,0.0,120000
2026-01-22,PRD-06,Jabodetabek,16,12000,10.0,172800
2026-01-22,PRD-07,DI Yogyakarta,11,32000,0.0,352000
2026-01-22,PRD-07,Jawa Tengah,0,32000,0.0,0
2026-01-22,PRD-07,Jawa Timur,2,32000,15.0,54400
2026-01-22,PRD-07,Jabodetabek,1,32000,0.0,32000
2026-01-22,PRD-08,DI Yogyakarta,11,14000,0.0,154000
2026-01-22,PRD-08,Jawa Tengah,5,14000,0.0,70000
2026-01-22,PRD-08,Jawa Timur,2,14000,0.0,28000
2026-01-22,PRD-08,Jabodetabek,3,14000,0.0,42000
2026-01-23,PRD-01,DI Yogyakarta,12,28000,0.0,336000
2026-01-23,PRD-01,Jawa Tengah,10,28000,0.0,280000
2026-01-23,PRD-01,Jawa Timur,7,28000,10.0,176400
2026-01-23,PRD-01,Jabodetabek,10,28000,0.0,280000
2026-01-23,PRD-02,DI Yogyakarta,13,26000,0.0,338000
2026-01-23,PRD-02,Jawa Tengah,11,26000,0.0,286000
2026-01-23,PRD-02,Jawa Timur,4,26000,0.0,104000
2026-01-23,PRD-02,Jabodetabek,8,26000,0.0,208000
2026-01-23,PRD-03,DI Yogyakarta,5,25000,0.0,125000
2026-01-23,PRD-03,Jawa Tengah,5,25000,5.0,118750
2026-01-23,PRD-03,Jawa Timur,4,25000,0.0,100000
2026-01-23,PRD-03,Jabodetabek,6,25000,0.0,150000
2026-01-23,PRD-04,DI Yogyakarta,13,15000,10.0,175500
2026-01-23,PRD-04,Jawa Tengah,14,15000,0.0,210000
2026-01-23,PRD-04,Jawa Timur,9,15000,0.0,135000
2026-01-23,PRD-04,Jabodetabek,15,15000,0.0,225000
2026-01-23,PRD-05,DI Yogyakarta,8,18000,0.0,144000
2026-01-23,PRD-05,Jawa Tengah,2,18000,0.0,36000
2026-01-23,PRD-05,Jawa Timur,3,18000,0.0,54000
2026-01-23,PRD-05,Jabodetabek,2,18000,0.0,36000
2026-01-23,PRD-06,DI Yogyakarta,16,12000,0.0,192000
2026-01-23,PRD-06,Jawa Tengah,8,12000,0.0,96000
2026-01-23,PRD-06,Jawa Timur,6,12000,5.0,68400
2026-01-23,PRD-06,Jabodetabek,19,12000,0.0,228000
2026-01-23,PRD-07,DI Yogyakarta,5,32000,0.0,160000
2026-01-23,PRD-07,Jawa Tengah,2,32000,5.0,60800
2026-01-23,PRD-07,Jawa Timur,5,32000,0.0,160000
2026-01-23,PRD-07,Jabodetabek,3,32000,0.0,96000
2026-01-23,PRD-08,DI Yogyakarta,7,14000,0.0,98000
2026-01-23,PRD-08,Jawa Tengah,4,14000,0.0,56000
2026-01-23,PRD-08,Jawa Timur,7,14000,10.0,88200
2026-01-23,PRD-08,Jabodetabek,12,14000,0.0,168000
2026-01-24,PRD-01,DI Yogyakarta,15,28000,0.0,420000
2026-01-24,PRD-01,Jawa Tengah,6,28000,10.0,151200
2026-01-24,PRD-01,Jawa Timur,12,28000,5.0,319200
2026-01-24,PRD-01,Jabodetabek,18,28000,5.0,478800
2026-01-24,PRD-02,DI Yogyakarta,16,26000,0.0,416000
2026-01-24,PRD-02,Jawa Tengah,16,26000,0.0,416000
2026-01-24,PRD-02,Jawa Timur,7,26000,10.0,163800
2026-01-24,PRD-02,Jabodetabek,16,26000,0.0,416000
2026-01-24,PRD-03,DI Yogyakarta,6,25000,0.0,150000
2026-01-24,PRD-03,Jawa Tengah,7,25000,0.0,175000
2026-01-24,PRD-03,Jawa Timur,4,25000,0.0,100000
2026-01-24,PRD-03,Jabodetabek,16,25000,0.0,400000
2026-01-24,PRD-04,DI Yogyakarta,27,15000,0.0,405000
2026-01-24,PRD-04,Jawa Tengah,16,15000,0.0,240000
2026-01-24,PRD-04,Jawa Timur,14,15000,5.0,199500
2026-01-24,PRD-04,Jabodetabek,26,15000,0.0,390000
2026-01-24,PRD-05,DI Yogyakarta,11,18000,0.0,198000
2026-01-24,PRD-05,Jawa Tengah,5,18000,10.0,81000
2026-01-24,PRD-05,Jawa Timur,3,18000,0.0,54000
2026-01-24,PRD-05,Jabodetabek,4,18000,0.0,72000
2026-01-24,PRD-06,DI Yogyakarta,34,12000,0.0,408000
2026-01-24,PRD-06,Jawa Tengah,14,12000,0.0,168000
2026-01-24,PRD-06,Jawa Timur,17,12000,0.0,204000
2026-01-24,PRD-06,Jabodetabek,12,12000,0.0,144000
2026-01-24,PRD-07,DI Yogyakarta,3,32000,0.0,96000
2026-01-24,PRD-07,Jawa Tengah,6,32000,0.0,192000
2026-01-24,PRD-07,Jawa Timur,2,32000,0.0,64000
2026-01-24,PRD-07,Jabodetabek,6,32000,15.0,163200
2026-01-24,PRD-08,DI Yogyakarta,6,14000,0.0,84000
2026-01-24,PRD-08,Jawa Tengah,7,14000,5.0,93100
2026-01-24,PRD-08,Jawa Timur,12,14000,10.0,151200
2026-01-24,PRD-08,Jabodetabek,9,14000,5.0,119700
2026-01-25,PRD-01,DI Yogyakarta,24,28000,0.0,672000
2026-01-25,PRD-01,Jawa Tengah,14,28000,0.0,392000
2026-01-25,PRD-01,Jawa Timur,10,28000,0.0,280000
2026-01-25,PRD-01,Jabodetabek,12,28000,0.0,336000
2026-01-25,PRD-02,DI Yogyakarta,13,26000,5.0,321100
2026-01-25,PRD-02,Jawa Tengah,17,26000,0.0,442000
2026-01-25,PRD-02,Jawa Timur,12,26000,0.0,312000
2026-01-25,PRD-02,Jabodetabek,15,26000,0.0,390000
2026-01-25,PRD-03,DI Yogyakarta,9,25000,0.0,225000
2026-01-25,PRD-03,Jawa Tengah,4,25000,0.0,100000
2026-01-25,PRD-03,Jawa Timur,6,25000,0.0,150000
2026-01-25,PRD-03,Jabodetabek,9,25000,10.0,202500
2026-01-25,PRD-04,DI Yogyakarta,28,15000,0.0,420000
2026-01-25,PRD-04,Jawa Tengah,20,15000,5.0,285000
2026-01-25,PRD-04,Jawa Timur,12,15000,0.0,180000
2026-01-25,PRD-04,Jabodetabek,24,15000,0.0,360000
2026-01-25,PRD-05,DI Yogyakarta,9,18000,0.0,162000
2026-01-25,PRD-05,Jawa Tengah,7,18000,5.0,119700
2026-01-25,PRD-05,Jawa Timur,4,18000,0.0,72000
2026-01-25,PRD-05,Jabodetabek,9,18000,0.0,162000
2026-01-25,PRD-06,DI Yogyakarta,21,12000,0.0,252000
2026-01-25,PRD-06,Jawa Tengah,13,12000,0.0,156000
2026-01-25,PRD-06,Jawa Timur,14,12000,0.0,168000
2026-01-25,PRD-06,Jabodetabek,20,12000,0.0,240000
2026-01-25,PRD-07,DI Yogyakarta,7,32000,0.0,224000
2026-01-25,PRD-07,Jawa Tengah,4,32000,0.0,128000
2026-01-25,PRD-07,Jawa Timur,3,32000,0.0,96000
2026-01-25,PRD-07,Jabodetabek,4,32000,0.0,128000
2026-01-25,PRD-08,DI Yogyakarta,13,14000,0.0,182000
2026-01-25,PRD-08,Jawa Tengah,9,14000,0.0,126000
2026-01-25,PRD-08,Jawa Timur,7,14000,10.0,88200
2026-01-25,PRD-08,Jabodetabek,11,14000,0.0,154000
2026-01-26,PRD-01,DI Yogyakarta,11,28000,0.0,308000
2026-01-26,PRD-01,Jawa Tengah,18,28000,0.0,504000
2026-01-26,PRD-01,Jawa Timur,7,28000,0.0,196000
2026-01-26,PRD-01,Jabodetabek,10,28000,0.0,280000
2026-01-26,PRD-02,DI Yogyakarta,16,26000,0.0,416000
2026-01-26,PRD-02,Jawa Tengah,5,26000,0.0,130000
2026-01-26,PRD-02,Jawa Timur,7,26000,0.0,182000
2026-01-26,PRD-02,Jabodetabek,8,26000,5.0,197600
2026-01-26,PRD-03,DI Yogyakarta,8,25000,0.0,200000
2026-01-26,PRD-03,Jawa Tengah,5,25000,5.0,118750
2026-01-26,PRD-03,Jawa Timur,1,25000,0.0,25000
2026-01-26,PRD-03,Jabodetabek,7,25000,0.0,175000
2026-01-26,PRD-04,DI Yogyakarta,16,15000,0.0,240000
2026-01-26,PRD-04,Jawa Tengah,14,15000,0.0,210000
2026-01-26,PRD-04,Jawa Timur,12,15000,0.0,180000
2026-01-26,PRD-04,Jabodetabek,18,15000,0.0,270000
2026-01-26,PRD-05,DI Yogyakarta,6,18000,0.0,108000
2026-01-26,PRD-05,Jawa Tengah,3,18000,0.0,54000
2026-01-26,PRD-05,Jawa Timur,2,18000,0.0,36000
2026-01-26,PRD-05,Jabodetabek,7,18000,0.0,126000
2026-01-26,PRD-06,DI Yogyakarta,10,12000,0.0,120000
2026-01-26,PRD-06,Jawa Tengah,12,12000,0.0,144000
2026-01-26,PRD-06,Jawa Timur,9,12000,0.0,108000
2026-01-26,PRD-06,Jabodetabek,17,12000,0.0,204000
2026-01-26,PRD-07,DI Yogyakarta,5,32000,0.0,160000
2026-01-26,PRD-07,Jawa Tengah,5,32000,0.0,160000
2026-01-26,PRD-07,Jawa Timur,6,32000,10.0,172800
2026-01-26,PRD-07,Jabodetabek,5,32000,0.0,160000
2026-01-26,PRD-08,DI Yogyakarta,6,14000,0.0,84000
2026-01-26,PRD-08,Jawa Tengah,7,14000,0.0,98000
2026-01-26,PRD-08,Jawa Timur,7,14000,0.0,98000
2026-01-26,PRD-08,Jabodetabek,5,14000,0.0,70000
2026-01-27,PRD-01,DI Yogyakarta,12,28000,0.0,336000
2026-01-27,PRD-01,Jawa Tengah,10,28000,0.0,280000
2026-01-27,PRD-01,Jawa Timur,5,28000,0.0,140000
2026-01-27,PRD-01,Jabodetabek,7,28000,0.0,196000
2026-01-27,PRD-02,DI Yogyakarta,11,26000,0.0,286000
2026-01-27,PRD-02,Jawa Tengah,9,26000,10.0,210600
2026-01-27,PRD-02,Jawa Timur,6,26000,0.0,156000
2026-01-27,PRD-02,Jabodetabek,15,26000,0.0,390000
2026-01-27,PRD-03,DI Yogyakarta,8,25000,10.0,180000
2026-01-27,PRD-03,Jawa Tengah,9,25000,10.0,202500
2026-01-27,PRD-03,Jawa Timur,1,25000,0.0,25000
2026-01-27,PRD-03,Jabodetabek,9,25000,0.0,225000
2026-01-27,PRD-04,DI Yogyakarta,13,15000,10.0,175500
2026-01-27,PRD-04,Jawa Tengah,13,15000,0.0,195000
2026-01-27,PRD-04,Jawa Timur,5,15000,0.0,75000
2026-01-27,PRD-04,Jabodetabek,19,15000,5.0,270750
2026-01-27,PRD-05,DI Yogyakarta,1,18000,0.0,18000
2026-01-27,PRD-05,Jawa Tengah,0,18000,0.0,0
2026-01-27,PRD-05,Jawa Timur,1,18000,0.0,18000
2026-01-27,PRD-05,Jabodetabek,7,18000,0.0,126000
2026-01-27,PRD-06,DI Yogyakarta,11,12000,5.0,125400
2026-01-27,PRD-06,Jawa Tengah,13,12000,5.0,148200
2026-01-27,PRD-06,Jawa Timur,11,12000,0.0,132000
2026-01-27,PRD-06,Jabodetabek,16,12000,0.0,192000
2026-01-27,PRD-07,DI Yogyakarta,5,32000,0.0,160000
2026-01-27,PRD-07,Jawa Tengah,3,32000,0.0,96000
2026-01-27,PRD-07,Jawa Timur,2,32000,15.0,54400
2026-01-27,PRD-07,Jabodetabek,4,32000,0.0,128000
2026-01-27,PRD-08,DI Yogyakarta,12,14000,0.0,168000
2026-01-27,PRD-08,Jawa Tengah,5,14000,0.0,70000
2026-01-27,PRD-08,Jawa Timur,7,14000,0.0,98000
2026-01-27,PRD-08,Jabodetabek,4,14000,0.0,56000
2026-01-28,PRD-01,DI Yogyakarta,13,28000,5.0,345800
2026-01-28,PRD-01,Jawa Tengah,9,28000,0.0,252000
2026-01-28,PRD-01,Jawa Timur,6,28000,5.0,159600
2026-01-28,PRD-01,Jabodetabek,11,28000,0.0,308000
2026-01-28,PRD-02,DI Yogyakarta,10,26000,0.0,260000
2026-01-28,PRD-02,Jawa Tengah,8,26000,0.0,208000
2026-01-28,PRD-02,Jawa Timur,4,26000,10.0,93600
2026-01-28,PRD-02,Jabodetabek,6,26000,0.0,156000
2026-01-28,PRD-03,DI Yogyakarta,3,25000,0.0,75000
2026-01-28,PRD-03,Jawa Tengah,12,25000,0.0,300000
2026-01-28,PRD-03,Jawa Timur,1,25000,0.0,25000
2026-01-28,PRD-03,Jabodetabek,6,25000,5.0,142500
2026-01-28,PRD-04,DI Yogyakarta,21,15000,0.0,315000
2026-01-28,PRD-04,Jawa Tengah,14,15000,0.0,210000
2026-01-28,PRD-04,Jawa Timur,18,15000,0.0,270000
2026-01-28,PRD-04,Jabodetabek,22,15000,0.0,330000
2026-01-28,PRD-05,DI Yogyakarta,7,18000,0.0,126000
2026-01-28,PRD-05,Jawa Tengah,5,18000,0.0,90000
2026-01-28,PRD-05,Jawa Timur,2,18000,0.0,36000
2026-01-28,PRD-05,Jabodetabek,4,18000,10.0,64800
2026-01-28,PRD-06,DI Yogyakarta,11,12000,0.0,132000
2026-01-28,PRD-06,Jawa Tengah,13,12000,0.0,156000
2026-01-28,PRD-06,Jawa Timur,6,12000,0.0,72000
2026-01-28,PRD-06,Jabodetabek,19,12000,0.0,228000
2026-01-28,PRD-07,DI Yogyakarta,2,32000,10.0,57600
2026-01-28,PRD-07,Jawa Tengah,6,32000,0.0,192000
2026-01-28,PRD-07,Jawa Timur,3,32000,0.0,96000
2026-01-28,PRD-07,Jabodetabek,6,32000,0.0,192000
2026-01-28,PRD-08,DI Yogyakarta,12,14000,0.0,168000
2026-01-28,PRD-08,Jawa Tengah,5,14000,0.0,70000
2026-01-28,PRD-08,Jawa Timur,2,14000,5.0,26600
2026-01-28,PRD-08,Jabodetabek,12,14000,0.0,168000
2026-01-29,PRD-01,DI Yogyakarta,14,28000,5.0,372400
2026-01-29,PRD-01,Jawa Tengah,8,28000,0.0,224000
2026-01-29,PRD-01,Jawa Timur,11,28000,0.0,308000
2026-01-29,PRD-01,Jabodetabek,11,28000,10.0,277200
2026-01-29,PRD-02,DI Yogyakarta,10,26000,0.0,260000
2026-01-29,PRD-02,Jawa Tengah,6,26000,0.0,156000
2026-01-29,PRD-02,Jawa Timur,4,26000,0.0,104000
2026-01-29,PRD-02,Jabodetabek,10,26000,0.0,260000
2026-01-29,PRD-03,DI Yogyakarta,7,25000,0.0,175000
2026-01-29,PRD-03,Jawa Tengah,1,25000,0.0,25000
2026-01-29,PRD-03,Jawa Timur,4,25000,0.0,100000
2026-01-29,PRD-03,Jabodetabek,3,25000,0.0,75000
2026-01-29,PRD-04,DI Yogyakarta,24,15000,0.0,360000
2026-01-29,PRD-04,Jawa Tengah,18,15000,0.0,270000
2026-01-29,PRD-04,Jawa Timur,6,15000,0.0,90000
2026-01-29,PRD-04,Jabodetabek,12,15000,0.0,180000
2026-01-29,PRD-05,DI Yogyakarta,7,18000,0.0,126000
2026-01-29,PRD-05,Jawa Tengah,4,18000,0.0,72000
2026-01-29,PRD-05,Jawa Timur,1,18000,0.0,18000
2026-01-29,PRD-05,Jabodetabek,7,18000,0.0,126000
2026-01-29,PRD-06,DI Yogyakarta,20,12000,0.0,240000
2026-01-29,PRD-06,Jawa Tengah,12,12000,5.0,136800
2026-01-29,PRD-06,Jawa Timur,2,12000,0.0,24000
2026-01-29,PRD-06,Jabodetabek,16,12000,0.0,192000
2026-01-29,PRD-07,DI Yogyakarta,7,32000,0.0,224000
2026-01-29,PRD-07,Jawa Tengah,1,32000,0.0,32000
2026-01-29,PRD-07,Jawa Timur,3,32000,0.0,96000
2026-01-29,PRD-07,Jabodetabek,3,32000,10.0,86400
2026-01-29,PRD-08,DI Yogyakarta,15,14000,0.0,210000
2026-01-29,PRD-08,Jawa Tengah,7,14000,5.0,93100
2026-01-29,PRD-08,Jawa Timur,7,14000,0.0,98000
2026-01-29,PRD-08,Jabodetabek,5,14000,0.0,70000
2026-01-30,PRD-01,DI Yogyakarta,13,28000,0.0,364000
2026-01-30,PRD-01,Jawa Tengah,15,28000,0.0,420000
2026-01-30,PRD-01,Jawa Timur,8,28000,0.0,224000
2026-01-30,PRD-01,Jabodetabek,7,28000,0.0,196000
2026-01-30,PRD-02,DI Yogyakarta,9,26000,0.0,234000
2026-01-30,PRD-02,Jawa Tengah,10,26000,0.0,260000
2026-01-30,PRD-02,Jawa Timur,2,26000,0.0,52000
2026-01-30,PRD-02,Jabodetabek,7,26000,0.0,182000
2026-01-30,PRD-03,DI Yogyakarta,6,25000,15.0,127500
2026-01-30,PRD-03,Jawa Tengah,4,25000,15.0,85000
2026-01-30,PRD-03,Jawa Timur,5,25000,0.0,125000
2026-01-30,PRD-03,Jabodetabek,9,25000,0.0,225000
2026-01-30,PRD-04,DI Yogyakarta,20,15000,0.0,300000
2026-01-30,PRD-04,Jawa Tengah,16,15000,5.0,228000
2026-01-30,PRD-04,Jawa Timur,8,15000,0.0,120000
2026-01-30,PRD-04,Jabodetabek,16,15000,0.0,240000
2026-01-30,PRD-05,DI Yogyakarta,10,18000,0.0,180000
2026-01-30,PRD-05,Jawa Tengah,7,18000,0.0,126000
2026-01-30,PRD-05,Jawa Timur,1,18000,0.0,18000
2026-01-30,PRD-05,Jabodetabek,6,18000,0.0,108000
2026-01-30,PRD-06,DI Yogyakarta,13,12000,15.0,132600
2026-01-30,PRD-06,Jawa Tengah,7,12000,0.0,84000
2026-01-30,PRD-06,Jawa Timur,5,12000,0.0,60000
2026-01-30,PRD-06,Jabodetabek,16,12000,10.0,172800
2026-01-30,PRD-07,DI Yogyakarta,4,32000,0.0,128000
2026-01-30,PRD-07,Jawa Tengah,3,32000,0.0,96000
2026-01-30,PRD-07,Jawa Timur,1,32000,0.0,32000
2026-01-30,PRD-07,Jabodetabek,3,32000,10.0,86400
2026-01-30,PRD-08,DI Yogyakarta,7,14000,0.0,98000
2026-01-30,PRD-08,Jawa Tengah,5,14000,15.0,59500
2026-01-30,PRD-08,Jawa Timur,4,14000,0.0,56000
2026-01-30,PRD-08,Jabodetabek,5,14000,0.0,70000
2026-01-31,PRD-01,DI Yogyakarta,33,28000,0.0,924000
2026-01-31,PRD-01,Jawa Tengah,10,28000,0.0,280000
2026-01-31,PRD-01,Jawa Timur,16,28000,0.0,448000
2026-01-31,PRD-01,Jabodetabek,15,28000,5.0,399000
2026-01-31,PRD-02,DI Yogyakarta,8,26000,0.0,208000
2026-01-31,PRD-02,Jawa Tengah,15,26000,0.0,390000
2026-01-31,PRD-02,Jawa Timur,10,26000,0.0,260000
2026-01-31,PRD-02,Jabodetabek,9,26000,0.0,234000
2026-01-31,PRD-03,DI Yogyakarta,17,25000,5.0,403750
2026-01-31,PRD-03,Jawa Tengah,5,25000,0.0,125000
2026-01-31,PRD-03,Jawa Timur,9,25000,0.0,225000
2026-01-31,PRD-03,Jabodetabek,7,25000,5.0,166250
2026-01-31,PRD-04,DI Yogyakarta,24,15000,10.0,324000
2026-01-31,PRD-04,Jawa Tengah,15,15000,10.0,202500
2026-01-31,PRD-04,Jawa Timur,13,15000,0.0,195000
2026-01-31,PRD-04,Jabodetabek,27,15000,10.0,364500
2026-01-31,PRD-05,DI Yogyakarta,7,18000,10.0,113400
2026-01-31,PRD-05,Jawa Tengah,8,18000,0.0,144000
2026-01-31,PRD-05,Jawa Timur,6,18000,0.0,108000
2026-01-31,PRD-05,Jabodetabek,4,18000,0.0,72000
2026-01-31,PRD-06,DI Yogyakarta,20,12000,0.0,240000
2026-01-31,PRD-06,Jawa Tengah,17,12000,5.0,193800
2026-01-31,PRD-06,Jawa Timur,10,12000,5.0,114000
2026-01-31,PRD-06,Jabodetabek,17,12000,0.0,204000
2026-01-31,PRD-07,DI Yogyakarta,3,32000,0.0,96000
2026-01-31,PRD-07,Jawa Tengah,7,32000,0.0,224000
2026-01-31,PRD-07,Jawa Timur,1,32000,0.0,32000
2026-01-31,PRD-07,Jabodetabek,2,32000,0.0,64000
2026-01-31,PRD-08,DI Yogyakarta,11,14000,0.0,154000
2026-01-31,PRD-08,Jawa Tengah,8,14000,0.0,112000
2026-01-31,PRD-08,Jawa Timur,9,14000,0.0,126000
2026-01-31,PRD-08,Jabodetabek,8,14000,0.0,112000
2026-02-01,PRD-01,DI Yogyakarta,26,28000,0.0,728000
2026-02-01,PRD-01,Jawa Tengah,12,28000,0.0,336000
2026-02-01,PRD-01,Jawa Timur,5,28000,5.0,133000
2026-02-01,PRD-01,Jabodetabek,21,28000,10.0,529200
2026-02-01,PRD-02,DI Yogyakarta,14,26000,0.0,364000
2026-02-01,PRD-02,Jawa Tengah,14,26000,0.0,364000
2026-02-01,PRD-02,Jawa Timur,7,26000,0.0,182000
2026-02-01,PRD-02,Jabodetabek,13,26000,0.0,338000
2026-02-01,PRD-03,DI Yogyakarta,10,25000,0.0,250000
2026-02-01,PRD-03,Jawa Tengah,5,25000,0.0,125000
2026-02-01,PRD-03,Jawa Timur,7,25000,5.0,166250
2026-02-01,PRD-03,Jabodetabek,6,25000,0.0,150000
2026-02-01,PRD-04,DI Yogyakarta,20,15000,0.0,300000
2026-02-01,PRD-04,Jawa Tengah,20,15000,10.0,270000
2026-02-01,PRD-04,Jawa Timur,12,15000,0.0,180000
2026-02-01,PRD-04,Jabodetabek,18,15000,0.0,270000
2026-02-01,PRD-05,DI Yogyakarta,8,18000,0.0,144000
2026-02-01,PRD-05,Jawa Tengah,7,18000,0.0,126000
2026-02-01,PRD-05,Jawa Timur,5,18000,0.0,90000
2026-02-01,PRD-05,Jabodetabek,7,18000,0.0,126000
2026-02-01,PRD-06,DI Yogyakarta,16,12000,0.0,192000
2026-02-01,PRD-06,Jawa Tengah,10,12000,0.0,120000
2026-02-01,PRD-06,Jawa Timur,7,12000,0.0,84000
2026-02-01,PRD-06,Jabodetabek,15,12000,0.0,180000
2026-02-01,PRD-07,DI Yogyakarta,5,32000,0.0,160000
2026-02-01,PRD-07,Jawa Tengah,5,32000,0.0,160000
2026-02-01,PRD-07,Jawa Timur,7,32000,0.0,224000
2026-02-01,PRD-07,Jabodetabek,2,32000,0.0,64000
2026-02-01,PRD-08,DI Yogyakarta,15,14000,0.0,210000
2026-02-01,PRD-08,Jawa Tengah,12,14000,0.0,168000
2026-02-01,PRD-08,Jawa Timur,13,14000,10.0,163800
2026-02-01,PRD-08,Jabodetabek,10,14000,0.0,140000
2026-02-02,PRD-01,DI Yogyakarta,16,28000,0.0,448000
2026-02-02,PRD-01,Jawa Tengah,9,28000,5.0,239400
2026-02-02,PRD-01,Jawa Timur,8,28000,10.0,201600
2026-02-02,PRD-01,Jabodetabek,21,28000,0.0,588000
2026-02-02,PRD-02,DI Yogyakarta,6,26000,10.0,140400
2026-02-02,PRD-02,Jawa Tengah,7,26000,10.0,163800
2026-02-02,PRD-02,Jawa Timur,11,26000,5.0,271700
2026-02-02,PRD-02,Jabodetabek,8,26000,0.0,208000
2026-02-02,PRD-03,DI Yogyakarta,8,25000,0.0,200000
2026-02-02,PRD-03,Jawa Tengah,7,25000,0.0,175000
2026-02-02,PRD-03,Jawa Timur,2,25000,0.0,50000
2026-02-02,PRD-03,Jabodetabek,7,25000,10.0,157500
2026-02-02,PRD-04,DI Yogyakarta,17,15000,0.0,255000
2026-02-02,PRD-04,Jawa Tengah,17,15000,5.0,242250
2026-02-02,PRD-04,Jawa Timur,10,15000,10.0,135000
2026-02-02,PRD-04,Jabodetabek,16,15000,0.0,240000
2026-02-02,PRD-05,DI Yogyakarta,5,18000,0.0,90000
2026-02-02,PRD-05,Jawa Tengah,7,18000,0.0,126000
2026-02-02,PRD-05,Jawa Timur,2,18000,0.0,36000
2026-02-02,PRD-05,Jabodetabek,6,18000,15.0,91800
2026-02-02,PRD-06,DI Yogyakarta,14,12000,10.0,151200
2026-02-02,PRD-06,Jawa Tengah,11,12000,5.0,125400
2026-02-02,PRD-06,Jawa Timur,4,12000,0.0,48000
2026-02-02,PRD-06,Jabodetabek,15,12000,0.0,180000
2026-02-02,PRD-07,DI Yogyakarta,7,32000,0.0,224000
2026-02-02,PRD-07,Jawa Tengah,3,32000,0.0,96000
2026-02-02,PRD-07,Jawa Timur,4,32000,0.0,128000
2026-02-02,PRD-07,Jabodetabek,9,32000,0.0,288000
2026-02-02,PRD-08,DI Yogyakarta,11,14000,0.0,154000
2026-02-02,PRD-08,Jawa Tengah,4,14000,0.0,56000
2026-02-02,PRD-08,Jawa Timur,6,14000,5.0,79800
2026-02-02,PRD-08,Jabodetabek,7,14000,0.0,98000
2026-02-03,PRD-01,DI Yogyakarta,9,28000,0.0,252000
2026-02-03,PRD-01,Jawa Tengah,7,28000,10.0,176400
2026-02-03,PRD-01,Jawa Timur,13,28000,0.0,364000
2026-02-03,PRD-01,Jabodetabek,16,28000,0.0,448000
2026-02-03,PRD-02,DI Yogyakarta,11,26000,0.0,286000
2026-02-03,PRD-02,Jawa Tengah,5,26000,0.0,130000
2026-02-03,PRD-02,Jawa Timur,5,26000,5.0,123500
2026-02-03,PRD-02,Jabodetabek,6,26000,0.0,156000
2026-02-03,PRD-03,DI Yogyakarta,7,25000,5.0,166250
2026-02-03,PRD-03,Jawa Tengah,4,25000,0.0,100000
2026-02-03,PRD-03,Jawa Timur,0,25000,0.0,0
2026-02-03,PRD-03,Jabodetabek,7,25000,0.0,175000
2026-02-03,PRD-04,DI Yogyakarta,12,15000,0.0,180000
2026-02-03,PRD-04,Jawa Tengah,15,15000,0.0,225000
2026-02-03,PRD-04,Jawa Timur,7,15000,0.0,105000
2026-02-03,PRD-04,Jabodetabek,14,15000,0.0,210000
2026-02-03,PRD-05,DI Yogyakarta,9,18000,10.0,145800
2026-02-03,PRD-05,Jawa Tengah,2,18000,5.0,34200
2026-02-03,PRD-05,Jawa Timur,2,18000,0.0,36000
2026-02-03,PRD-05,Jabodetabek,3,18000,15.0,45900
2026-02-03,PRD-06,DI Yogyakarta,19,12000,5.0,216600
2026-02-03,PRD-06,Jawa Tengah,9,12000,0.0,108000
2026-02-03,PRD-06,Jawa Timur,9,12000,0.0,108000
2026-02-03,PRD-06,Jabodetabek,12,12000,0.0,144000
2026-02-03,PRD-07,DI Yogyakarta,8,32000,0.0,256000
2026-02-03,PRD-07,Jawa Tengah,2,32000,0.0,64000
2026-02-03,PRD-07,Jawa Timur,1,32000,0.0,32000
2026-02-03,PRD-07,Jabodetabek,3,32000,0.0,96000
2026-02-03,PRD-08,DI Yogyakarta,5,14000,0.0,70000
2026-02-03,PRD-08,Jawa Tengah,7,14000,0.0,98000
2026-02-03,PRD-08,Jawa Timur,5,14000,0.0,70000
2026-02-03,PRD-08,Jabodetabek,4,14000,10.0,50400
2026-02-04,PRD-01,DI Yogyakarta,21,28000,10.0,529200
2026-02-04,PRD-01,Jawa Tengah,7,28000,10.0,176400
2026-02-04,PRD-01,Jawa Timur,7,28000,0.0,196000
2026-02-04,PRD-01,Jabodetabek,7,28000,5.0,186200
2026-02-04,PRD-02,DI Yogyakarta,5,26000,10.0,117000
2026-02-04,PRD-02,Jawa Tengah,6,26000,5.0,148200
2026-02-04,PRD-02,Jawa Timur,5,26000,5.0,123500
2026-02-04,PRD-02,Jabodetabek,15,26000,5.0,370500
2026-02-04,PRD-03,DI Yogyakarta,8,25000,0.0,200000
2026-02-04,PRD-03,Jawa Tengah,5,25000,0.0,125000
2026-02-04,PRD-03,Jawa Timur,10,25000,10.0,225000
2026-02-04,PRD-03,Jabodetabek,12,25000,0.0,300000
2026-02-04,PRD-04,DI Yogyakarta,23,15000,10.0,310500
2026-02-04,PRD-04,Jawa Tengah,14,15000,0.0,210000
2026-02-04,PRD-04,Jawa Timur,9,15000,5.0,128250
2026-02-04,PRD-04,Jabodetabek,15,15000,0.0,225000
2026-02-04,PRD-05,DI Yogyakarta,3,18000,0.0,54000
2026-02-04,PRD-05,Jawa Tengah,6,18000,0.0,108000
2026-02-04,PRD-05,Jawa Timur,1,18000,0.0,18000
2026-02-04,PRD-05,Jabodetabek,3,18000,0.0,54000
2026-02-04,PRD-06,DI Yogyakarta,20,12000,0.0,240000
2026-02-04,PRD-06,Jawa Tengah,15,12000,5.0,171000
2026-02-04,PRD-06,Jawa Timur,5,12000,0.0,60000
2026-02-04,PRD-06,Jabodetabek,19,12000,5.0,216600
2026-02-04,PRD-07,DI Yogyakarta,5,32000,0.0,160000
2026-02-04,PRD-07,Jawa Tengah,3,32000,0.0,96000
2026-02-04,PRD-07,Jawa Timur,1,32000,15.0,27200
2026-02-04,PRD-07,Jabodetabek,4,32000,0.0,128000
2026-02-04,PRD-08,DI Yogyakarta,8,14000,0.0,112000
2026-02-04,PRD-08,Jawa Tengah,12,14000,0.0,168000
2026-02-04,PRD-08,Jawa Timur,6,14000,5.0,79800
2026-02-04,PRD-08,Jabodetabek,8,14000,0.0,112000
2026-02-05,PRD-01,DI Yogyakarta,9,28000,0.0,252000
2026-02-05,PRD-01,Jawa Tengah,14,28000,0.0,392000
2026-02-05,PRD-01,Jawa Timur,11,28000,0.0,308000
2026-02-05,PRD-01,Jabodetabek,14,28000,5.0,372400
2026-02-05,PRD-02,DI Yogyakarta,9,26000,0.0,234000
2026-02-05,PRD-02,Jawa Tengah,7,26000,5.0,172900
2026-02-05,PRD-02,Jawa Timur,4,26000,10.0,93600
2026-02-05,PRD-02,Jabodetabek,5,26000,0.0,130000
2026-02-05,PRD-03,DI Yogyakarta,10,25000,0.0,250000
2026-02-05,PRD-03,Jawa Tengah,2,25000,10.0,45000
2026-02-05,PRD-03,Jawa Timur,2,25000,0.0,50000
2026-02-05,PRD-03,Jabodetabek,4,25000,5.0,95000
2026-02-05,PRD-04,DI Yogyakarta,21,15000,0.0,315000
2026-02-05,PRD-04,Jawa Tengah,17,15000,5.0,242250
2026-02-05,PRD-04,Jawa Timur,16,15000,0.0,240000
2026-02-05,PRD-04,Jabodetabek,21,15000,0.0,315000
2026-02-05,PRD-05,DI Yogyakarta,7,18000,0.0,126000
2026-02-05,PRD-05,Jawa Tengah,2,18000,5.0,34200
2026-02-05,PRD-05,Jawa Timur,2,18000,0.0,36000
2026-02-05,PRD-05,Jabodetabek,6,18000,0.0,108000
2026-02-05,PRD-06,DI Yogyakarta,25,12000,0.0,300000
2026-02-05,PRD-06,Jawa Tengah,9,12000,10.0,97200
2026-02-05,PRD-06,Jawa Timur,7,12000,0.0,84000
2026-02-05,PRD-06,Jabodetabek,11,12000,0.0,132000
2026-02-05,PRD-07,DI Yogyakarta,7,32000,0.0,224000
2026-02-05,PRD-07,Jawa Tengah,1,32000,5.0,30400
2026-02-05,PRD-07,Jawa Timur,1,32000,0.0,32000
2026-02-05,PRD-07,Jabodetabek,7,32000,5.0,212800
2026-02-05,PRD-08,DI Yogyakarta,14,14000,0.0,196000
2026-02-05,PRD-08,Jawa Tengah,4,14000,0.0,56000
2026-02-05,PRD-08,Jawa Timur,5,14000,0.0,70000
2026-02-05,PRD-08,Jabodetabek,4,14000,0.0,56000
2026-02-06,PRD-01,DI Yogyakarta,12,28000,0.0,336000
2026-02-06,PRD-01,Jawa Tengah,7,28000,5.0,186200
2026-02-06,PRD-01,Jawa Timur,9,28000,5.0,239400
2026-02-06,PRD-01,Jabodetabek,11,28000,0.0,308000
2026-02-06,PRD-02,DI Yogyakarta,12,26000,0.0,312000
2026-02-06,PRD-02,Jawa Tengah,6,26000,0.0,156000
2026-02-06,PRD-02,Jawa Timur,7,26000,0.0,182000
2026-02-06,PRD-02,Jabodetabek,5,26000,0.0,130000
2026-02-06,PRD-03,DI Yogyakarta,9,25000,5.0,213750
2026-02-06,PRD-03,Jawa Tengah,8,25000,0.0,200000
2026-02-06,PRD-03,Jawa Timur,2,25000,0.0,50000
2026-02-06,PRD-03,Jabodetabek,2,25000,0.0,50000
2026-02-06,PRD-04,DI Yogyakarta,15,15000,5.0,213750
2026-02-06,PRD-04,Jawa Tengah,12,15000,0.0,180000
2026-02-06,PRD-04,Jawa Timur,15,15000,5.0,213750
2026-02-06,PRD-04,Jabodetabek,17,15000,10.0,229500
2026-02-06,PRD-05,DI Yogyakarta,7,18000,10.0,113400
2026-02-06,PRD-05,Jawa Tengah,4,18000,5.0,68400
2026-02-06,PRD-05,Jawa Timur,6,18000,0.0,108000
2026-02-06,PRD-05,Jabodetabek,6,18000,5.0,102600
2026-02-06,PRD-06,DI Yogyakarta,10,12000,5.0,114000
2026-02-06,PRD-06,Jawa Tengah,10,12000,0.0,120000
2026-02-06,PRD-06,Jawa Timur,9,12000,0.0,108000
2026-02-06,PRD-06,Jabodetabek,9,12000,5.0,102600
2026-02-06,PRD-07,DI Yogyakarta,4,32000,0.0,128000
2026-02-06,PRD-07,Jawa Tengah,4,32000,0.0,128000
2026-02-06,PRD-07,Jawa Timur,3,32000,0.0,96000
2026-02-06,PRD-07,Jabodetabek,3,32000,5.0,91200
2026-02-06,PRD-08,DI Yogyakarta,14,14000,0.0,196000
2026-02-06,PRD-08,Jawa Tengah,4,14000,0.0,56000
2026-02-06,PRD-08,Jawa Timur,8,14000,0.0,112000
2026-02-06,PRD-08,Jabodetabek,7,14000,5.0,93100
2026-02-07,PRD-01,DI Yogyakarta,18,28000,0.0,504000
2026-02-07,PRD-01,Jawa Tengah,11,28000,0.0,308000
2026-02-07,PRD-01,Jawa Timur,13,28000,10.0,327600
2026-02-07,PRD-01,Jabodetabek,18,28000,0.0,504000
2026-02-07,PRD-02,DI Yogyakarta,13,26000,0.0,338000
2026-02-07,PRD-02,Jawa Tengah,8,26000,5.0,197600
2026-02-07,PRD-02,Jawa Timur,9,26000,0.0,234000
2026-02-07,PRD-02,Jabodetabek,14,26000,0.0,364000
2026-02-07,PRD-03,DI Yogyakarta,7,25000,5.0,166250
2026-02-07,PRD-03,Jawa Tengah,6,25000,10.0,135000
2026-02-07,PRD-03,Jawa Timur,3,25000,0.0,75000
2026-02-07,PRD-03,Jabodetabek,7,25000,0.0,175000
2026-02-07,PRD-04,DI Yogyakarta,26,15000,0.0,390000
2026-02-07,PRD-04,Jawa Tengah,16,15000,0.0,240000
2026-02-07,PRD-04,Jawa Timur,12,15000,0.0,180000
2026-02-07,PRD-04,Jabodetabek,26,15000,0.0,390000
2026-02-07,PRD-05,DI Yogyakarta,4,18000,15.0,61200
2026-02-07,PRD-05,Jawa Tengah,5,18000,0.0,90000
2026-02-07,PRD-05,Jawa Timur,10,18000,5.0,171000
2026-02-07,PRD-05,Jabodetabek,7,18000,0.0,126000
2026-02-07,PRD-06,DI Yogyakarta,30,12000,0.0,360000
2026-02-07,PRD-06,Jawa Tengah,15,12000,0.0,180000
2026-02-07,PRD-06,Jawa Timur,11,12000,0.0,132000
2026-02-07,PRD-06,Jabodetabek,22,12000,0.0,264000
2026-02-07,PRD-07,DI Yogyakarta,5,32000,5.0,152000
2026-02-07,PRD-07,Jawa Tengah,4,32000,0.0,128000
2026-02-07,PRD-07,Jawa Timur,4,32000,0.0,128000
2026-02-07,PRD-07,Jabodetabek,9,32000,0.0,288000
2026-02-07,PRD-08,DI Yogyakarta,12,14000,5.0,159600
2026-02-07,PRD-08,Jawa Tengah,7,14000,0.0,98000
2026-02-07,PRD-08,Jawa Timur,7,14000,0.0,98000
2026-02-07,PRD-08,Jabodetabek,13,14000,0.0,182000
2026-02-08,PRD-01,DI Yogyakarta,18,28000,0.0,504000
2026-02-08,PRD-01,Jawa Tengah,18,28000,0.0,504000
2026-02-08,PRD-01,Jawa Timur,9,28000,0.0,252000
2026-02-08,PRD-01,Jabodetabek,15,28000,0.0,420000
2026-02-08,PRD-02,DI Yogyakarta,22,26000,0.0,572000
2026-02-08,PRD-02,Jawa Tengah,14,26000,0.0,364000
2026-02-08,PRD-02,Jawa Timur,6,26000,0.0,156000
2026-02-08,PRD-02,Jabodetabek,13,26000,0.0,338000
2026-02-08,PRD-03,DI Yogyakarta,9,25000,0.0,225000
2026-02-08,PRD-03,Jawa Tengah,5,25000,10.0,112500
2026-02-08,PRD-03,Jawa Timur,2,25000,0.0,50000
2026-02-08,PRD-03,Jabodetabek,5,25000,0.0,125000
2026-02-08,PRD-04,DI Yogyakarta,27,15000,10.0,364500
2026-02-08,PRD-04,Jawa Tengah,21,15000,5.0,299250
2026-02-08,PRD-04,Jawa Timur,12,15000,0.0,180000
2026-02-08,PRD-04,Jabodetabek,24,15000,5.0,342000
2026-02-08,PRD-05,DI Yogyakarta,4,18000,0.0,72000
2026-02-08,PRD-05,Jawa Tengah,9,18000,10.0,145800
2026-02-08,PRD-05,Jawa Timur,1,18000,10.0,16200
2026-02-08,PRD-05,Jabodetabek,9,18000,0.0,162000
2026-02-08,PRD-06,DI Yogyakarta,23,12000,5.0,262200
2026-02-08,PRD-06,Jawa Tengah,15,12000,10.0,162000
2026-02-08,PRD-06,Jawa Timur,11,12000,0.0,132000
2026-02-08,PRD-06,Jabodetabek,19,12000,0.0,228000
2026-02-08,PRD-07,DI Yogyakarta,6,32000,0.0,192000
2026-02-08,PRD-07,Jawa Tengah,11,32000,0.0,352000
2026-02-08,PRD-07,Jawa Timur,0,32000,5.0,0
2026-02-08,PRD-07,Jabodetabek,9,32000,10.0,259200
2026-02-08,PRD-08,DI Yogyakarta,4,14000,0.0,56000
2026-02-08,PRD-08,Jawa Tengah,9,14000,5.0,119700
2026-02-08,PRD-08,Jawa Timur,7,14000,0.0,98000
2026-02-08,PRD-08,Jabodetabek,7,14000,10.0,88200
2026-02-09,PRD-01,DI Yogyakarta,9,28000,0.0,252000
2026-02-09,PRD-01,Jawa Tengah,4,28000,0.0,112000
2026-02-09,PRD-01,Jawa Timur,9,28000,0.0,252000
2026-02-09,PRD-01,Jabodetabek,11,28000,0.0,308000
2026-02-09,PRD-02,DI Yogyakarta,10,26000,0.0,260000
2026-02-09,PRD-02,Jawa Tengah,9,26000,10.0,210600
2026-02-09,PRD-02,Jawa Timur,7,26000,5.0,172900
2026-02-09,PRD-02,Jabodetabek,10,26000,0.0,260000
2026-02-09,PRD-03,DI Yogyakarta,9,25000,0.0,225000
2026-02-09,PRD-03,Jawa Tengah,3,25000,10.0,67500
2026-02-09,PRD-03,Jawa Timur,3,25000,0.0,75000
2026-02-09,PRD-03,Jabodetabek,7,25000,0.0,175000
2026-02-09,PRD-04,DI Yogyakarta,24,15000,0.0,360000
2026-02-09,PRD-04,Jawa Tengah,10,15000,10.0,135000
2026-02-09,PRD-04,Jawa Timur,12,15000,0.0,180000
2026-02-09,PRD-04,Jabodetabek,18,15000,0.0,270000
2026-02-09,PRD-05,DI Yogyakarta,11,18000,0.0,198000
2026-02-09,PRD-05,Jawa Tengah,4,18000,5.0,68400
2026-02-09,PRD-05,Jawa Timur,2,18000,0.0,36000
2026-02-09,PRD-05,Jabodetabek,5,18000,0.0,90000
2026-02-09,PRD-06,DI Yogyakarta,13,12000,10.0,140400
2026-02-09,PRD-06,Jawa Tengah,8,12000,15.0,81600
2026-02-09,PRD-06,Jawa Timur,10,12000,0.0,120000
2026-02-09,PRD-06,Jabodetabek,11,12000,0.0,132000
2026-02-09,PRD-07,DI Yogyakarta,3,32000,15.0,81600
2026-02-09,PRD-07,Jawa Tengah,2,32000,0.0,64000
2026-02-09,PRD-07,Jawa Timur,4,32000,0.0,128000
2026-02-09,PRD-07,Jabodetabek,6,32000,5.0,182400
2026-02-09,PRD-08,DI Yogyakarta,5,14000,0.0,70000
2026-02-09,PRD-08,Jawa Tengah,7,14000,0.0,98000
2026-02-09,PRD-08,Jawa Timur,7,14000,0.0,98000
2026-02-09,PRD-08,Jabodetabek,7,14000,0.0,98000
2026-02-10,PRD-01,DI Yogyakarta,12,28000,0.0,336000
2026-02-10,PRD-01,Jawa Tengah,11,28000,5.0,292600
2026-02-10,PRD-01,Jawa Timur,8,28000,0.0,224000
2026-02-10,PRD-01,Jabodetabek,11,28000,0.0,308000
2026-02-10,PRD-02,DI Yogyakarta,22,26000,0.0,572000
2026-02-10,PRD-02,Jawa Tengah,3,26000,10.0,70200
2026-02-10,PRD-02,Jawa Timur,8,26000,5.0,197600
2026-02-10,PRD-02,Jabodetabek,3,26000,0.0,78000
2026-02-10,PRD-03,DI Yogyakarta,10,25000,0.0,250000
2026-02-10,PRD-03,Jawa Tengah,3,25000,10.0,67500
2026-02-10,PRD-03,Jawa Timur,3,25000,0.0,75000
2026-02-10,PRD-03,Jabodetabek,3,25000,0.0,75000
2026-02-10,PRD-04,DI Yogyakarta,9,15000,5.0,128250
2026-02-10,PRD-04,Jawa Tengah,7,15000,5.0,99750
2026-02-10,PRD-04,Jawa Timur,12,15000,15.0,153000
2026-02-10,PRD-04,Jabodetabek,17,15000,0.0,255000
2026-02-10,PRD-05,DI Yogyakarta,11,18000,0.0,198000
2026-02-10,PRD-05,Jawa Tengah,6,18000,0.0,108000
2026-02-10,PRD-05,Jawa Timur,5,18000,0.0,90000
2026-02-10,PRD-05,Jabodetabek,10,18000,0.0,180000
2026-02-10,PRD-06,DI Yogyakarta,8,12000,0.0,96000
2026-02-10,PRD-06,Jawa Tengah,12,12000,0.0,144000
2026-02-10,PRD-06,Jawa Timur,7,12000,0.0,84000
2026-02-10,PRD-06,Jabodetabek,15,12000,0.0,180000
2026-02-10,PRD-07,DI Yogyakarta,4,32000,0.0,128000
2026-02-10,PRD-07,Jawa Tengah,3,32000,10.0,86400
2026-02-10,PRD-07,Jawa Timur,2,32000,0.0,64000
2026-02-10,PRD-07,Jabodetabek,5,32000,0.0,160000
2026-02-10,PRD-08,DI Yogyakarta,9,14000,10.0,113400
2026-02-10,PRD-08,Jawa Tengah,8,14000,0.0,112000
2026-02-10,PRD-08,Jawa Timur,3,14000,0.0,42000
2026-02-10,PRD-08,Jabodetabek,12,14000,0.0,168000
2026-02-11,PRD-01,DI Yogyakarta,21,28000,10.0,529200
2026-02-11,PRD-01,Jawa Tengah,7,28000,10.0,176400
2026-02-11,PRD-01,Jawa Timur,5,28000,0.0,140000
2026-02-11,PRD-01,Jabodetabek,7,28000,5.0,186200
2026-02-11,PRD-02,DI Yogyakarta,10,26000,5.0,247000
2026-02-11,PRD-02,Jawa Tengah,7,26000,0.0,182000
2026-02-11,PRD-02,Jawa Timur,8,26000,0.0,208000
2026-02-11,PRD-02,Jabodetabek,11,26000,0.0,286000
2026-02-11,PRD-03,DI Yogyakarta,10,25000,15.0,212500
2026-02-11,PRD-03,Jawa Tengah,6,25000,15.0,127500
2026-02-11,PRD-03,Jawa Timur,6,25000,0.0,150000
2026-02-11,PRD-03,Jabodetabek,5,25000,0.0,125000
2026-02-11,PRD-04,DI Yogyakarta,21,15000,0.0,315000
2026-02-11,PRD-04,Jawa Tengah,14,15000,0.0,210000
2026-02-11,PRD-04,Jawa Timur,12,15000,0.0,180000
2026-02-11,PRD-04,Jabodetabek,13,15000,0.0,195000
2026-02-11,PRD-05,DI Yogyakarta,5,18000,5.0,85500
2026-02-11,PRD-05,Jawa Tengah,3,18000,0.0,54000
2026-02-11,PRD-05,Jawa Timur,1,18000,0.0,18000
2026-02-11,PRD-05,Jabodetabek,8,18000,10.0,129600
2026-02-11,PRD-06,DI Yogyakarta,13,12000,0.0,156000
2026-02-11,PRD-06,Jawa Tengah,13,12000,10.0,140400
2026-02-11,PRD-06,Jawa Timur,9,12000,0.0,108000
2026-02-11,PRD-06,Jabodetabek,12,12000,0.0,144000
2026-02-11,PRD-07,DI Yogyakarta,4,32000,0.0,128000
2026-02-11,PRD-07,Jawa Tengah,4,32000,5.0,121600
2026-02-11,PRD-07,Jawa Timur,3,32000,5.0,91200
2026-02-11,PRD-07,Jabodetabek,5,32000,0.0,160000
2026-02-11,PRD-08,DI Yogyakarta,4,14000,0.0,56000
2026-02-11,PRD-08,Jawa Tengah,7,14000,0.0,98000
2026-02-11,PRD-08,Jawa Timur,4,14000,0.0,56000
2026-02-11,PRD-08,Jabodetabek,7,14000,10.0,88200
2026-02-12,PRD-01,DI Yogyakarta,16,28000,0.0,448000
2026-02-12,PRD-01,Jawa Tengah,7,28000,0.0,196000
2026-02-12,PRD-01,Jawa Timur,7,28000,0.0,196000
2026-02-12,PRD-01,Jabodetabek,7,28000,0.0,196000
2026-02-12,PRD-02,DI Yogyakarta,8,26000,10.0,187200
2026-02-12,PRD-02,Jawa Tengah,9,26000,0.0,234000
2026-02-12,PRD-02,Jawa Timur,6,26000,0.0,156000
2026-02-12,PRD-02,Jabodetabek,12,26000,0.0,312000
2026-02-12,PRD-03,DI Yogyakarta,5,25000,10.0,112500
2026-02-12,PRD-03,Jawa Tengah,6,25000,5.0,142500
2026-02-12,PRD-03,Jawa Timur,4,25000,0.0,100000
2026-02-12,PRD-03,Jabodetabek,6,25000,0.0,150000
2026-02-12,PRD-04,DI Yogyakarta,22,15000,0.0,330000
2026-02-12,PRD-04,Jawa Tengah,12,15000,0.0,180000
2026-02-12,PRD-04,Jawa Timur,17,15000,0.0,255000
2026-02-12,PRD-04,Jabodetabek,19,15000,0.0,285000
2026-02-12,PRD-05,DI Yogyakarta,2,18000,0.0,36000
2026-02-12,PRD-05,Jawa Tengah,7,18000,10.0,113400
2026-02-12,PRD-05,Jawa Timur,4,18000,0.0,72000
2026-02-12,PRD-05,Jabodetabek,3,18000,5.0,51300
2026-02-12,PRD-06,DI Yogyakarta,16,12000,15.0,163200
2026-02-12,PRD-06,Jawa Tengah,21,12000,0.0,252000
2026-02-12,PRD-06,Jawa Timur,7,12000,0.0,84000
2026-02-12,PRD-06,Jabodetabek,12,12000,0.0,144000
2026-02-12,PRD-07,DI Yogyakarta,5,32000,0.0,160000
2026-02-12,PRD-07,Jawa Tengah,8,32000,0.0,256000
2026-02-12,PRD-07,Jawa Timur,2,32000,0.0,64000
2026-02-12,PRD-07,Jabodetabek,5,32000,0.0,160000
2026-02-12,PRD-08,DI Yogyakarta,10,14000,0.0,140000
2026-02-12,PRD-08,Jawa Tengah,11,14000,0.0,154000
2026-02-12,PRD-08,Jawa Timur,6,14000,0.0,84000
2026-02-12,PRD-08,Jabodetabek,5,14000,0.0,70000
2026-02-13,PRD-01,DI Yogyakarta,10,28000,5.0,266000
2026-02-13,PRD-01,Jawa Tengah,12,28000,0.0,336000
2026-02-13,PRD-01,Jawa Timur,6,28000,0.0,168000
2026-02-13,PRD-01,Jabodetabek,11,28000,0.0,308000
2026-02-13,PRD-02,DI Yogyakarta,17,26000,0.0,442000
2026-02-13,PRD-02,Jawa Tengah,6,26000,0.0,156000
2026-02-13,PRD-02,Jawa Timur,5,26000,0.0,130000
2026-02-13,PRD-02,Jabodetabek,10,26000,0.0,260000
2026-02-13,PRD-03,DI Yogyakarta,4,25000,10.0,90000
2026-02-13,PRD-03,Jawa Tengah,6,25000,0.0,150000
2026-02-13,PRD-03,Jawa Timur,2,25000,5.0,47500
2026-02-13,PRD-03,Jabodetabek,6,25000,0.0,150000
2026-02-13,PRD-04,DI Yogyakarta,21,15000,0.0,315000
2026-02-13,PRD-04,Jawa Tengah,14,15000,0.0,210000
2026-02-13,PRD-04,Jawa Timur,10,15000,0.0,150000
2026-02-13,PRD-04,Jabodetabek,12,15000,0.0,180000
2026-02-13,PRD-05,DI Yogyakarta,9,18000,0.0,162000
2026-02-13,PRD-05,Jawa Tengah,7,18000,5.0,119700
2026-02-13,PRD-05,Jawa Timur,3,18000,10.0,48600
2026-02-13,PRD-05,Jabodetabek,8,18000,0.0,144000
2026-02-13,PRD-06,DI Yogyakarta,21,12000,0.0,252000
2026-02-13,PRD-06,Jawa Tengah,10,12000,15.0,102000
2026-02-13,PRD-06,Jawa Timur,7,12000,15.0,71400
2026-02-13,PRD-06,Jabodetabek,15,12000,0.0,180000
2026-02-13,PRD-07,DI Yogyakarta,6,32000,0.0,192000
2026-02-13,PRD-07,Jawa Tengah,2,32000,0.0,64000
2026-02-13,PRD-07,Jawa Timur,5,32000,0.0,160000
2026-02-13,PRD-07,Jabodetabek,5,32000,0.0,160000
2026-02-13,PRD-08,DI Yogyakarta,7,14000,5.0,93100
2026-02-13,PRD-08,Jawa Tengah,3,14000,10.0,37800
2026-02-13,PRD-08,Jawa Timur,3,14000,10.0,37800
2026-02-13,PRD-08,Jabodetabek,4,14000,0.0,56000
2026-02-14,PRD-01,DI Yogyakarta,15,28000,0.0,420000
2026-02-14,PRD-01,Jawa Tengah,14,28000,0.0,392000
2026-02-14,PRD-01,Jawa Timur,13,28000,0.0,364000
2026-02-14,PRD-01,Jabodetabek,17,28000,0.0,476000
2026-02-14,PRD-02,DI Yogyakarta,15,26000,5.0,370500
2026-02-14,PRD-02,Jawa Tengah,12,26000,0.0,312000
2026-02-14,PRD-02,Jawa Timur,8,26000,10.0,187200
2026-02-14,PRD-02,Jabodetabek,16,26000,0.0,416000
2026-02-14,PRD-03,DI Yogyakarta,11,25000,0.0,275000
2026-02-14,PRD-03,Jawa Tengah,7,25000,0.0,175000
2026-02-14,PRD-03,Jawa Timur,3,25000,5.0,71250
2026-02-14,PRD-03,Jabodetabek,9,25000,0.0,225000
2026-02-14,PRD-04,DI Yogyakarta,29,15000,0.0,435000
2026-02-14,PRD-04,Jawa Tengah,18,15000,0.0,270000
2026-02-14,PRD-04,Jawa Timur,14,15000,0.0,210000
2026-02-14,PRD-04,Jabodetabek,29,15000,0.0,435000
2026-02-14,PRD-05,DI Yogyakarta,3,18000,5.0,51300
2026-02-14,PRD-05,Jawa Tengah,9,18000,0.0,162000
2026-02-14,PRD-05,Jawa Timur,3,18000,0.0,54000
2026-02-14,PRD-05,Jabodetabek,6,18000,0.0,108000
2026-02-14,PRD-06,DI Yogyakarta,22,12000,0.0,264000
2026-02-14,PRD-06,Jawa Tengah,15,12000,0.0,180000
2026-02-14,PRD-06,Jawa Timur,10,12000,0.0,120000
2026-02-14,PRD-06,Jabodetabek,18,12000,0.0,216000
2026-02-14,PRD-07,DI Yogyakarta,10,32000,0.0,320000
2026-02-14,PRD-07,Jawa Tengah,6,32000,0.0,192000
2026-02-14,PRD-07,Jawa Timur,3,32000,0.0,96000
2026-02-14,PRD-07,Jabodetabek,6,32000,0.0,192000
2026-02-14,PRD-08,DI Yogyakarta,13,14000,10.0,163800
2026-02-14,PRD-08,Jawa Tengah,8,14000,0.0,112000
2026-02-14,PRD-08,Jawa Timur,6,14000,0.0,84000
2026-02-14,PRD-08,Jabodetabek,6,14000,10.0,75600
2026-02-15,PRD-01,DI Yogyakarta,20,28000,15.0,476000
2026-02-15,PRD-01,Jawa Tengah,16,28000,5.0,425600
2026-02-15,PRD-01,Jawa Timur,12,28000,0.0,336000
2026-02-15,PRD-01,Jabodetabek,18,28000,0.0,504000
2026-02-15,PRD-02,DI Yogyakarta,18,26000,0.0,468000
2026-02-15,PRD-02,Jawa Tengah,13,26000,0.0,338000
2026-02-15,PRD-02,Jawa Timur,5,26000,0.0,130000
2026-02-15,PRD-02,Jabodetabek,11,26000,0.0,286000
2026-02-15,PRD-03,DI Yogyakarta,10,25000,0.0,250000
2026-02-15,PRD-03,Jawa Tengah,9,25000,15.0,191250
2026-02-15,PRD-03,Jawa Timur,6,25000,10.0,135000
2026-02-15,PRD-03,Jabodetabek,10,25000,0.0,250000
2026-02-15,PRD-04,DI Yogyakarta,21,15000,0.0,315000
2026-02-15,PRD-04,Jawa Tengah,24,15000,0.0,360000
2026-02-15,PRD-04,Jawa Timur,18,15000,0.0,270000
2026-02-15,PRD-04,Jabodetabek,23,15000,0.0,345000
2026-02-15,PRD-05,DI Yogyakarta,8,18000,0.0,144000
2026-02-15,PRD-05,Jawa Tengah,2,18000,0.0,36000
2026-02-15,PRD-05,Jawa Timur,5,18000,0.0,90000
2026-02-15,PRD-05,Jabodetabek,7,18000,0.0,126000
2026-02-15,PRD-06,DI Yogyakarta,27,12000,0.0,324000
2026-02-15,PRD-06,Jawa Tengah,14,12000,0.0,168000
2026-02-15,PRD-06,Jawa Timur,7,12000,0.0,84000
2026-02-15,PRD-06,Jabodetabek,15,12000,0.0,180000
2026-02-15,PRD-07,DI Yogyakarta,6,32000,0.0,192000
2026-02-15,PRD-07,Jawa Tengah,5,32000,0.0,160000
2026-02-15,PRD-07,Jawa Timur,1,32000,0.0,32000
2026-02-15,PRD-07,Jabodetabek,6,32000,0.0,192000
2026-02-15,PRD-08,DI Yogyakarta,13,14000,5.0,172900
2026-02-15,PRD-08,Jawa Tengah,11,14000,0.0,154000
2026-02-15,PRD-08,Jawa Timur,6,14000,0.0,84000
2026-02-15,PRD-08,Jabodetabek,10,14000,0.0,140000
2026-02-16,PRD-01,DI Yogyakarta,21,28000,5.0,558600
2026-02-16,PRD-01,Jawa Tengah,9,28000,0.0,252000
2026-02-16,PRD-01,Jawa Timur,2,28000,0.0,56000
2026-02-16,PRD-01,Jabodetabek,18,28000,0.0,504000
2026-02-16,PRD-02,DI Yogyakarta,8,26000,0.0,208000
2026-02-16,PRD-02,Jawa Tengah,7,26000,15.0,154700
2026-02-16,PRD-02,Jawa Timur,11,26000,0.0,286000
2026-02-16,PRD-02,Jabodetabek,9,26000,0.0,234000
2026-02-16,PRD-03,DI Yogyakarta,11,25000,0.0,275000
2026-02-16,PRD-03,Jawa Tengah,6,25000,0.0,150000
2026-02-16,PRD-03,Jawa Timur,7,25000,0.0,175000
2026-02-16,PRD-03,Jabodetabek,7,25000,0.0,175000
2026-02-16,PRD-04,DI Yogyakarta,18,15000,0.0,270000
2026-02-16,PRD-04,Jawa Tengah,12,15000,0.0,180000
2026-02-16,PRD-04,Jawa Timur,20,15000,0.0,300000
2026-02-16,PRD-04,Jabodetabek,16,15000,5.0,228000
2026-02-16,PRD-05,DI Yogyakarta,6,18000,5.0,102600
2026-02-16,PRD-05,Jawa Tengah,2,18000,5.0,34200
2026-02-16,PRD-05,Jawa Timur,2,18000,5.0,34200
2026-02-16,PRD-05,Jabodetabek,5,18000,0.0,90000
2026-02-16,PRD-06,DI Yogyakarta,18,12000,0.0,216000
2026-02-16,PRD-06,Jawa Tengah,16,12000,0.0,192000
2026-02-16,PRD-06,Jawa Timur,8,12000,0.0,96000
2026-02-16,PRD-06,Jabodetabek,12,12000,0.0,144000
2026-02-16,PRD-07,DI Yogyakarta,3,32000,5.0,91200
2026-02-16,PRD-07,Jawa Tengah,4,32000,0.0,128000
2026-02-16,PRD-07,Jawa Timur,4,32000,0.0,128000
2026-02-16,PRD-07,Jabodetabek,3,32000,0.0,96000
2026-02-16,PRD-08,DI Yogyakarta,6,14000,0.0,84000
2026-02-16,PRD-08,Jawa Tengah,6,14000,0.0,84000
2026-02-16,PRD-08,Jawa Timur,1,14000,0.0,14000
2026-02-16,PRD-08,Jabodetabek,10,14000,0.0,140000
2026-02-17,PRD-01,DI Yogyakarta,14,28000,5.0,372400
2026-02-17,PRD-01,Jawa Tengah,12,28000,0.0,336000
2026-02-17,PRD-01,Jawa Timur,8,28000,5.0,212800
2026-02-17,PRD-01,Jabodetabek,7,28000,0.0,196000
2026-02-17,PRD-02,DI Yogyakarta,7,26000,10.0,163800
2026-02-17,PRD-02,Jawa Tengah,7,26000,0.0,182000
2026-02-17,PRD-02,Jawa Timur,3,26000,5.0,74100
2026-02-17,PRD-02,Jabodetabek,9,26000,0.0,234000
2026-02-17,PRD-03,DI Yogyakarta,8,25000,0.0,200000
2026-02-17,PRD-03,Jawa Tengah,6,25000,0.0,150000
2026-02-17,PRD-03,Jawa Timur,1,25000,0.0,25000
2026-02-17,PRD-03,Jabodetabek,6,25000,0.0,150000
2026-02-17,PRD-04,DI Yogyakarta,23,15000,0.0,345000
2026-02-17,PRD-04,Jawa Tengah,14,15000,0.0,210000
2026-02-17,PRD-04,Jawa Timur,14,15000,0.0,210000
2026-02-17,PRD-04,Jabodetabek,12,15000,0.0,180000
2026-02-17,PRD-05,DI Yogyakarta,4,18000,10.0,64800
2026-02-17,PRD-05,Jawa Tengah,5,18000,0.0,90000
2026-02-17,PRD-05,Jawa Timur,1,18000,0.0,18000
2026-02-17,PRD-05,Jabodetabek,7,18000,0.0,126000
2026-02-17,PRD-06,DI Yogyakarta,21,12000,5.0,239400
2026-02-17,PRD-06,Jawa Tengah,12,12000,0.0,144000
2026-02-17,PRD-06,Jawa Timur,9,12000,0.0,108000
2026-02-17,PRD-06,Jabodetabek,11,12000,0.0,132000
2026-02-17,PRD-07,DI Yogyakarta,4,32000,10.0,115200
2026-02-17,PRD-07,Jawa Tengah,4,32000,0.0,128000
2026-02-17,PRD-07,Jawa Timur,4,32000,0.0,128000
2026-02-17,PRD-07,Jabodetabek,5,32000,0.0,160000
2026-02-17,PRD-08,DI Yogyakarta,5,14000,0.0,70000
2026-02-17,PRD-08,Jawa Tengah,5,14000,0.0,70000
2026-02-17,PRD-08,Jawa Timur,5,14000,5.0,66500
2026-02-17,PRD-08,Jabodetabek,4,14000,5.0,53200
2026-02-18,PRD-01,DI Yogyakarta,13,28000,0.0,364000
2026-02-18,PRD-01,Jawa Tengah,8,28000,0.0,224000
2026-02-18,PRD-01,Jawa Timur,13,28000,0.0,364000
2026-02-18,PRD-01,Jabodetabek,18,28000,0.0,504000
2026-02-18,PRD-02,DI Yogyakarta,3,26000,0.0,78000
2026-02-18,PRD-02,Jawa Tengah,7,26000,0.0,182000
2026-02-18,PRD-02,Jawa Timur,7,26000,0.0,182000
2026-02-18,PRD-02,Jabodetabek,9,26000,5.0,222300
2026-02-18,PRD-03,DI Yogyakarta,10,25000,0.0,250000
2026-02-18,PRD-03,Jawa Tengah,6,25000,0.0,150000
2026-02-18,PRD-03,Jawa Timur,4,25000,0.0,100000
2026-02-18,PRD-03,Jabodetabek,7,25000,0.0,175000
2026-02-18,PRD-04,DI Yogyakarta,16,15000,0.0,240000
2026-02-18,PRD-04,Jawa Tengah,13,15000,0.0,195000
2026-02-18,PRD-04,Jawa Timur,19,15000,10.0,256500
2026-02-18,PRD-04,Jabodetabek,28,15000,0.0,420000
2026-02-18,PRD-05,DI Yogyakarta,4,18000,0.0,72000
2026-02-18,PRD-05,Jawa Tengah,2,18000,0.0,36000
2026-02-18,PRD-05,Jawa Timur,3,18000,0.0,54000
2026-02-18,PRD-05,Jabodetabek,5,18000,5.0,85500
2026-02-18,PRD-06,DI Yogyakarta,14,12000,5.0,159600
2026-02-18,PRD-06,Jawa Tengah,11,12000,5.0,125400
2026-02-18,PRD-06,Jawa Timur,17,12000,0.0,204000
2026-02-18,PRD-06,Jabodetabek,16,12000,0.0,192000
2026-02-18,PRD-07,DI Yogyakarta,7,32000,0.0,224000
2026-02-18,PRD-07,Jawa Tengah,1,32000,0.0,32000
2026-02-18,PRD-07,Jawa Timur,3,32000,0.0,96000
2026-02-18,PRD-07,Jabodetabek,1,32000,0.0,32000
2026-02-18,PRD-08,DI Yogyakarta,8,14000,0.0,112000
2026-02-18,PRD-08,Jawa Tengah,4,14000,0.0,56000
2026-02-18,PRD-08,Jawa Timur,4,14000,0.0,56000
2026-02-18,PRD-08,Jabodetabek,6,14000,0.0,84000
2026-02-19,PRD-01,DI Yogyakarta,13,28000,0.0,364000
2026-02-19,PRD-01,Jawa Tengah,12,28000,0.0,336000
2026-02-19,PRD-01,Jawa Timur,9,28000,0.0,252000
2026-02-19,PRD-01,Jabodetabek,19,28000,0.0,532000
2026-02-19,PRD-02,DI Yogyakarta,11,26000,5.0,271700
2026-02-19,PRD-02,Jawa Tengah,15,26000,0.0,390000
2026-02-19,PRD-02,Jawa Timur,9,26000,0.0,234000
2026-02-19,PRD-02,Jabodetabek,5,26000,0.0,130000
2026-02-19,PRD-03,DI Yogyakarta,4,25000,0.0,100000
2026-02-19,PRD-03,Jawa Tengah,3,25000,5.0,71250
2026-02-19,PRD-03,Jawa Timur,4,25000,0.0,100000
2026-02-19,PRD-03,Jabodetabek,6,25000,0.0,150000
2026-02-19,PRD-04,DI Yogyakarta,18,15000,0.0,270000
2026-02-19,PRD-04,Jawa Tengah,16,15000,5.0,228000
2026-02-19,PRD-04,Jawa Timur,9,15000,0.0,135000
2026-02-19,PRD-04,Jabodetabek,28,15000,0.0,420000
2026-02-19,PRD-05,DI Yogyakarta,11,18000,0.0,198000
2026-02-19,PRD-05,Jawa Tengah,2,18000,5.0,34200
2026-02-19,PRD-05,Jawa Timur,0,18000,0.0,0
2026-02-19,PRD-05,Jabodetabek,1,18000,0.0,18000
2026-02-19,PRD-06,DI Yogyakarta,19,12000,15.0,193800
2026-02-19,PRD-06,Jawa Tengah,14,12000,10.0,151200
2026-02-19,PRD-06,Jawa Timur,11,12000,0.0,132000
2026-02-19,PRD-06,Jabodetabek,17,12000,0.0,204000
2026-02-19,PRD-07,DI Yogyakarta,4,32000,0.0,128000
2026-02-19,PRD-07,Jawa Tengah,3,32000,0.0,96000
2026-02-19,PRD-07,Jawa Timur,4,32000,0.0,128000
2026-02-19,PRD-07,Jabodetabek,3,32000,0.0,96000
2026-02-19,PRD-08,DI Yogyakarta,8,14000,0.0,112000
2026-02-19,PRD-08,Jawa Tengah,8,14000,0.0,112000
2026-02-19,PRD-08,Jawa Timur,4,14000,0.0,56000
2026-02-19,PRD-08,Jabodetabek,7,14000,0.0,98000
2026-02-20,PRD-01,DI Yogyakarta,19,28000,0.0,532000
2026-02-20,PRD-01,Jawa Tengah,12,28000,0.0,336000
2026-02-20,PRD-01,Jawa Timur,12,28000,5.0,319200
2026-02-20,PRD-01,Jabodetabek,11,28000,0.0,308000
2026-02-20,PRD-02,DI Yogyakarta,10,26000,0.0,260000
2026-02-20,PRD-02,Jawa Tengah,13,26000,0.0,338000
2026-02-20,PRD-02,Jawa Timur,5,26000,0.0,130000
2026-02-20,PRD-02,Jabodetabek,11,26000,0.0,286000
2026-02-20,PRD-03,DI Yogyakarta,7,25000,5.0,166250
2026-02-20,PRD-03,Jawa Tengah,4,25000,0.0,100000
2026-02-20,PRD-03,Jawa Timur,8,25000,0.0,200000
2026-02-20,PRD-03,Jabodetabek,4,25000,0.0,100000
2026-02-20,PRD-04,DI Yogyakarta,20,15000,0.0,300000
2026-02-20,PRD-04,Jawa Tengah,12,15000,0.0,180000
2026-02-20,PRD-04,Jawa Timur,13,15000,0.0,195000
2026-02-20,PRD-04,Jabodetabek,19,15000,10.0,256500
2026-02-20,PRD-05,DI Yogyakarta,3,18000,15.0,45900
2026-02-20,PRD-05,Jawa Tengah,8,18000,0.0,144000
2026-02-20,PRD-05,Jawa Timur,2,18000,0.0,36000
2026-02-20,PRD-05,Jabodetabek,4,18000,0.0,72000
2026-02-20,PRD-06,DI Yogyakarta,12,12000,0.0,144000
2026-02-20,PRD-06,Jawa Tengah,13,12000,0.0,156000
2026-02-20,PRD-06,Jawa Timur,8,12000,0.0,96000
2026-02-20,PRD-06,Jabodetabek,9,12000,0.0,108000
2026-02-20,PRD-07,DI Yogyakarta,7,32000,0.0,224000
2026-02-20,PRD-07,Jawa Tengah,3,32000,0.0,96000
2026-02-20,PRD-07,Jawa Timur,0,32000,10.0,0
2026-02-20,PRD-07,Jabodetabek,11,32000,0.0,352000
2026-02-20,PRD-08,DI Yogyakarta,11,14000,0.0,154000
2026-02-20,PRD-08,Jawa Tengah,6,14000,0.0,84000
2026-02-20,PRD-08,Jawa Timur,2,14000,10.0,25200
2026-02-20,PRD-08,Jabodetabek,9,14000,10.0,113400
2026-02-21,PRD-01,DI Yogyakarta,21,28000,5.0,558600
2026-02-21,PRD-01,Jawa Tengah,13,28000,15.0,309400
2026-02-21,PRD-01,Jawa Timur,9,28000,0.0,252000
2026-02-21,PRD-01,Jabodetabek,17,28000,5.0,452200
2026-02-21,PRD-02,DI Yogyakarta,22,26000,0.0,572000
2026-02-21,PRD-02,Jawa Tengah,14,26000,0.0,364000
2026-02-21,PRD-02,Jawa Timur,10,26000,5.0,247000
2026-02-21,PRD-02,Jabodetabek,16,26000,5.0,395200
2026-02-21,PRD-03,DI Yogyakarta,7,25000,0.0,175000
2026-02-21,PRD-03,Jawa Tengah,11,25000,5.0,261250
2026-02-21,PRD-03,Jawa Timur,6,25000,5.0,142500
2026-02-21,PRD-03,Jabodetabek,7,25000,5.0,166250
2026-02-21,PRD-04,DI Yogyakarta,28,15000,15.0,357000
2026-02-21,PRD-04,Jawa Tengah,23,15000,5.0,327750
2026-02-21,PRD-04,Jawa Timur,12,15000,10.0,162000
2026-02-21,PRD-04,Jabodetabek,20,15000,0.0,300000
2026-02-21,PRD-05,DI Yogyakarta,12,18000,10.0,194400
2026-02-21,PRD-05,Jawa Tengah,6,18000,0.0,108000
2026-02-21,PRD-05,Jawa Timur,5,18000,0.0,90000
2026-02-21,PRD-05,Jabodetabek,6,18000,5.0,102600
2026-02-21,PRD-06,DI Yogyakarta,25,12000,0.0,300000
2026-02-21,PRD-06,Jawa Tengah,15,12000,0.0,180000
2026-02-21,PRD-06,Jawa Timur,16,12000,0.0,192000
2026-02-21,PRD-06,Jabodetabek,20,12000,0.0,240000
2026-02-21,PRD-07,DI Yogyakarta,9,32000,0.0,288000
2026-02-21,PRD-07,Jawa Tengah,8,32000,0.0,256000
2026-02-21,PRD-07,Jawa Timur,4,32000,0.0,128000
2026-02-21,PRD-07,Jabodetabek,5,32000,0.0,160000
2026-02-21,PRD-08,DI Yogyakarta,22,14000,0.0,308000
2026-02-21,PRD-08,Jawa Tengah,3,14000,0.0,42000
2026-02-21,PRD-08,Jawa Timur,7,14000,10.0,88200
2026-02-21,PRD-08,Jabodetabek,15,14000,5.0,199500
2026-02-22,PRD-01,DI Yogyakarta,22,28000,0.0,616000
2026-02-22,PRD-01,Jawa Tengah,15,28000,0.0,420000
2026-02-22,PRD-01,Jawa Timur,17,28000,0.0,476000
2026-02-22,PRD-01,Jabodetabek,19,28000,0.0,532000
2026-02-22,PRD-02,DI Yogyakarta,18,26000,0.0,468000
2026-02-22,PRD-02,Jawa Tengah,8,26000,0.0,208000
2026-02-22,PRD-02,Jawa Timur,9,26000,0.0,234000
2026-02-22,PRD-02,Jabodetabek,18,26000,0.0,468000
2026-02-22,PRD-03,DI Yogyakarta,11,25000,0.0,275000
2026-02-22,PRD-03,Jawa Tengah,11,25000,0.0,275000
2026-02-22,PRD-03,Jawa Timur,4,25000,0.0,100000
2026-02-22,PRD-03,Jabodetabek,9,25000,0.0,225000
2026-02-22,PRD-04,DI Yogyakarta,43,15000,15.0,548250
2026-02-22,PRD-04,Jawa Tengah,20,15000,0.0,300000
2026-02-22,PRD-04,Jawa Timur,12,15000,5.0,171000
2026-02-22,PRD-04,Jabodetabek,30,15000,5.0,427500
2026-02-22,PRD-05,DI Yogyakarta,8,18000,0.0,144000
2026-02-22,PRD-05,Jawa Tengah,7,18000,0.0,126000
2026-02-22,PRD-05,Jawa Timur,7,18000,0.0,126000
2026-02-22,PRD-05,Jabodetabek,4,18000,0.0,72000
2026-02-22,PRD-06,DI Yogyakarta,18,12000,0.0,216000
2026-02-22,PRD-06,Jawa Tengah,13,12000,0.0,156000
2026-02-22,PRD-06,Jawa Timur,17,12000,5.0,193800
2026-02-22,PRD-06,Jabodetabek,15,12000,5.0,171000
2026-02-22,PRD-07,DI Yogyakarta,6,32000,0.0,192000
2026-02-22,PRD-07,Jawa Tengah,1,32000,0.0,32000
2026-02-22,PRD-07,Jawa Timur,6,32000,5.0,182400
2026-02-22,PRD-07,Jabodetabek,8,32000,0.0,256000
2026-02-22,PRD-08,DI Yogyakarta,9,14000,0.0,126000
2026-02-22,PRD-08,Jawa Tengah,9,14000,0.0,126000
2026-02-22,PRD-08,Jawa Timur,14,14000,0.0,196000
2026-02-22,PRD-08,Jabodetabek,12,14000,0.0,168000
2026-02-23,PRD-01,DI Yogyakarta,18,28000,0.0,504000
2026-02-23,PRD-01,Jawa Tengah,15,28000,0.0,420000
2026-02-23,PRD-01,Jawa Timur,8,28000,0.0,224000
2026-02-23,PRD-01,Jabodetabek,12,28000,0.0,336000
2026-02-23,PRD-02,DI Yogyakarta,15,26000,0.0,390000
2026-02-23,PRD-02,Jawa Tengah,7,26000,0.0,182000
2026-02-23,PRD-02,Jawa Timur,3,26000,5.0,74100
2026-02-23,PRD-02,Jabodetabek,11,26000,5.0,271700
2026-02-23,PRD-03,DI Yogyakarta,1,25000,10.0,22500
2026-02-23,PRD-03,Jawa Tengah,4,25000,0.0,100000
2026-02-23,PRD-03,Jawa Timur,0,25000,0.0,0
2026-02-23,PRD-03,Jabodetabek,3,25000,0.0,75000
2026-02-23,PRD-04,DI Yogyakarta,23,15000,0.0,345000
2026-02-23,PRD-04,Jawa Tengah,16,15000,0.0,240000
2026-02-23,PRD-04,Jawa Timur,16,15000,0.0,240000
2026-02-23,PRD-04,Jabodetabek,21,15000,5.0,299250
2026-02-23,PRD-05,DI Yogyakarta,6,18000,0.0,108000
2026-02-23,PRD-05,Jawa Tengah,2,18000,0.0,36000
2026-02-23,PRD-05,Jawa Timur,2,18000,0.0,36000
2026-02-23,PRD-05,Jabodetabek,5,18000,0.0,90000
2026-02-23,PRD-06,DI Yogyakarta,19,12000,0.0,228000
2026-02-23,PRD-06,Jawa Tengah,14,12000,0.0,168000
2026-02-23,PRD-06,Jawa Timur,9,12000,15.0,91800
2026-02-23,PRD-06,Jabodetabek,17,12000,0.0,204000
2026-02-23,PRD-07,DI Yogyakarta,5,32000,0.0,160000
2026-02-23,PRD-07,Jawa Tengah,4,32000,0.0,128000
2026-02-23,PRD-07,Jawa Timur,1,32000,15.0,27200
2026-02-23,PRD-07,Jabodetabek,4,32000,0.0,128000
2026-02-23,PRD-08,DI Yogyakarta,7,14000,5.0,93100
2026-02-23,PRD-08,Jawa Tengah,11,14000,0.0,154000
2026-02-23,PRD-08,Jawa Timur,5,14000,10.0,63000
2026-02-23,PRD-08,Jabodetabek,5,14000,0.0,70000
2026-02-24,PRD-01,DI Yogyakarta,12,28000,0.0,336000
2026-02-24,PRD-01,Jawa Tengah,14,28000,5.0,372400
2026-02-24,PRD-01,Jawa Timur,6,28000,0.0,168000
2026-02-24,PRD-01,Jabodetabek,19,28000,0.0,532000
2026-02-24,PRD-02,DI Yogyakarta,24,26000,0.0,624000
2026-02-24,PRD-02,Jawa Tengah,8,26000,5.0,197600
2026-02-24,PRD-02,Jawa Timur,8,26000,0.0,208000
2026-02-24,PRD-02,Jabodetabek,13,26000,5.0,321100
2026-02-24,PRD-03,DI Yogyakarta,9,25000,5.0,213750
2026-02-24,PRD-03,Jawa Tengah,4,25000,0.0,100000
2026-02-24,PRD-03,Jawa Timur,7,25000,0.0,175000
2026-02-24,PRD-03,Jabodetabek,8,25000,0.0,200000
2026-02-24,PRD-04,DI Yogyakarta,23,15000,0.0,345000
2026-02-24,PRD-04,Jawa Tengah,13,15000,0.0,195000
2026-02-24,PRD-04,Jawa Timur,9,15000,0.0,135000
2026-02-24,PRD-04,Jabodetabek,13,15000,0.0,195000
2026-02-24,PRD-05,DI Yogyakarta,5,18000,0.0,90000
2026-02-24,PRD-05,Jawa Tengah,2,18000,0.0,36000
2026-02-24,PRD-05,Jawa Timur,3,18000,5.0,51300
2026-02-24,PRD-05,Jabodetabek,6,18000,0.0,108000
2026-02-24,PRD-06,DI Yogyakarta,15,12000,5.0,171000
2026-02-24,PRD-06,Jawa Tengah,14,12000,0.0,168000
2026-02-24,PRD-06,Jawa Timur,5,12000,5.0,57000
2026-02-24,PRD-06,Jabodetabek,13,12000,0.0,156000
2026-02-24,PRD-07,DI Yogyakarta,3,32000,0.0,96000
2026-02-24,PRD-07,Jawa Tengah,3,32000,0.0,96000
2026-02-24,PRD-07,Jawa Timur,3,32000,0.0,96000
2026-02-24,PRD-07,Jabodetabek,4,32000,0.0,128000
2026-02-24,PRD-08,DI Yogyakarta,8,14000,0.0,112000
2026-02-24,PRD-08,Jawa Tengah,3,14000,0.0,42000
2026-02-24,PRD-08,Jawa Timur,5,14000,0.0,70000
2026-02-24,PRD-08,Jabodetabek,3,14000,0.0,42000
2026-02-25,PRD-01,DI Yogyakarta,18,28000,0.0,504000
2026-02-25,PRD-01,Jawa Tengah,8,28000,0.0,224000
2026-02-25,PRD-01,Jawa Timur,10,28000,10.0,252000
2026-02-25,PRD-01,Jabodetabek,13,28000,0.0,364000
2026-02-25,PRD-02,DI Yogyakarta,11,26000,0.0,286000
2026-02-25,PRD-02,Jawa Tengah,6,26000,0.0,156000
2026-02-25,PRD-02,Jawa Timur,6,26000,0.0,156000
2026-02-25,PRD-02,Jabodetabek,9,26000,0.0,234000
2026-02-25,PRD-03,DI Yogyakarta,5,25000,0.0,125000
2026-02-25,PRD-03,Jawa Tengah,5,25000,10.0,112500
2026-02-25,PRD-03,Jawa Timur,3,25000,0.0,75000
2026-02-25,PRD-03,Jabodetabek,8,25000,0.0,200000
2026-02-25,PRD-04,DI Yogyakarta,28,15000,0.0,420000
2026-02-25,PRD-04,Jawa Tengah,22,15000,0.0,330000
2026-02-25,PRD-04,Jawa Timur,14,15000,5.0,199500
2026-02-25,PRD-04,Jabodetabek,16,15000,0.0,240000
2026-02-25,PRD-05,DI Yogyakarta,3,18000,0.0,54000
2026-02-25,PRD-05,Jawa Tengah,1,18000,0.0,18000
2026-02-25,PRD-05,Jawa Timur,4,18000,0.0,72000
2026-02-25,PRD-05,Jabodetabek,7,18000,5.0,119700
2026-02-25,PRD-06,DI Yogyakarta,21,12000,0.0,252000
2026-02-25,PRD-06,Jawa Tengah,11,12000,5.0,125400
2026-02-25,PRD-06,Jawa Timur,7,12000,0.0,84000
2026-02-25,PRD-06,Jabodetabek,22,12000,10.0,237600
2026-02-25,PRD-07,DI Yogyakarta,5,32000,15.0,136000
2026-02-25,PRD-07,Jawa Tengah,6,32000,0.0,192000
2026-02-25,PRD-07,Jawa Timur,3,32000,0.0,96000
2026-02-25,PRD-07,Jabodetabek,4,32000,0.0,128000
2026-02-25,PRD-08,DI Yogyakarta,8,14000,5.0,106400
2026-02-25,PRD-08,Jawa Tengah,7,14000,0.0,98000
2026-02-25,PRD-08,Jawa Timur,9,14000,0.0,126000
2026-02-25,PRD-08,Jabodetabek,6,14000,0.0,84000
2026-02-26,PRD-01,DI Yogyakarta,16,28000,0.0,448000
2026-02-26,PRD-01,Jawa Tengah,12,28000,0.0,336000
2026-02-26,PRD-01,Jawa Timur,10,28000,10.0,252000
2026-02-26,PRD-01,Jabodetabek,11,28000,5.0,292600
2026-02-26,PRD-02,DI Yogyakarta,14,26000,10.0,327600
2026-02-26,PRD-02,Jawa Tengah,9,26000,0.0,234000
2026-02-26,PRD-02,Jawa Timur,6,26000,0.0,156000
2026-02-26,PRD-02,Jabodetabek,11,26000,5.0,271700
2026-02-26,PRD-03,DI Yogyakarta,7,25000,0.0,175000
2026-02-26,PRD-03,Jawa Tengah,4,25000,0.0,100000
2026-02-26,PRD-03,Jawa Timur,3,25000,10.0,67500
2026-02-26,PRD-03,Jabodetabek,9,25000,0.0,225000
2026-02-26,PRD-04,DI Yogyakarta,23,15000,0.0,345000
2026-02-26,PRD-04,Jawa Tengah,15,15000,0.0,225000
2026-02-26,PRD-04,Jawa Timur,7,15000,0.0,105000
2026-02-26,PRD-04,Jabodetabek,24,15000,0.0,360000
2026-02-26,PRD-05,DI Yogyakarta,5,18000,0.0,90000
2026-02-26,PRD-05,Jawa Tengah,7,18000,0.0,126000
2026-02-26,PRD-05,Jawa Timur,1,18000,10.0,16200
2026-02-26,PRD-05,Jabodetabek,5,18000,5.0,85500
2026-02-26,PRD-06,DI Yogyakarta,18,12000,0.0,216000
2026-02-26,PRD-06,Jawa Tengah,8,12000,5.0,91200
2026-02-26,PRD-06,Jawa Timur,10,12000,0.0,120000
2026-02-26,PRD-06,Jabodetabek,11,12000,0.0,132000
2026-02-26,PRD-07,DI Yogyakarta,3,32000,5.0,91200
2026-02-26,PRD-07,Jawa Tengah,3,32000,10.0,86400
2026-02-26,PRD-07,Jawa Timur,2,32000,0.0,64000
2026-02-26,PRD-07,Jabodetabek,1,32000,10.0,28800
2026-02-26,PRD-08,DI Yogyakarta,5,14000,0.0,70000
2026-02-26,PRD-08,Jawa Tengah,10,14000,0.0,140000
2026-02-26,PRD-08,Jawa Timur,6,14000,0.0,84000
2026-02-26,PRD-08,Jabodetabek,7,14000,0.0,98000
2026-02-27,PRD-01,DI Yogyakarta,13,28000,0.0,364000
2026-02-27,PRD-01,Jawa Tengah,12,28000,0.0,336000
2026-02-27,PRD-01,Jawa Timur,8,28000,0.0,224000
2026-02-27,PRD-01,Jabodetabek,13,28000,0.0,364000
2026-02-27,PRD-02,DI Yogyakarta,8,26000,0.0,208000
2026-02-27,PRD-02,Jawa Tengah,7,26000,10.0,163800
2026-02-27,PRD-02,Jawa Timur,4,26000,0.0,104000
2026-02-27,PRD-02,Jabodetabek,8,26000,0.0,208000
2026-02-27,PRD-03,DI Yogyakarta,12,25000,0.0,300000
2026-02-27,PRD-03,Jawa Tengah,5,25000,0.0,125000
2026-02-27,PRD-03,Jawa Timur,4,25000,0.0,100000
2026-02-27,PRD-03,Jabodetabek,8,25000,0.0,200000
2026-02-27,PRD-04,DI Yogyakarta,31,15000,5.0,441750
2026-02-27,PRD-04,Jawa Tengah,18,15000,0.0,270000
2026-02-27,PRD-04,Jawa Timur,14,15000,0.0,210000
2026-02-27,PRD-04,Jabodetabek,23,15000,0.0,345000
2026-02-27,PRD-05,DI Yogyakarta,4,18000,0.0,72000
2026-02-27,PRD-05,Jawa Tengah,3,18000,0.0,54000
2026-02-27,PRD-05,Jawa Timur,3,18000,0.0,54000
2026-02-27,PRD-05,Jabodetabek,4,18000,0.0,72000
2026-02-27,PRD-06,DI Yogyakarta,13,12000,0.0,156000
2026-02-27,PRD-06,Jawa Tengah,9,12000,0.0,108000
2026-02-27,PRD-06,Jawa Timur,13,12000,5.0,148200
2026-02-27,PRD-06,Jabodetabek,14,12000,0.0,168000
2026-02-27,PRD-07,DI Yogyakarta,3,32000,5.0,91200
2026-02-27,PRD-07,Jawa Tengah,2,32000,0.0,64000
2026-02-27,PRD-07,Jawa Timur,1,32000,0.0,32000
2026-02-27,PRD-07,Jabodetabek,7,32000,0.0,224000
2026-02-27,PRD-08,DI Yogyakarta,12,14000,0.0,168000
2026-02-27,PRD-08,Jawa Tengah,2,14000,0.0,28000
2026-02-27,PRD-08,Jawa Timur,2,14000,0.0,28000
2026-02-27,PRD-08,Jabodetabek,11,14000,0.0,154000
2026-02-28,PRD-01,DI Yogyakarta,14,28000,0.0,392000
2026-02-28,PRD-01,Jawa Tengah,18,28000,0.0,504000
2026-02-28,PRD-01,Jawa Timur,6,28000,15.0,142800
2026-02-28,PRD-01,Jabodetabek,22,28000,5.0,585200
2026-02-28,PRD-02,DI Yogyakarta,18,26000,5.0,444600
2026-02-28,PRD-02,Jawa Tengah,14,26000,0.0,364000
2026-02-28,PRD-02,Jawa Timur,9,26000,0.0,234000
2026-02-28,PRD-02,Jabodetabek,9,26000,0.0,234000
2026-02-28,PRD-03,DI Yogyakarta,10,25000,0.0,250000
2026-02-28,PRD-03,Jawa Tengah,9,25000,0.0,225000
2026-02-28,PRD-03,Jawa Timur,12,25000,0.0,300000
2026-02-28,PRD-03,Jabodetabek,13,25000,10.0,292500
2026-02-28,PRD-04,DI Yogyakarta,32,15000,0.0,480000
2026-02-28,PRD-04,Jawa Tengah,17,15000,0.0,255000
2026-02-28,PRD-04,Jawa Timur,19,15000,0.0,285000
2026-02-28,PRD-04,Jabodetabek,34,15000,5.0,484500
2026-02-28,PRD-05,DI Yogyakarta,11,18000,0.0,198000
2026-02-28,PRD-05,Jawa Tengah,3,18000,0.0,54000
2026-02-28,PRD-05,Jawa Timur,3,18000,5.0,51300
2026-02-28,PRD-05,Jabodetabek,11,18000,0.0,198000
2026-02-28,PRD-06,DI Yogyakarta,29,12000,0.0,348000
2026-02-28,PRD-06,Jawa Tengah,18,12000,0.0,216000
2026-02-28,PRD-06,Jawa Timur,16,12000,0.0,192000
2026-02-28,PRD-06,Jabodetabek,12,12000,0.0,144000
2026-02-28,PRD-07,DI Yogyakarta,5,32000,0.0,160000
2026-02-28,PRD-07,Jawa Tengah,5,32000,0.0,160000
2026-02-28,PRD-07,Jawa Timur,2,32000,0.0,64000
2026-02-28,PRD-07,Jabodetabek,4,32000,0.0,128000
2026-02-28,PRD-08,DI Yogyakarta,11,14000,0.0,154000
2026-02-28,PRD-08,Jawa Tengah,8,14000,0.0,112000
2026-02-28,PRD-08,Jawa Timur,8,14000,0.0,112000
2026-02-28,PRD-08,Jabodetabek,10,14000,0.0,140000
2026-03-01,PRD-01,DI Yogyakarta,35,28000,0.0,980000
2026-03-01,PRD-01,Jawa Tengah,10,28000,0.0,280000
2026-03-01,PRD-01,Jawa Timur,10,28000,5.0,266000
2026-03-01,PRD-01,Jabodetabek,21,28000,0.0,588000
2026-03-01,PRD-02,DI Yogyakarta,17,26000,0.0,442000
2026-03-01,PRD-02,Jawa Tengah,14,26000,0.0,364000
2026-03-01,PRD-02,Jawa Timur,7,26000,0.0,182000
2026-03-01,PRD-02,Jabodetabek,8,26000,0.0,208000
2026-03-01,PRD-03,DI Yogyakarta,9,25000,10.0,202500
2026-03-01,PRD-03,Jawa Tengah,9,25000,0.0,225000
2026-03-01,PRD-03,Jawa Timur,8,25000,0.0,200000
2026-03-01,PRD-03,Jabodetabek,10,25000,10.0,225000
2026-03-01,PRD-04,DI Yogyakarta,34,15000,0.0,510000
2026-03-01,PRD-04,Jawa Tengah,15,15000,0.0,225000
2026-03-01,PRD-04,Jawa Timur,13,15000,5.0,185250
2026-03-01,PRD-04,Jabodetabek,30,15000,0.0,450000
2026-03-01,PRD-05,DI Yogyakarta,11,18000,0.0,198000
2026-03-01,PRD-05,Jawa Tengah,6,18000,0.0,108000
2026-03-01,PRD-05,Jawa Timur,6,18000,0.0,108000
2026-03-01,PRD-05,Jabodetabek,12,18000,0.0,216000
2026-03-01,PRD-06,DI Yogyakarta,27,12000,0.0,324000
2026-03-01,PRD-06,Jawa Tengah,16,12000,5.0,182400
2026-03-01,PRD-06,Jawa Timur,16,12000,0.0,192000
2026-03-01,PRD-06,Jabodetabek,21,12000,5.0,239400
2026-03-01,PRD-07,DI Yogyakarta,5,32000,0.0,160000
2026-03-01,PRD-07,Jawa Tengah,7,32000,5.0,212800
2026-03-01,PRD-07,Jawa Timur,4,32000,0.0,128000
2026-03-01,PRD-07,Jabodetabek,6,32000,0.0,192000
2026-03-01,PRD-08,DI Yogyakarta,10,14000,0.0,140000
2026-03-01,PRD-08,Jawa Tengah,12,14000,5.0,159600
2026-03-01,PRD-08,Jawa Timur,5,14000,0.0,70000
2026-03-01,PRD-08,Jabodetabek,14,14000,5.0,186200
2026-03-02,PRD-01,DI Yogyakarta,10,28000,10.0,252000
2026-03-02,PRD-01,Jawa Tengah,10,28000,0.0,280000
2026-03-02,PRD-01,Jawa Timur,8,28000,0.0,224000
2026-03-02,PRD-01,Jabodetabek,9,28000,10.0,226800
2026-03-02,PRD-02,DI Yogyakarta,9,26000,5.0,222300
2026-03-02,PRD-02,Jawa Tengah,9,26000,0.0,234000
2026-03-02,PRD-02,Jawa Timur,8,26000,0.0,208000
2026-03-02,PRD-02,Jabodetabek,13,26000,5.0,321100
2026-03-02,PRD-03,DI Yogyakarta,5,25000,0.0,125000
2026-03-02,PRD-03,Jawa Tengah,9,25000,0.0,225000
2026-03-02,PRD-03,Jawa Timur,7,25000,5.0,166250
2026-03-02,PRD-03,Jabodetabek,5,25000,0.0,125000
2026-03-02,PRD-04,DI Yogyakarta,13,15000,0.0,195000
2026-03-02,PRD-04,Jawa Tengah,14,15000,0.0,210000
2026-03-02,PRD-04,Jawa Timur,6,15000,15.0,76500
2026-03-02,PRD-04,Jabodetabek,20,15000,0.0,300000
2026-03-02,PRD-05,DI Yogyakarta,6,18000,0.0,108000
2026-03-02,PRD-05,Jawa Tengah,6,18000,0.0,108000
2026-03-02,PRD-05,Jawa Timur,1,18000,0.0,18000
2026-03-02,PRD-05,Jabodetabek,9,18000,10.0,145800
2026-03-02,PRD-06,DI Yogyakarta,22,12000,0.0,264000
2026-03-02,PRD-06,Jawa Tengah,18,12000,0.0,216000
2026-03-02,PRD-06,Jawa Timur,9,12000,0.0,108000
2026-03-02,PRD-06,Jabodetabek,12,12000,0.0,144000
2026-03-02,PRD-07,DI Yogyakarta,2,32000,0.0,64000
2026-03-02,PRD-07,Jawa Tengah,5,32000,10.0,144000
2026-03-02,PRD-07,Jawa Timur,5,32000,10.0,144000
2026-03-02,PRD-07,Jabodetabek,9,32000,0.0,288000
2026-03-02,PRD-08,DI Yogyakarta,12,14000,0.0,168000
2026-03-02,PRD-08,Jawa Tengah,12,14000,0.0,168000
2026-03-02,PRD-08,Jawa Timur,3,14000,0.0,42000
2026-03-02,PRD-08,Jabodetabek,7,14000,10.0,88200
2026-03-03,PRD-01,DI Yogyakarta,17,28000,15.0,404600
2026-03-03,PRD-01,Jawa Tengah,9,28000,0.0,252000
2026-03-03,PRD-01,Jawa Timur,7,28000,10.0,176400
2026-03-03,PRD-01,Jabodetabek,11,28000,0.0,308000
2026-03-03,PRD-02,DI Yogyakarta,11,26000,0.0,286000
2026-03-03,PRD-02,Jawa Tengah,10,26000,0.0,260000
2026-03-03,PRD-02,Jawa Timur,8,26000,0.0,208000
2026-03-03,PRD-02,Jabodetabek,10,26000,0.0,260000
2026-03-03,PRD-03,DI Yogyakarta,2,25000,0.0,50000
2026-03-03,PRD-03,Jawa Tengah,7,25000,0.0,175000
2026-03-03,PRD-03,Jawa Timur,3,25000,0.0,75000
2026-03-03,PRD-03,Jabodetabek,9,25000,5.0,213750
2026-03-03,PRD-04,DI Yogyakarta,25,15000,0.0,375000
2026-03-03,PRD-04,Jawa Tengah,18,15000,0.0,270000
2026-03-03,PRD-04,Jawa Timur,14,15000,0.0,210000
2026-03-03,PRD-04,Jabodetabek,14,15000,0.0,210000
2026-03-03,PRD-05,DI Yogyakarta,4,18000,10.0,64800
2026-03-03,PRD-05,Jawa Tengah,4,18000,0.0,72000
2026-03-03,PRD-05,Jawa Timur,1,18000,0.0,18000
2026-03-03,PRD-05,Jabodetabek,5,18000,0.0,90000
2026-03-03,PRD-06,DI Yogyakarta,15,12000,0.0,180000
2026-03-03,PRD-06,Jawa Tengah,9,12000,0.0,108000
2026-03-03,PRD-06,Jawa Timur,13,12000,5.0,148200
2026-03-03,PRD-06,Jabodetabek,16,12000,5.0,182400
2026-03-03,PRD-07,DI Yogyakarta,10,32000,0.0,320000
2026-03-03,PRD-07,Jawa Tengah,3,32000,0.0,96000
2026-03-03,PRD-07,Jawa Timur,4,32000,0.0,128000
2026-03-03,PRD-07,Jabodetabek,3,32000,0.0,96000
2026-03-03,PRD-08,DI Yogyakarta,8,14000,5.0,106400
2026-03-03,PRD-08,Jawa Tengah,8,14000,0.0,112000
2026-03-03,PRD-08,Jawa Timur,5,14000,0.0,70000
2026-03-03,PRD-08,Jabodetabek,4,14000,5.0,53200
2026-03-04,PRD-01,DI Yogyakarta,21,28000,0.0,588000
2026-03-04,PRD-01,Jawa Tengah,18,28000,0.0,504000
2026-03-04,PRD-01,Jawa Timur,10,28000,5.0,266000
2026-03-04,PRD-01,Jabodetabek,17,28000,0.0,476000
2026-03-04,PRD-02,DI Yogyakarta,10,26000,15.0,221000
2026-03-04,PRD-02,Jawa Tengah,7,26000,0.0,182000
2026-03-04,PRD-02,Jawa Timur,7,26000,0.0,182000
2026-03-04,PRD-02,Jabodetabek,13,26000,0.0,338000
2026-03-04,PRD-03,DI Yogyakarta,11,25000,0.0,275000
2026-03-04,PRD-03,Jawa Tengah,8,25000,0.0,200000
2026-03-04,PRD-03,Jawa Timur,7,25000,0.0,175000
2026-03-04,PRD-03,Jabodetabek,9,25000,0.0,225000
2026-03-04,PRD-04,DI Yogyakarta,16,15000,0.0,240000
2026-03-04,PRD-04,Jawa Tengah,9,15000,0.0,135000
2026-03-04,PRD-04,Jawa Timur,11,15000,0.0,165000
2026-03-04,PRD-04,Jabodetabek,18,15000,0.0,270000
2026-03-04,PRD-05,DI Yogyakarta,7,18000,0.0,126000
2026-03-04,PRD-05,Jawa Tengah,6,18000,15.0,91800
2026-03-04,PRD-05,Jawa Timur,4,18000,0.0,72000
2026-03-04,PRD-05,Jabodetabek,6,18000,10.0,97200
2026-03-04,PRD-06,DI Yogyakarta,15,12000,0.0,180000
2026-03-04,PRD-06,Jawa Tengah,8,12000,5.0,91200
2026-03-04,PRD-06,Jawa Timur,11,12000,0.0,132000
2026-03-04,PRD-06,Jabodetabek,16,12000,0.0,192000
2026-03-04,PRD-07,DI Yogyakarta,8,32000,0.0,256000
2026-03-04,PRD-07,Jawa Tengah,5,32000,0.0,160000
2026-03-04,PRD-07,Jawa Timur,6,32000,10.0,172800
2026-03-04,PRD-07,Jabodetabek,2,32000,5.0,60800
2026-03-04,PRD-08,DI Yogyakarta,11,14000,0.0,154000
2026-03-04,PRD-08,Jawa Tengah,7,14000,0.0,98000
2026-03-04,PRD-08,Jawa Timur,1,14000,0.0,14000
2026-03-04,PRD-08,Jabodetabek,5,14000,0.0,70000
2026-03-05,PRD-01,DI Yogyakarta,16,28000,0.0,448000
2026-03-05,PRD-01,Jawa Tengah,12,28000,0.0,336000
2026-03-05,PRD-01,Jawa Timur,7,28000,0.0,196000
2026-03-05,PRD-01,Jabodetabek,9,28000,0.0,252000
2026-03-05,PRD-02,DI Yogyakarta,15,26000,0.0,390000
2026-03-05,PRD-02,Jawa Tengah,11,26000,0.0,286000
2026-03-05,PRD-02,Jawa Timur,3,26000,0.0,78000
2026-03-05,PRD-02,Jabodetabek,15,26000,10.0,351000
2026-03-05,PRD-03,DI Yogyakarta,7,25000,0.0,175000
2026-03-05,PRD-03,Jawa Tengah,9,25000,0.0,225000
2026-03-05,PRD-03,Jawa Timur,7,25000,0.0,175000
2026-03-05,PRD-03,Jabodetabek,3,25000,0.0,75000
2026-03-05,PRD-04,DI Yogyakarta,20,15000,0.0,300000
2026-03-05,PRD-04,Jawa Tengah,24,15000,0.0,360000
2026-03-05,PRD-04,Jawa Timur,11,15000,0.0,165000
2026-03-05,PRD-04,Jabodetabek,20,15000,0.0,300000
2026-03-05,PRD-05,DI Yogyakarta,9,18000,0.0,162000
2026-03-05,PRD-05,Jawa Tengah,6,18000,0.0,108000
2026-03-05,PRD-05,Jawa Timur,1,18000,0.0,18000
2026-03-05,PRD-05,Jabodetabek,4,18000,15.0,61200
2026-03-05,PRD-06,DI Yogyakarta,15,12000,0.0,180000
2026-03-05,PRD-06,Jawa Tengah,6,12000,0.0,72000
2026-03-05,PRD-06,Jawa Timur,3,12000,15.0,30600
2026-03-05,PRD-06,Jabodetabek,16,12000,0.0,192000
2026-03-05,PRD-07,DI Yogyakarta,8,32000,5.0,243200
2026-03-05,PRD-07,Jawa Tengah,8,32000,15.0,217600
2026-03-05,PRD-07,Jawa Timur,3,32000,0.0,96000
2026-03-05,PRD-07,Jabodetabek,2,32000,0.0,64000
2026-03-05,PRD-08,DI Yogyakarta,7,14000,0.0,98000
2026-03-05,PRD-08,Jawa Tengah,5,14000,10.0,63000
2026-03-05,PRD-08,Jawa Timur,2,14000,5.0,26600
2026-03-05,PRD-08,Jabodetabek,8,14000,0.0,112000
2026-03-06,PRD-01,DI Yogyakarta,13,28000,0.0,364000
2026-03-06,PRD-01,Jawa Tengah,13,28000,5.0,345800
2026-03-06,PRD-01,Jawa Timur,10,28000,0.0,280000
2026-03-06,PRD-01,Jabodetabek,9,28000,0.0,252000
2026-03-06,PRD-02,DI Yogyakarta,7,26000,5.0,172900
2026-03-06,PRD-02,Jawa Tengah,12,26000,0.0,312000
2026-03-06,PRD-02,Jawa Timur,0,26000,0.0,0
2026-03-06,PRD-02,Jabodetabek,13,26000,0.0,338000
2026-03-06,PRD-03,DI Yogyakarta,6,25000,15.0,127500
2026-03-06,PRD-03,Jawa Tengah,8,25000,0.0,200000
2026-03-06,PRD-03,Jawa Timur,2,25000,0.0,50000
2026-03-06,PRD-03,Jabodetabek,13,25000,0.0,325000
2026-03-06,PRD-04,DI Yogyakarta,21,15000,0.0,315000
2026-03-06,PRD-04,Jawa Tengah,16,15000,0.0,240000
2026-03-06,PRD-04,Jawa Timur,11,15000,15.0,140250
2026-03-06,PRD-04,Jabodetabek,20,15000,0.0,300000
2026-03-06,PRD-05,DI Yogyakarta,7,18000,0.0,126000
2026-03-06,PRD-05,Jawa Tengah,8,18000,0.0,144000
2026-03-06,PRD-05,Jawa Timur,2,18000,5.0,34200
2026-03-06,PRD-05,Jabodetabek,4,18000,0.0,72000
2026-03-06,PRD-06,DI Yogyakarta,17,12000,15.0,173400
2026-03-06,PRD-06,Jawa Tengah,14,12000,0.0,168000
2026-03-06,PRD-06,Jawa Timur,11,12000,0.0,132000
2026-03-06,PRD-06,Jabodetabek,12,12000,0.0,144000
2026-03-06,PRD-07,DI Yogyakarta,5,32000,5.0,152000
2026-03-06,PRD-07,Jawa Tengah,2,32000,0.0,64000
2026-03-06,PRD-07,Jawa Timur,5,32000,0.0,160000
2026-03-06,PRD-07,Jabodetabek,3,32000,0.0,96000
2026-03-06,PRD-08,DI Yogyakarta,8,14000,0.0,112000
2026-03-06,PRD-08,Jawa Tengah,7,14000,0.0,98000
2026-03-06,PRD-08,Jawa Timur,3,14000,0.0,42000
2026-03-06,PRD-08,Jabodetabek,10,14000,0.0,140000
2026-03-07,PRD-01,DI Yogyakarta,31,28000,0.0,868000
2026-03-07,PRD-01,Jawa Tengah,14,28000,0.0,392000
2026-03-07,PRD-01,Jawa Timur,15,28000,10.0,378000
2026-03-07,PRD-01,Jabodetabek,20,28000,0.0,560000
2026-03-07,PRD-02,DI Yogyakarta,12,26000,0.0,312000
2026-03-07,PRD-02,Jawa Tengah,10,26000,10.0,234000
2026-03-07,PRD-02,Jawa Timur,9,26000,15.0,198900
2026-03-07,PRD-02,Jabodetabek,14,26000,0.0,364000
2026-03-07,PRD-03,DI Yogyakarta,9,25000,10.0,202500
2026-03-07,PRD-03,Jawa Tengah,5,25000,0.0,125000
2026-03-07,PRD-03,Jawa Timur,5,25000,10.0,112500
2026-03-07,PRD-03,Jabodetabek,9,25000,0.0,225000
2026-03-07,PRD-04,DI Yogyakarta,39,15000,0.0,585000
2026-03-07,PRD-04,Jawa Tengah,22,15000,0.0,330000
2026-03-07,PRD-04,Jawa Timur,17,15000,5.0,242250
2026-03-07,PRD-04,Jabodetabek,26,15000,0.0,390000
2026-03-07,PRD-05,DI Yogyakarta,12,18000,0.0,216000
2026-03-07,PRD-05,Jawa Tengah,9,18000,0.0,162000
2026-03-07,PRD-05,Jawa Timur,5,18000,5.0,85500
2026-03-07,PRD-05,Jabodetabek,8,18000,0.0,144000
2026-03-07,PRD-06,DI Yogyakarta,19,12000,0.0,228000
2026-03-07,PRD-06,Jawa Tengah,15,12000,5.0,171000
2026-03-07,PRD-06,Jawa Timur,14,12000,0.0,168000
2026-03-07,PRD-06,Jabodetabek,20,12000,0.0,240000
2026-03-07,PRD-07,DI Yogyakarta,16,32000,0.0,512000
2026-03-07,PRD-07,Jawa Tengah,7,32000,5.0,212800
2026-03-07,PRD-07,Jawa Timur,3,32000,0.0,96000
2026-03-07,PRD-07,Jabodetabek,4,32000,0.0,128000
2026-03-07,PRD-08,DI Yogyakarta,18,14000,0.0,252000
2026-03-07,PRD-08,Jawa Tengah,12,14000,0.0,168000
2026-03-07,PRD-08,Jawa Timur,7,14000,0.0,98000
2026-03-07,PRD-08,Jabodetabek,12,14000,0.0,168000
2026-03-08,PRD-01,DI Yogyakarta,18,28000,10.0,453600
2026-03-08,PRD-01,Jawa Tengah,12,28000,0.0,336000
2026-03-08,PRD-01,Jawa Timur,10,28000,0.0,280000
2026-03-08,PRD-01,Jabodetabek,25,28000,5.0,665000
2026-03-08,PRD-02,DI Yogyakarta,23,26000,5.0,568100
2026-03-08,PRD-02,Jawa Tengah,18,26000,0.0,468000
2026-03-08,PRD-02,Jawa Timur,10,26000,0.0,260000
2026-03-08,PRD-02,Jabodetabek,11,26000,15.0,243100
2026-03-08,PRD-03,DI Yogyakarta,17,25000,0.0,425000
2026-03-08,PRD-03,Jawa Tengah,1,25000,0.0,25000
2026-03-08,PRD-03,Jawa Timur,6,25000,15.0,127500
2026-03-08,PRD-03,Jabodetabek,12,25000,0.0,300000
2026-03-08,PRD-04,DI Yogyakarta,50,15000,0.0,750000
2026-03-08,PRD-04,Jawa Tengah,33,15000,0.0,495000
2026-03-08,PRD-04,Jawa Timur,18,15000,10.0,243000
2026-03-08,PRD-04,Jabodetabek,30,15000,10.0,405000
2026-03-08,PRD-05,DI Yogyakarta,7,18000,10.0,113400
2026-03-08,PRD-05,Jawa Tengah,6,18000,0.0,108000
2026-03-08,PRD-05,Jawa Timur,2,18000,15.0,30600
2026-03-08,PRD-05,Jabodetabek,6,18000,0.0,108000
2026-03-08,PRD-06,DI Yogyakarta,21,12000,0.0,252000
2026-03-08,PRD-06,Jawa Tengah,20,12000,0.0,240000
2026-03-08,PRD-06,Jawa Timur,12,12000,0.0,144000
2026-03-08,PRD-06,Jabodetabek,19,12000,5.0,216600
2026-03-08,PRD-07,DI Yogyakarta,7,32000,5.0,212800
2026-03-08,PRD-07,Jawa Tengah,7,32000,0.0,224000
2026-03-08,PRD-07,Jawa Timur,5,32000,10.0,144000
2026-03-08,PRD-07,Jabodetabek,4,32000,10.0,115200
2026-03-08,PRD-08,DI Yogyakarta,14,14000,0.0,196000
2026-03-08,PRD-08,Jawa Tengah,12,14000,0.0,168000
2026-03-08,PRD-08,Jawa Timur,10,14000,0.0,140000
2026-03-08,PRD-08,Jabodetabek,15,14000,0.0,210000
2026-03-09,PRD-01,DI Yogyakarta,18,28000,0.0,504000
2026-03-09,PRD-01,Jawa Tengah,11,28000,0.0,308000
2026-03-09,PRD-01,Jawa Timur,7,28000,5.0,186200
2026-03-09,PRD-01,Jabodetabek,18,28000,0.0,504000
2026-03-09,PRD-02,DI Yogyakarta,14,26000,0.0,364000
2026-03-09,PRD-02,Jawa Tengah,3,26000,5.0,74100
2026-03-09,PRD-02,Jawa Timur,6,26000,0.0,156000
2026-03-09,PRD-02,Jabodetabek,16,26000,0.0,416000
2026-03-09,PRD-03,DI Yogyakarta,7,25000,0.0,175000
2026-03-09,PRD-03,Jawa Tengah,10,25000,0.0,250000
2026-03-09,PRD-03,Jawa Timur,5,25000,5.0,118750
2026-03-09,PRD-03,Jabodetabek,6,25000,0.0,150000
2026-03-09,PRD-04,DI Yogyakarta,23,15000,10.0,310500
2026-03-09,PRD-04,Jawa Tengah,16,15000,0.0,240000
2026-03-09,PRD-04,Jawa Timur,7,15000,0.0,105000
2026-03-09,PRD-04,Jabodetabek,25,15000,10.0,337500
2026-03-09,PRD-05,DI Yogyakarta,9,18000,0.0,162000
2026-03-09,PRD-05,Jawa Tengah,4,18000,0.0,72000
2026-03-09,PRD-05,Jawa Timur,3,18000,0.0,54000
2026-03-09,PRD-05,Jabodetabek,9,18000,0.0,162000
2026-03-09,PRD-06,DI Yogyakarta,17,12000,0.0,204000
2026-03-09,PRD-06,Jawa Tengah,16,12000,0.0,192000
2026-03-09,PRD-06,Jawa Timur,11,12000,0.0,132000
2026-03-09,PRD-06,Jabodetabek,19,12000,0.0,228000
2026-03-09,PRD-07,DI Yogyakarta,3,32000,0.0,96000
2026-03-09,PRD-07,Jawa Tengah,1,32000,0.0,32000
2026-03-09,PRD-07,Jawa Timur,3,32000,0.0,96000
2026-03-09,PRD-07,Jabodetabek,4,32000,0.0,128000
2026-03-09,PRD-08,DI Yogyakarta,7,14000,0.0,98000
2026-03-09,PRD-08,Jawa Tengah,3,14000,0.0,42000
2026-03-09,PRD-08,Jawa Timur,8,14000,0.0,112000
2026-03-09,PRD-08,Jabodetabek,5,14000,0.0,70000
2026-03-10,PRD-01,DI Yogyakarta,18,28000,0.0,504000
2026-03-10,PRD-01,Jawa Tengah,14,28000,5.0,372400
2026-03-10,PRD-01,Jawa Timur,4,28000,5.0,106400
2026-03-10,PRD-01,Jabodetabek,16,28000,0.0,448000
2026-03-10,PRD-02,DI Yogyakarta,13,26000,0.0,338000
2026-03-10,PRD-02,Jawa Tengah,11,26000,0.0,286000
2026-03-10,PRD-02,Jawa Timur,7,26000,0.0,182000
2026-03-10,PRD-02,Jabodetabek,13,26000,0.0,338000
2026-03-10,PRD-03,DI Yogyakarta,5,25000,0.0,125000
2026-03-10,PRD-03,Jawa Tengah,8,25000,0.0,200000
2026-03-10,PRD-03,Jawa Timur,3,25000,10.0,67500
2026-03-10,PRD-03,Jabodetabek,7,25000,0.0,175000
2026-03-10,PRD-04,DI Yogyakarta,21,15000,5.0,299250
2026-03-10,PRD-04,Jawa Tengah,19,15000,0.0,285000
2026-03-10,PRD-04,Jawa Timur,10,15000,0.0,150000
2026-03-10,PRD-04,Jabodetabek,18,15000,0.0,270000
2026-03-10,PRD-05,DI Yogyakarta,7,18000,0.0,126000
2026-03-10,PRD-05,Jawa Tengah,5,18000,0.0,90000
2026-03-10,PRD-05,Jawa Timur,2,18000,0.0,36000
2026-03-10,PRD-05,Jabodetabek,8,18000,0.0,144000
2026-03-10,PRD-06,DI Yogyakarta,17,12000,0.0,204000
2026-03-10,PRD-06,Jawa Tengah,14,12000,0.0,168000
2026-03-10,PRD-06,Jawa Timur,14,12000,0.0,168000
2026-03-10,PRD-06,Jabodetabek,15,12000,0.0,180000
2026-03-10,PRD-07,DI Yogyakarta,6,32000,5.0,182400
2026-03-10,PRD-07,Jawa Tengah,4,32000,15.0,108800
2026-03-10,PRD-07,Jawa Timur,6,32000,10.0,172800
2026-03-10,PRD-07,Jabodetabek,3,32000,0.0,96000
2026-03-10,PRD-08,DI Yogyakarta,10,14000,0.0,140000
2026-03-10,PRD-08,Jawa Tengah,13,14000,5.0,172900
2026-03-10,PRD-08,Jawa Timur,6,14000,0.0,84000
2026-03-10,PRD-08,Jabodetabek,7,14000,10.0,88200
2026-03-11,PRD-01,DI Yogyakarta,15,28000,0.0,420000
2026-03-11,PRD-01,Jawa Tengah,11,28000,0.0,308000
2026-03-11,PRD-01,Jawa Timur,12,28000,0.0,336000
2026-03-11,PRD-01,Jabodetabek,20,28000,5.0,532000
2026-03-11,PRD-02,DI Yogyakarta,9,26000,0.0,234000
2026-03-11,PRD-02,Jawa Tengah,8,26000,0.0,208000
2026-03-11,PRD-02,Jawa Timur,6,26000,0.0,156000
2026-03-11,PRD-02,Jabodetabek,6,26000,5.0,148200
2026-03-11,PRD-03,DI Yogyakarta,5,25000,0.0,125000
2026-03-11,PRD-03,Jawa Tengah,8,25000,0.0,200000
2026-03-11,PRD-03,Jawa Timur,3,25000,0.0,75000
2026-03-11,PRD-03,Jabodetabek,14,25000,5.0,332500
2026-03-11,PRD-04,DI Yogyakarta,22,15000,5.0,313500
2026-03-11,PRD-04,Jawa Tengah,18,15000,10.0,243000
2026-03-11,PRD-04,Jawa Timur,12,15000,0.0,180000
2026-03-11,PRD-04,Jabodetabek,17,15000,0.0,255000
2026-03-11,PRD-05,DI Yogyakarta,5,18000,0.0,90000
2026-03-11,PRD-05,Jawa Tengah,5,18000,0.0,90000
2026-03-11,PRD-05,Jawa Timur,4,18000,15.0,61200
2026-03-11,PRD-05,Jabodetabek,11,18000,5.0,188100
2026-03-11,PRD-06,DI Yogyakarta,14,12000,5.0,159600
2026-03-11,PRD-06,Jawa Tengah,13,12000,0.0,156000
2026-03-11,PRD-06,Jawa Timur,16,12000,0.0,192000
2026-03-11,PRD-06,Jabodetabek,13,12000,0.0,156000
2026-03-11,PRD-07,DI Yogyakarta,5,32000,0.0,160000
2026-03-11,PRD-07,Jawa Tengah,4,32000,0.0,128000
2026-03-11,PRD-07,Jawa Timur,4,32000,0.0,128000
2026-03-11,PRD-07,Jabodetabek,6,32000,0.0,192000
2026-03-11,PRD-08,DI Yogyakarta,4,14000,0.0,56000
2026-03-11,PRD-08,Jawa Tengah,9,14000,10.0,113400
2026-03-11,PRD-08,Jawa Timur,5,14000,0.0,70000
2026-03-11,PRD-08,Jabodetabek,3,14000,0.0,42000
2026-03-12,PRD-01,DI Yogyakarta,21,28000,0.0,588000
2026-03-12,PRD-01,Jawa Tengah,14,28000,0.0,392000
2026-03-12,PRD-01,Jawa Timur,6,28000,0.0,168000
2026-03-12,PRD-01,Jabodetabek,11,28000,5.0,292600
2026-03-12,PRD-02,DI Yogyakarta,11,26000,10.0,257400
2026-03-12,PRD-02,Jawa Tengah,9,26000,0.0,234000
2026-03-12,PRD-02,Jawa Timur,7,26000,15.0,154700
2026-03-12,PRD-02,Jabodetabek,15,26000,0.0,390000
2026-03-12,PRD-03,DI Yogyakarta,6,25000,0.0,150000
2026-03-12,PRD-03,Jawa Tengah,7,25000,0.0,175000
2026-03-12,PRD-03,Jawa Timur,4,25000,0.0,100000
2026-03-12,PRD-03,Jabodetabek,3,25000,10.0,67500
2026-03-12,PRD-04,DI Yogyakarta,17,15000,0.0,255000
2026-03-12,PRD-04,Jawa Tengah,15,15000,0.0,225000
2026-03-12,PRD-04,Jawa Timur,5,15000,0.0,75000
2026-03-12,PRD-04,Jabodetabek,23,15000,0.0,345000
2026-03-12,PRD-05,DI Yogyakarta,4,18000,0.0,72000
2026-03-12,PRD-05,Jawa Tengah,5,18000,0.0,90000
2026-03-12,PRD-05,Jawa Timur,5,18000,0.0,90000
2026-03-12,PRD-05,Jabodetabek,3,18000,5.0,51300
2026-03-12,PRD-06,DI Yogyakarta,20,12000,0.0,240000
2026-03-12,PRD-06,Jawa Tengah,10,12000,5.0,114000
2026-03-12,PRD-06,Jawa Timur,8,12000,10.0,86400
2026-03-12,PRD-06,Jabodetabek,15,12000,10.0,162000
2026-03-12,PRD-07,DI Yogyakarta,3,32000,10.0,86400
2026-03-12,PRD-07,Jawa Tengah,3,32000,10.0,86400
2026-03-12,PRD-07,Jawa Timur,2,32000,0.0,64000
2026-03-12,PRD-07,Jabodetabek,9,32000,0.0,288000
2026-03-12,PRD-08,DI Yogyakarta,13,14000,0.0,182000
2026-03-12,PRD-08,Jawa Tengah,2,14000,0.0,28000
2026-03-12,PRD-08,Jawa Timur,4,14000,0.0,56000
2026-03-12,PRD-08,Jabodetabek,8,14000,10.0,100800
2026-03-13,PRD-01,DI Yogyakarta,27,28000,0.0,756000
2026-03-13,PRD-01,Jawa Tengah,16,28000,0.0,448000
2026-03-13,PRD-01,Jawa Timur,7,28000,0.0,196000
2026-03-13,PRD-01,Jabodetabek,16,28000,0.0,448000
2026-03-13,PRD-02,DI Yogyakarta,14,26000,10.0,327600
2026-03-13,PRD-02,Jawa Tengah,13,26000,0.0,338000
2026-03-13,PRD-02,Jawa Timur,4,26000,0.0,104000
2026-03-13,PRD-02,Jabodetabek,9,26000,0.0,234000
2026-03-13,PRD-03,DI Yogyakarta,4,25000,5.0,95000
2026-03-13,PRD-03,Jawa Tengah,9,25000,0.0,225000
2026-03-13,PRD-03,Jawa Timur,5,25000,0.0,125000
2026-03-13,PRD-03,Jabodetabek,7,25000,0.0,175000
2026-03-13,PRD-04,DI Yogyakarta,23,15000,0.0,345000
2026-03-13,PRD-04,Jawa Tengah,15,15000,0.0,225000
2026-03-13,PRD-04,Jawa Timur,10,15000,0.0,150000
2026-03-13,PRD-04,Jabodetabek,16,15000,0.0,240000
2026-03-13,PRD-05,DI Yogyakarta,3,18000,0.0,54000
2026-03-13,PRD-05,Jawa Tengah,9,18000,0.0,162000
2026-03-13,PRD-05,Jawa Timur,1,18000,5.0,17100
2026-03-13,PRD-05,Jabodetabek,9,18000,0.0,162000
2026-03-13,PRD-06,DI Yogyakarta,22,12000,10.0,237600
2026-03-13,PRD-06,Jawa Tengah,16,12000,0.0,192000
2026-03-13,PRD-06,Jawa Timur,9,12000,0.0,108000
2026-03-13,PRD-06,Jabodetabek,8,12000,0.0,96000
2026-03-13,PRD-07,DI Yogyakarta,4,32000,10.0,115200
2026-03-13,PRD-07,Jawa Tengah,5,32000,0.0,160000
2026-03-13,PRD-07,Jawa Timur,2,32000,0.0,64000
2026-03-13,PRD-07,Jabodetabek,12,32000,5.0,364800
2026-03-13,PRD-08,DI Yogyakarta,13,14000,0.0,182000
2026-03-13,PRD-08,Jawa Tengah,4,14000,10.0,50400
2026-03-13,PRD-08,Jawa Timur,4,14000,0.0,56000
2026-03-13,PRD-08,Jabodetabek,7,14000,0.0,98000
2026-03-14,PRD-01,DI Yogyakarta,21,28000,0.0,588000
2026-03-14,PRD-01,Jawa Tengah,15,28000,0.0,420000
2026-03-14,PRD-01,Jawa Timur,12,28000,0.0,336000
2026-03-14,PRD-01,Jabodetabek,22,28000,5.0,585200
2026-03-14,PRD-02,DI Yogyakarta,12,26000,5.0,296400
2026-03-14,PRD-02,Jawa Tengah,9,26000,0.0,234000
2026-03-14,PRD-02,Jawa Timur,15,26000,10.0,351000
2026-03-14,PRD-02,Jabodetabek,14,26000,0.0,364000
2026-03-14,PRD-03,DI Yogyakarta,15,25000,0.0,375000
2026-03-14,PRD-03,Jawa Tengah,2,25000,0.0,50000
2026-03-14,PRD-03,Jawa Timur,5,25000,10.0,112500
2026-03-14,PRD-03,Jabodetabek,8,25000,0.0,200000
2026-03-14,PRD-04,DI Yogyakarta,25,15000,0.0,375000
2026-03-14,PRD-04,Jawa Tengah,20,15000,0.0,300000
2026-03-14,PRD-04,Jawa Timur,12,15000,5.0,171000
2026-03-14,PRD-04,Jabodetabek,26,15000,10.0,351000
2026-03-14,PRD-05,DI Yogyakarta,9,18000,0.0,162000
2026-03-14,PRD-05,Jawa Tengah,4,18000,0.0,72000
2026-03-14,PRD-05,Jawa Timur,3,18000,5.0,51300
2026-03-14,PRD-05,Jabodetabek,8,18000,0.0,144000
2026-03-14,PRD-06,DI Yogyakarta,12,12000,0.0,144000
2026-03-14,PRD-06,Jawa Tengah,22,12000,0.0,264000
2026-03-14,PRD-06,Jawa Timur,16,12000,10.0,172800
2026-03-14,PRD-06,Jabodetabek,19,12000,0.0,228000
2026-03-14,PRD-07,DI Yogyakarta,8,32000,0.0,256000
2026-03-14,PRD-07,Jawa Tengah,3,32000,10.0,86400
2026-03-14,PRD-07,Jawa Timur,7,32000,0.0,224000
2026-03-14,PRD-07,Jabodetabek,9,32000,0.0,288000
2026-03-14,PRD-08,DI Yogyakarta,12,14000,0.0,168000
2026-03-14,PRD-08,Jawa Tengah,9,14000,0.0,126000
2026-03-14,PRD-08,Jawa Timur,11,14000,10.0,138600
2026-03-14,PRD-08,Jabodetabek,10,14000,0.0,140000
2026-03-15,PRD-01,DI Yogyakarta,24,28000,15.0,571200
2026-03-15,PRD-01,Jawa Tengah,21,28000,10.0,529200
2026-03-15,PRD-01,Jawa Timur,15,28000,0.0,420000
2026-03-15,PRD-01,Jabodetabek,31,28000,0.0,868000
2026-03-15,PRD-02,DI Yogyakarta,14,26000,5.0,345800
2026-03-15,PRD-02,Jawa Tengah,6,26000,0.0,156000
2026-03-15,PRD-02,Jawa Timur,8,26000,0.0,208000
2026-03-15,PRD-02,Jabodetabek,10,26000,0.0,260000
2026-03-15,PRD-03,DI Yogyakarta,6,25000,0.0,150000
2026-03-15,PRD-03,Jawa Tengah,10,25000,0.0,250000
2026-03-15,PRD-03,Jawa Timur,1,25000,0.0,25000
2026-03-15,PRD-03,Jabodetabek,11,25000,0.0,275000
2026-03-15,PRD-04,DI Yogyakarta,27,15000,0.0,405000
2026-03-15,PRD-04,Jawa Tengah,22,15000,0.0,330000
2026-03-15,PRD-04,Jawa Timur,10,15000,0.0,150000
2026-03-15,PRD-04,Jabodetabek,15,15000,0.0,225000
2026-03-15,PRD-05,DI Yogyakarta,14,18000,0.0,252000
2026-03-15,PRD-05,Jawa Tengah,5,18000,0.0,90000
2026-03-15,PRD-05,Jawa Timur,4,18000,0.0,72000
2026-03-15,PRD-05,Jabodetabek,10,18000,5.0,171000
2026-03-15,PRD-06,DI Yogyakarta,22,12000,0.0,264000
2026-03-15,PRD-06,Jawa Tengah,19,12000,10.0,205200
2026-03-15,PRD-06,Jawa Timur,7,12000,0.0,84000
2026-03-15,PRD-06,Jabodetabek,21,12000,5.0,239400
2026-03-15,PRD-07,DI Yogyakarta,4,32000,5.0,121600
2026-03-15,PRD-07,Jawa Tengah,6,32000,0.0,192000
2026-03-15,PRD-07,Jawa Timur,6,32000,0.0,192000
2026-03-15,PRD-07,Jabodetabek,7,32000,0.0,224000
2026-03-15,PRD-08,DI Yogyakarta,5,14000,0.0,70000
2026-03-15,PRD-08,Jawa Tengah,15,14000,0.0,210000
2026-03-15,PRD-08,Jawa Timur,3,14000,0.0,42000
2026-03-15,PRD-08,Jabodetabek,5,14000,15.0,59500
2026-03-16,PRD-01,DI Yogyakarta,18,28000,0.0,504000
2026-03-16,PRD-01,Jawa Tengah,12,28000,0.0,336000
2026-03-16,PRD-01,Jawa Timur,11,28000,0.0,308000
2026-03-16,PRD-01,Jabodetabek,20,28000,0.0,560000
2026-03-16,PRD-02,DI Yogyakarta,19,26000,5.0,469300
2026-03-16,PRD-02,Jawa Tengah,11,26000,0.0,286000
2026-03-16,PRD-02,Jawa Timur,5,26000,0.0,130000
2026-03-16,PRD-02,Jabodetabek,13,26000,0.0,338000
2026-03-16,PRD-03,DI Yogyakarta,8,25000,0.0,200000
2026-03-16,PRD-03,Jawa Tengah,4,25000,5.0,95000
2026-03-16,PRD-03,Jawa Timur,6,25000,0.0,150000
2026-03-16,PRD-03,Jabodetabek,3,25000,0.0,75000
2026-03-16,PRD-04,DI Yogyakarta,23,15000,0.0,345000
2026-03-16,PRD-04,Jawa Tengah,15,15000,0.0,225000
2026-03-16,PRD-04,Jawa Timur,8,15000,0.0,120000
2026-03-16,PRD-04,Jabodetabek,15,15000,0.0,225000
2026-03-16,PRD-05,DI Yogyakarta,6,18000,15.0,91800
2026-03-16,PRD-05,Jawa Tengah,6,18000,0.0,108000
2026-03-16,PRD-05,Jawa Timur,4,18000,0.0,72000
2026-03-16,PRD-05,Jabodetabek,7,18000,0.0,126000
2026-03-16,PRD-06,DI Yogyakarta,18,12000,0.0,216000
2026-03-16,PRD-06,Jawa Tengah,15,12000,0.0,180000
2026-03-16,PRD-06,Jawa Timur,5,12000,0.0,60000
2026-03-16,PRD-06,Jabodetabek,13,12000,0.0,156000
2026-03-16,PRD-07,DI Yogyakarta,6,32000,0.0,192000
2026-03-16,PRD-07,Jawa Tengah,3,32000,0.0,96000
2026-03-16,PRD-07,Jawa Timur,3,32000,0.0,96000
2026-03-16,PRD-07,Jabodetabek,4,32000,0.0,128000
2026-03-16,PRD-08,DI Yogyakarta,10,14000,0.0,140000
2026-03-16,PRD-08,Jawa Tengah,6,14000,10.0,75600
2026-03-16,PRD-08,Jawa Timur,5,14000,0.0,70000
2026-03-16,PRD-08,Jabodetabek,5,14000,5.0,66500
2026-03-17,PRD-01,DI Yogyakarta,11,28000,0.0,308000
2026-03-17,PRD-01,Jawa Tengah,9,28000,0.0,252000
2026-03-17,PRD-01,Jawa Timur,12,28000,0.0,336000
2026-03-17,PRD-01,Jabodetabek,14,28000,10.0,352800
2026-03-17,PRD-02,DI Yogyakarta,11,26000,0.0,286000
2026-03-17,PRD-02,Jawa Tengah,14,26000,10.0,327600
2026-03-17,PRD-02,Jawa Timur,8,26000,0.0,208000
2026-03-17,PRD-02,Jabodetabek,15,26000,0.0,390000
2026-03-17,PRD-03,DI Yogyakarta,12,25000,0.0,300000
2026-03-17,PRD-03,Jawa Tengah,12,25000,0.0,300000
2026-03-17,PRD-03,Jawa Timur,3,25000,0.0,75000
2026-03-17,PRD-03,Jabodetabek,7,25000,10.0,157500
2026-03-17,PRD-04,DI Yogyakarta,15,15000,0.0,225000
2026-03-17,PRD-04,Jawa Tengah,15,15000,0.0,225000
2026-03-17,PRD-04,Jawa Timur,18,15000,0.0,270000
2026-03-17,PRD-04,Jabodetabek,23,15000,5.0,327750
2026-03-17,PRD-05,DI Yogyakarta,7,18000,0.0,126000
2026-03-17,PRD-05,Jawa Tengah,5,18000,0.0,90000
2026-03-17,PRD-05,Jawa Timur,6,18000,0.0,108000
2026-03-17,PRD-05,Jabodetabek,6,18000,0.0,108000
2026-03-17,PRD-06,DI Yogyakarta,20,12000,0.0,240000
2026-03-17,PRD-06,Jawa Tengah,9,12000,0.0,108000
2026-03-17,PRD-06,Jawa Timur,14,12000,0.0,168000
2026-03-17,PRD-06,Jabodetabek,16,12000,0.0,192000
2026-03-17,PRD-07,DI Yogyakarta,3,32000,0.0,96000
2026-03-17,PRD-07,Jawa Tengah,8,32000,0.0,256000
2026-03-17,PRD-07,Jawa Timur,3,32000,0.0,96000
2026-03-17,PRD-07,Jabodetabek,5,32000,0.0,160000
2026-03-17,PRD-08,DI Yogyakarta,9,14000,10.0,113400
2026-03-17,PRD-08,Jawa Tengah,7,14000,0.0,98000
2026-03-17,PRD-08,Jawa Timur,2,14000,0.0,28000
2026-03-17,PRD-08,Jabodetabek,7,14000,0.0,98000
2026-03-18,PRD-01,DI Yogyakarta,11,28000,0.0,308000
2026-03-18,PRD-01,Jawa Tengah,18,28000,0.0,504000
2026-03-18,PRD-01,Jawa Timur,10,28000,10.0,252000
2026-03-18,PRD-01,Jabodetabek,12,28000,0.0,336000
2026-03-18,PRD-02,DI Yogyakarta,13,26000,0.0,338000
2026-03-18,PRD-02,Jawa Tengah,11,26000,0.0,286000
2026-03-18,PRD-02,Jawa Timur,4,26000,0.0,104000
2026-03-18,PRD-02,Jabodetabek,16,26000,0.0,416000
2026-03-18,PRD-03,DI Yogyakarta,8,25000,0.0,200000
2026-03-18,PRD-03,Jawa Tengah,5,25000,5.0,118750
2026-03-18,PRD-03,Jawa Timur,6,25000,0.0,150000
2026-03-18,PRD-03,Jabodetabek,5,25000,0.0,125000
2026-03-18,PRD-04,DI Yogyakarta,25,15000,10.0,337500
2026-03-18,PRD-04,Jawa Tengah,19,15000,0.0,285000
2026-03-18,PRD-04,Jawa Timur,11,15000,0.0,165000
2026-03-18,PRD-04,Jabodetabek,14,15000,0.0,210000
2026-03-18,PRD-05,DI Yogyakarta,5,18000,0.0,90000
2026-03-18,PRD-05,Jawa Tengah,4,18000,0.0,72000
2026-03-18,PRD-05,Jawa Timur,3,18000,0.0,54000
2026-03-18,PRD-05,Jabodetabek,5,18000,0.0,90000
2026-03-18,PRD-06,DI Yogyakarta,17,12000,0.0,204000
2026-03-18,PRD-06,Jawa Tengah,13,12000,10.0,140400
2026-03-18,PRD-06,Jawa Timur,16,12000,10.0,172800
2026-03-18,PRD-06,Jabodetabek,13,12000,0.0,156000
2026-03-18,PRD-07,DI Yogyakarta,7,32000,5.0,212800
2026-03-18,PRD-07,Jawa Tengah,3,32000,0.0,96000
2026-03-18,PRD-07,Jawa Timur,3,32000,0.0,96000
2026-03-18,PRD-07,Jabodetabek,2,32000,5.0,60800
2026-03-18,PRD-08,DI Yogyakarta,8,14000,0.0,112000
2026-03-18,PRD-08,Jawa Tengah,4,14000,0.0,56000
2026-03-18,PRD-08,Jawa Timur,3,14000,0.0,42000
2026-03-18,PRD-08,Jabodetabek,7,14000,15.0,83300
2026-03-19,PRD-01,DI Yogyakarta,15,28000,0.0,420000
2026-03-19,PRD-01,Jawa Tengah,13,28000,15.0,309400
2026-03-19,PRD-01,Jawa Timur,12,28000,10.0,302400
2026-03-19,PRD-01,Jabodetabek,14,28000,0.0,392000
2026-03-19,PRD-02,DI Yogyakarta,15,26000,0.0,390000
2026-03-19,PRD-02,Jawa Tengah,12,26000,0.0,312000
2026-03-19,PRD-02,Jawa Timur,9,26000,0.0,234000
2026-03-19,PRD-02,Jabodetabek,12,26000,0.0,312000
2026-03-19,PRD-03,DI Yogyakarta,13,25000,0.0,325000
2026-03-19,PRD-03,Jawa Tengah,6,25000,5.0,142500
2026-03-19,PRD-03,Jawa Timur,2,25000,0.0,50000
2026-03-19,PRD-03,Jabodetabek,6,25000,0.0,150000
2026-03-19,PRD-04,DI Yogyakarta,21,15000,5.0,299250
2026-03-19,PRD-04,Jawa Tengah,13,15000,0.0,195000
2026-03-19,PRD-04,Jawa Timur,11,15000,0.0,165000
2026-03-19,PRD-04,Jabodetabek,20,15000,0.0,300000
2026-03-19,PRD-05,DI Yogyakarta,8,18000,0.0,144000
2026-03-19,PRD-05,Jawa Tengah,0,18000,0.0,0
2026-03-19,PRD-05,Jawa Timur,5,18000,0.0,90000
2026-03-19,PRD-05,Jabodetabek,6,18000,0.0,108000
2026-03-19,PRD-06,DI Yogyakarta,17,12000,0.0,204000
2026-03-19,PRD-06,Jawa Tengah,7,12000,5.0,79800
2026-03-19,PRD-06,Jawa Timur,9,12000,15.0,91800
2026-03-19,PRD-06,Jabodetabek,10,12000,0.0,120000
2026-03-19,PRD-07,DI Yogyakarta,4,32000,0.0,128000
2026-03-19,PRD-07,Jawa Tengah,12,32000,10.0,345600
2026-03-19,PRD-07,Jawa Timur,2,32000,0.0,64000
2026-03-19,PRD-07,Jabodetabek,3,32000,10.0,86400
2026-03-19,PRD-08,DI Yogyakarta,11,14000,0.0,154000
2026-03-19,PRD-08,Jawa Tengah,4,14000,0.0,56000
2026-03-19,PRD-08,Jawa Timur,11,14000,0.0,154000
2026-03-19,PRD-08,Jabodetabek,10,14000,0.0,140000
2026-03-20,PRD-01,DI Yogyakarta,21,28000,0.0,588000
2026-03-20,PRD-01,Jawa Tengah,16,28000,0.0,448000
2026-03-20,PRD-01,Jawa Timur,4,28000,0.0,112000
2026-03-20,PRD-01,Jabodetabek,12,28000,15.0,285600
2026-03-20,PRD-02,DI Yogyakarta,13,26000,0.0,338000
2026-03-20,PRD-02,Jawa Tengah,5,26000,10.0,117000
2026-03-20,PRD-02,Jawa Timur,8,26000,0.0,208000
2026-03-20,PRD-02,Jabodetabek,12,26000,0.0,312000
2026-03-20,PRD-03,DI Yogyakarta,12,25000,15.0,255000
2026-03-20,PRD-03,Jawa Tengah,7,25000,0.0,175000
2026-03-20,PRD-03,Jawa Timur,4,25000,5.0,95000
2026-03-20,PRD-03,Jabodetabek,9,25000,0.0,225000
2026-03-20,PRD-04,DI Yogyakarta,13,15000,0.0,195000
2026-03-20,PRD-04,Jawa Tengah,13,15000,15.0,165750
2026-03-20,PRD-04,Jawa Timur,9,15000,5.0,128250
2026-03-20,PRD-04,Jabodetabek,22,15000,5.0,313500
2026-03-20,PRD-05,DI Yogyakarta,9,18000,5.0,153900
2026-03-20,PRD-05,Jawa Tengah,1,18000,10.0,16200
2026-03-20,PRD-05,Jawa Timur,2,18000,0.0,36000
2026-03-20,PRD-05,Jabodetabek,11,18000,5.0,188100
2026-03-20,PRD-06,DI Yogyakarta,10,12000,15.0,102000
2026-03-20,PRD-06,Jawa Tengah,6,12000,10.0,64800
2026-03-20,PRD-06,Jawa Timur,11,12000,0.0,132000
2026-03-20,PRD-06,Jabodetabek,15,12000,0.0,180000
2026-03-20,PRD-07,DI Yogyakarta,6,32000,5.0,182400
2026-03-20,PRD-07,Jawa Tengah,3,32000,0.0,96000
2026-03-20,PRD-07,Jawa Timur,5,32000,10.0,144000
2026-03-20,PRD-07,Jabodetabek,7,32000,0.0,224000
2026-03-20,PRD-08,DI Yogyakarta,9,14000,5.0,119700
2026-03-20,PRD-08,Jawa Tengah,8,14000,0.0,112000
2026-03-20,PRD-08,Jawa Timur,2,14000,0.0,28000
2026-03-20,PRD-08,Jabodetabek,10,14000,0.0,140000
2026-03-21,PRD-01,DI Yogyakarta,19,28000,0.0,532000
2026-03-21,PRD-01,Jawa Tengah,21,28000,0.0,588000
2026-03-21,PRD-01,Jawa Timur,13,28000,0.0,364000
2026-03-21,PRD-01,Jabodetabek,19,28000,0.0,532000
2026-03-21,PRD-02,DI Yogyakarta,21,26000,0.0,546000
2026-03-21,PRD-02,Jawa Tengah,11,26000,0.0,286000
2026-03-21,PRD-02,Jawa Timur,11,26000,0.0,286000
2026-03-21,PRD-02,Jabodetabek,25,26000,0.0,650000
2026-03-21,PRD-03,DI Yogyakarta,10,25000,0.0,250000
2026-03-21,PRD-03,Jawa Tengah,12,25000,15.0,255000
2026-03-21,PRD-03,Jawa Timur,7,25000,0.0,175000
2026-03-21,PRD-03,Jabodetabek,12,25000,0.0,300000
2026-03-21,PRD-04,DI Yogyakarta,25,15000,0.0,375000
2026-03-21,PRD-04,Jawa Tengah,23,15000,5.0,327750
2026-03-21,PRD-04,Jawa Timur,8,15000,0.0,120000
2026-03-21,PRD-04,Jabodetabek,24,15000,0.0,360000
2026-03-21,PRD-05,DI Yogyakarta,9,18000,0.0,162000
2026-03-21,PRD-05,Jawa Tengah,8,18000,0.0,144000
2026-03-21,PRD-05,Jawa Timur,7,18000,0.0,126000
2026-03-21,PRD-05,Jabodetabek,6,18000,0.0,108000
2026-03-21,PRD-06,DI Yogyakarta,30,12000,0.0,360000
2026-03-21,PRD-06,Jawa Tengah,19,12000,0.0,228000
2026-03-21,PRD-06,Jawa Timur,3,12000,0.0,36000
2026-03-21,PRD-06,Jabodetabek,21,12000,0.0,252000
2026-03-21,PRD-07,DI Yogyakarta,9,32000,0.0,288000
2026-03-21,PRD-07,Jawa Tengah,3,32000,0.0,96000
2026-03-21,PRD-07,Jawa Timur,3,32000,0.0,96000
2026-03-21,PRD-07,Jabodetabek,7,32000,0.0,224000
2026-03-21,PRD-08,DI Yogyakarta,9,14000,15.0,107100
2026-03-21,PRD-08,Jawa Tengah,4,14000,0.0,56000
2026-03-21,PRD-08,Jawa Timur,9,14000,0.0,126000
2026-03-21,PRD-08,Jabodetabek,8,14000,0.0,112000
2026-03-22,PRD-01,DI Yogyakarta,24,28000,0.0,672000
2026-03-22,PRD-01,Jawa Tengah,19,28000,0.0,532000
2026-03-22,PRD-01,Jawa Timur,9,28000,0.0,252000
2026-03-22,PRD-01,Jabodetabek,21,28000,0.0,588000
2026-03-22,PRD-02,DI Yogyakarta,20,26000,0.0,520000
2026-03-22,PRD-02,Jawa Tengah,11,26000,0.0,286000
2026-03-22,PRD-02,Jawa Timur,8,26000,0.0,208000
2026-03-22,PRD-02,Jabodetabek,13,26000,5.0,321100
2026-03-22,PRD-03,DI Yogyakarta,9,25000,0.0,225000
2026-03-22,PRD-03,Jawa Tengah,4,25000,0.0,100000
2026-03-22,PRD-03,Jawa Timur,5,25000,0.0,125000
2026-03-22,PRD-03,Jabodetabek,11,25000,0.0,275000
2026-03-22,PRD-04,DI Yogyakarta,42,15000,10.0,567000
2026-03-22,PRD-04,Jawa Tengah,19,15000,5.0,270750
2026-03-22,PRD-04,Jawa Timur,20,15000,0.0,300000
2026-03-22,PRD-04,Jabodetabek,30,15000,15.0,382500
2026-03-22,PRD-05,DI Yogyakarta,7,18000,15.0,107100
2026-03-22,PRD-05,Jawa Tengah,6,18000,0.0,108000
2026-03-22,PRD-05,Jawa Timur,7,18000,0.0,126000
2026-03-22,PRD-05,Jabodetabek,9,18000,0.0,162000
2026-03-22,PRD-06,DI Yogyakarta,23,12000,5.0,262200
2026-03-22,PRD-06,Jawa Tengah,21,12000,0.0,252000
2026-03-22,PRD-06,Jawa Timur,16,12000,0.0,192000
2026-03-22,PRD-06,Jabodetabek,25,12000,10.0,270000
2026-03-22,PRD-07,DI Yogyakarta,12,32000,0.0,384000
2026-03-22,PRD-07,Jawa Tengah,8,32000,0.0,256000
2026-03-22,PRD-07,Jawa Timur,6,32000,0.0,192000
2026-03-22,PRD-07,Jabodetabek,7,32000,0.0,224000
2026-03-22,PRD-08,DI Yogyakarta,13,14000,0.0,182000
2026-03-22,PRD-08,Jawa Tengah,7,14000,0.0,98000
2026-03-22,PRD-08,Jawa Timur,11,14000,0.0,154000
2026-03-22,PRD-08,Jabodetabek,14,14000,10.0,176400
2026-03-23,PRD-01,DI Yogyakarta,15,28000,0.0,420000
2026-03-23,PRD-01,Jawa Tengah,12,28000,0.0,336000
2026-03-23,PRD-01,Jawa Timur,11,28000,0.0,308000
2026-03-23,PRD-01,Jabodetabek,11,28000,0.0,308000
2026-03-23,PRD-02,DI Yogyakarta,17,26000,0.0,442000
2026-03-23,PRD-02,Jawa Tengah,6,26000,0.0,156000
2026-03-23,PRD-02,Jawa Timur,5,26000,0.0,130000
2026-03-23,PRD-02,Jabodetabek,16,26000,15.0,353600
2026-03-23,PRD-03,DI Yogyakarta,2,25000,0.0,50000
2026-03-23,PRD-03,Jawa Tengah,9,25000,0.0,225000
2026-03-23,PRD-03,Jawa Timur,4,25000,0.0,100000
2026-03-23,PRD-03,Jabodetabek,10,25000,0.0,250000
2026-03-23,PRD-04,DI Yogyakarta,26,15000,0.0,390000
2026-03-23,PRD-04,Jawa Tengah,19,15000,10.0,256500
2026-03-23,PRD-04,Jawa Timur,9,15000,0.0,135000
2026-03-23,PRD-04,Jabodetabek,27,15000,0.0,405000
2026-03-23,PRD-05,DI Yogyakarta,10,18000,0.0,180000
2026-03-23,PRD-05,Jawa Tengah,12,18000,10.0,194400
2026-03-23,PRD-05,Jawa Timur,1,18000,10.0,16200
2026-03-23,PRD-05,Jabodetabek,5,18000,0.0,90000
2026-03-23,PRD-06,DI Yogyakarta,18,12000,0.0,216000
2026-03-23,PRD-06,Jawa Tengah,16,12000,0.0,192000
2026-03-23,PRD-06,Jawa Timur,9,12000,0.0,108000
2026-03-23,PRD-06,Jabodetabek,13,12000,5.0,148200
2026-03-23,PRD-07,DI Yogyakarta,7,32000,10.0,201600
2026-03-23,PRD-07,Jawa Tengah,3,32000,0.0,96000
2026-03-23,PRD-07,Jawa Timur,3,32000,5.0,91200
2026-03-23,PRD-07,Jabodetabek,4,32000,15.0,108800
2026-03-23,PRD-08,DI Yogyakarta,9,14000,0.0,126000
2026-03-23,PRD-08,Jawa Tengah,9,14000,0.0,126000
2026-03-23,PRD-08,Jawa Timur,4,14000,0.0,56000
2026-03-23,PRD-08,Jabodetabek,10,14000,5.0,133000
2026-03-24,PRD-01,DI Yogyakarta,15,28000,10.0,378000
2026-03-24,PRD-01,Jawa Tengah,12,28000,0.0,336000
2026-03-24,PRD-01,Jawa Timur,15,28000,0.0,420000
2026-03-24,PRD-01,Jabodetabek,10,28000,10.0,252000
2026-03-24,PRD-02,DI Yogyakarta,13,26000,0.0,338000
2026-03-24,PRD-02,Jawa Tengah,7,26000,0.0,182000
2026-03-24,PRD-02,Jawa Timur,6,26000,0.0,156000
2026-03-24,PRD-02,Jabodetabek,11,26000,5.0,271700
2026-03-24,PRD-03,DI Yogyakarta,9,25000,0.0,225000
2026-03-24,PRD-03,Jawa Tengah,9,25000,0.0,225000
2026-03-24,PRD-03,Jawa Timur,4,25000,0.0,100000
2026-03-24,PRD-03,Jabodetabek,8,25000,0.0,200000
2026-03-24,PRD-04,DI Yogyakarta,19,15000,0.0,285000
2026-03-24,PRD-04,Jawa Tengah,13,15000,0.0,195000
2026-03-24,PRD-04,Jawa Timur,9,15000,0.0,135000
2026-03-24,PRD-04,Jabodetabek,11,15000,0.0,165000
2026-03-24,PRD-05,DI Yogyakarta,7,18000,0.0,126000
2026-03-24,PRD-05,Jawa Tengah,10,18000,0.0,180000
2026-03-24,PRD-05,Jawa Timur,2,18000,0.0,36000
2026-03-24,PRD-05,Jabodetabek,5,18000,10.0,81000
2026-03-24,PRD-06,DI Yogyakarta,13,12000,0.0,156000
2026-03-24,PRD-06,Jawa Tengah,17,12000,0.0,204000
2026-03-24,PRD-06,Jawa Timur,11,12000,0.0,132000
2026-03-24,PRD-06,Jabodetabek,13,12000,0.0,156000
2026-03-24,PRD-07,DI Yogyakarta,4,32000,0.0,128000
2026-03-24,PRD-07,Jawa Tengah,6,32000,0.0,192000
2026-03-24,PRD-07,Jawa Timur,5,32000,0.0,160000
2026-03-24,PRD-07,Jabodetabek,5,32000,5.0,152000
2026-03-24,PRD-08,DI Yogyakarta,9,14000,0.0,126000
2026-03-24,PRD-08,Jawa Tengah,10,14000,0.0,140000
2026-03-24,PRD-08,Jawa Timur,6,14000,0.0,84000
2026-03-24,PRD-08,Jabodetabek,6,14000,0.0,84000
2026-03-25,PRD-01,DI Yogyakarta,20,28000,0.0,560000
2026-03-25,PRD-01,Jawa Tengah,10,28000,0.0,280000
2026-03-25,PRD-01,Jawa Timur,18,28000,0.0,504000
2026-03-25,PRD-01,Jabodetabek,20,28000,0.0,560000
2026-03-25,PRD-02,DI Yogyakarta,22,26000,0.0,572000
2026-03-25,PRD-02,Jawa Tengah,4,26000,10.0,93600
2026-03-25,PRD-02,Jawa Timur,7,26000,0.0,182000
2026-03-25,PRD-02,Jabodetabek,12,26000,0.0,312000
2026-03-25,PRD-03,DI Yogyakarta,8,25000,0.0,200000
2026-03-25,PRD-03,Jawa Tengah,6,25000,0.0,150000
2026-03-25,PRD-03,Jawa Timur,6,25000,0.0,150000
2026-03-25,PRD-03,Jabodetabek,5,25000,0.0,125000
2026-03-25,PRD-04,DI Yogyakarta,22,15000,0.0,330000
2026-03-25,PRD-04,Jawa Tengah,13,15000,0.0,195000
2026-03-25,PRD-04,Jawa Timur,12,15000,0.0,180000
2026-03-25,PRD-04,Jabodetabek,18,15000,0.0,270000
2026-03-25,PRD-05,DI Yogyakarta,7,18000,0.0,126000
2026-03-25,PRD-05,Jawa Tengah,6,18000,0.0,108000
2026-03-25,PRD-05,Jawa Timur,2,18000,0.0,36000
2026-03-25,PRD-05,Jabodetabek,5,18000,0.0,90000
2026-03-25,PRD-06,DI Yogyakarta,19,12000,0.0,228000
2026-03-25,PRD-06,Jawa Tengah,17,12000,0.0,204000
2026-03-25,PRD-06,Jawa Timur,11,12000,5.0,125400
2026-03-25,PRD-06,Jabodetabek,14,12000,0.0,168000
2026-03-25,PRD-07,DI Yogyakarta,4,32000,0.0,128000
2026-03-25,PRD-07,Jawa Tengah,3,32000,0.0,96000
2026-03-25,PRD-07,Jawa Timur,2,32000,0.0,64000
2026-03-25,PRD-07,Jabodetabek,8,32000,5.0,243200
2026-03-25,PRD-08,DI Yogyakarta,7,14000,0.0,98000
2026-03-25,PRD-08,Jawa Tengah,6,14000,0.0,84000
2026-03-25,PRD-08,Jawa Timur,4,14000,0.0,56000
2026-03-25,PRD-08,Jabodetabek,9,14000,0.0,126000
2026-03-26,PRD-01,DI Yogyakarta,17,28000,0.0,476000
2026-03-26,PRD-01,Jawa Tengah,11,28000,0.0,308000
2026-03-26,PRD-01,Jawa Timur,11,28000,0.0,308000
2026-03-26,PRD-01,Jabodetabek,20,28000,0.0,560000
2026-03-26,PRD-02,DI Yogyakarta,14,26000,0.0,364000
2026-03-26,PRD-02,Jawa Tengah,12,26000,0.0,312000
2026-03-26,PRD-02,Jawa Timur,5,26000,0.0,130000
2026-03-26,PRD-02,Jabodetabek,10,26000,0.0,260000
2026-03-26,PRD-03,DI Yogyakarta,5,25000,0.0,125000
2026-03-26,PRD-03,Jawa Tengah,4,25000,0.0,100000
2026-03-26,PRD-03,Jawa Timur,1,25000,0.0,25000
2026-03-26,PRD-03,Jabodetabek,7,25000,0.0,175000
2026-03-26,PRD-04,DI Yogyakarta,25,15000,0.0,375000
2026-03-26,PRD-04,Jawa Tengah,20,15000,0.0,300000
2026-03-26,PRD-04,Jawa Timur,13,15000,0.0,195000
2026-03-26,PRD-04,Jabodetabek,15,15000,0.0,225000
2026-03-26,PRD-05,DI Yogyakarta,11,18000,0.0,198000
2026-03-26,PRD-05,Jawa Tengah,7,18000,0.0,126000
2026-03-26,PRD-05,Jawa Timur,2,18000,0.0,36000
2026-03-26,PRD-05,Jabodetabek,7,18000,0.0,126000
2026-03-26,PRD-06,DI Yogyakarta,23,12000,5.0,262200
2026-03-26,PRD-06,Jawa Tengah,10,12000,0.0,120000
2026-03-26,PRD-06,Jawa Timur,8,12000,10.0,86400
2026-03-26,PRD-06,Jabodetabek,11,12000,0.0,132000
2026-03-26,PRD-07,DI Yogyakarta,8,32000,10.0,230400
2026-03-26,PRD-07,Jawa Tengah,5,32000,0.0,160000
2026-03-26,PRD-07,Jawa Timur,3,32000,0.0,96000
2026-03-26,PRD-07,Jabodetabek,9,32000,0.0,288000
2026-03-26,PRD-08,DI Yogyakarta,12,14000,0.0,168000
2026-03-26,PRD-08,Jawa Tengah,8,14000,0.0,112000
2026-03-26,PRD-08,Jawa Timur,5,14000,0.0,70000
2026-03-26,PRD-08,Jabodetabek,11,14000,0.0,154000
2026-03-27,PRD-01,DI Yogyakarta,16,28000,15.0,380800
2026-03-27,PRD-01,Jawa Tengah,14,28000,0.0,392000
2026-03-27,PRD-01,Jawa Timur,13,28000,0.0,364000
2026-03-27,PRD-01,Jabodetabek,13,28000,0.0,364000
2026-03-27,PRD-02,DI Yogyakarta,11,26000,0.0,286000
2026-03-27,PRD-02,Jawa Tengah,11,26000,0.0,286000
2026-03-27,PRD-02,Jawa Timur,7,26000,0.0,182000
2026-03-27,PRD-02,Jabodetabek,17,26000,0.0,442000
2026-03-27,PRD-03,DI Yogyakarta,11,25000,0.0,275000
2026-03-27,PRD-03,Jawa Tengah,5,25000,0.0,125000
2026-03-27,PRD-03,Jawa Timur,2,25000,5.0,47500
2026-03-27,PRD-03,Jabodetabek,7,25000,10.0,157500
2026-03-27,PRD-04,DI Yogyakarta,26,15000,0.0,390000
2026-03-27,PRD-04,Jawa Tengah,17,15000,0.0,255000
2026-03-27,PRD-04,Jawa Timur,13,15000,0.0,195000
2026-03-27,PRD-04,Jabodetabek,24,15000,10.0,324000
2026-03-27,PRD-05,DI Yogyakarta,12,18000,0.0,216000
2026-03-27,PRD-05,Jawa Tengah,8,18000,0.0,144000
2026-03-27,PRD-05,Jawa Timur,1,18000,5.0,17100
2026-03-27,PRD-05,Jabodetabek,7,18000,0.0,126000
2026-03-27,PRD-06,DI Yogyakarta,15,12000,0.0,180000
2026-03-27,PRD-06,Jawa Tengah,14,12000,0.0,168000
2026-03-27,PRD-06,Jawa Timur,14,12000,0.0,168000
2026-03-27,PRD-06,Jabodetabek,12,12000,0.0,144000
2026-03-27,PRD-07,DI Yogyakarta,4,32000,5.0,121600
2026-03-27,PRD-07,Jawa Tengah,5,32000,0.0,160000
2026-03-27,PRD-07,Jawa Timur,10,32000,10.0,288000
2026-03-27,PRD-07,Jabodetabek,8,32000,0.0,256000
2026-03-27,PRD-08,DI Yogyakarta,11,14000,0.0,154000
2026-03-27,PRD-08,Jawa Tengah,10,14000,0.0,140000
2026-03-27,PRD-08,Jawa Timur,3,14000,0.0,42000
2026-03-27,PRD-08,Jabodetabek,13,14000,0.0,182000
2026-03-28,PRD-01,DI Yogyakarta,18,28000,10.0,453600
2026-03-28,PRD-01,Jawa Tengah,20,28000,0.0,560000
2026-03-28,PRD-01,Jawa Timur,10,28000,0.0,280000
2026-03-28,PRD-01,Jabodetabek,21,28000,0.0,588000
2026-03-28,PRD-02,DI Yogyakarta,19,26000,0.0,494000
2026-03-28,PRD-02,Jawa Tengah,14,26000,0.0,364000
2026-03-28,PRD-02,Jawa Timur,7,26000,0.0,182000
2026-03-28,PRD-02,Jabodetabek,15,26000,15.0,331500
2026-03-28,PRD-03,DI Yogyakarta,16,25000,0.0,400000
2026-03-28,PRD-03,Jawa Tengah,4,25000,0.0,100000
2026-03-28,PRD-03,Jawa Timur,4,25000,0.0,100000
2026-03-28,PRD-03,Jabodetabek,6,25000,0.0,150000
2026-03-28,PRD-04,DI Yogyakarta,29,15000,0.0,435000
2026-03-28,PRD-04,Jawa Tengah,24,15000,0.0,360000
2026-03-28,PRD-04,Jawa Timur,15,15000,0.0,225000
2026-03-28,PRD-04,Jabodetabek,37,15000,15.0,471750
2026-03-28,PRD-05,DI Yogyakarta,7,18000,0.0,126000
2026-03-28,PRD-05,Jawa Tengah,6,18000,0.0,108000
2026-03-28,PRD-05,Jawa Timur,7,18000,0.0,126000
2026-03-28,PRD-05,Jabodetabek,9,18000,0.0,162000
2026-03-28,PRD-06,DI Yogyakarta,21,12000,0.0,252000
2026-03-28,PRD-06,Jawa Tengah,26,12000,0.0,312000
2026-03-28,PRD-06,Jawa Timur,11,12000,0.0,132000
2026-03-28,PRD-06,Jabodetabek,20,12000,0.0,240000
2026-03-28,PRD-07,DI Yogyakarta,4,32000,0.0,128000
2026-03-28,PRD-07,Jawa Tengah,9,32000,5.0,273600
2026-03-28,PRD-07,Jawa Timur,3,32000,10.0,86400
2026-03-28,PRD-07,Jabodetabek,6,32000,5.0,182400
2026-03-28,PRD-08,DI Yogyakarta,13,14000,0.0,182000
2026-03-28,PRD-08,Jawa Tengah,4,14000,10.0,50400
2026-03-28,PRD-08,Jawa Timur,13,14000,0.0,182000
2026-03-28,PRD-08,Jabodetabek,16,14000,5.0,212800
2026-03-29,PRD-01,DI Yogyakarta,22,28000,0.0,616000
2026-03-29,PRD-01,Jawa Tengah,16,28000,0.0,448000
2026-03-29,PRD-01,Jawa Timur,12,28000,0.0,336000
2026-03-29,PRD-01,Jabodetabek,11,28000,0.0,308000
2026-03-29,PRD-02,DI Yogyakarta,18,26000,0.0,468000
2026-03-29,PRD-02,Jawa Tengah,8,26000,0.0,208000
2026-03-29,PRD-02,Jawa Timur,11,26000,0.0,286000
2026-03-29,PRD-02,Jabodetabek,22,26000,0.0,572000
2026-03-29,PRD-03,DI Yogyakarta,12,25000,5.0,285000
2026-03-29,PRD-03,Jawa Tengah,10,25000,0.0,250000
2026-03-29,PRD-03,Jawa Timur,5,25000,0.0,125000
2026-03-29,PRD-03,Jabodetabek,12,25000,0.0,300000
2026-03-29,PRD-04,DI Yogyakarta,29,15000,0.0,435000
2026-03-29,PRD-04,Jawa Tengah,25,15000,0.0,375000
2026-03-29,PRD-04,Jawa Timur,22,15000,0.0,330000
2026-03-29,PRD-04,Jabodetabek,17,15000,0.0,255000
2026-03-29,PRD-05,DI Yogyakarta,17,18000,5.0,290700
2026-03-29,PRD-05,Jawa Tengah,7,18000,5.0,119700
2026-03-29,PRD-05,Jawa Timur,3,18000,0.0,54000
2026-03-29,PRD-05,Jabodetabek,1,18000,0.0,18000
2026-03-29,PRD-06,DI Yogyakarta,24,12000,0.0,288000
2026-03-29,PRD-06,Jawa Tengah,21,12000,0.0,252000
2026-03-29,PRD-06,Jawa Timur,12,12000,0.0,144000
2026-03-29,PRD-06,Jabodetabek,22,12000,0.0,264000
2026-03-29,PRD-07,DI Yogyakarta,6,32000,5.0,182400
2026-03-29,PRD-07,Jawa Tengah,9,32000,0.0,288000
2026-03-29,PRD-07,Jawa Timur,5,32000,0.0,160000
2026-03-29,PRD-07,Jabodetabek,12,32000,0.0,384000
2026-03-29,PRD-08,DI Yogyakarta,12,14000,0.0,168000
2026-03-29,PRD-08,Jawa Tengah,6,14000,5.0,79800
2026-03-29,PRD-08,Jawa Timur,5,14000,0.0,70000
2026-03-29,PRD-08,Jabodetabek,12,14000,0.0,168000
2026-03-30,PRD-01,DI Yogyakarta,23,28000,5.0,611800
2026-03-30,PRD-01,Jawa Tengah,13,28000,0.0,364000
2026-03-30,PRD-01,Jawa Timur,6,28000,0.0,168000
2026-03-30,PRD-01,Jabodetabek,15,28000,15.0,357000
2026-03-30,PRD-02,DI Yogyakarta,16,26000,0.0,416000
2026-03-30,PRD-02,Jawa Tengah,10,26000,0.0,260000
2026-03-30,PRD-02,Jawa Timur,11,26000,0.0,286000
2026-03-30,PRD-02,Jabodetabek,8,26000,0.0,208000
2026-03-30,PRD-03,DI Yogyakarta,11,25000,0.0,275000
2026-03-30,PRD-03,Jawa Tengah,12,25000,0.0,300000
2026-03-30,PRD-03,Jawa Timur,6,25000,0.0,150000
2026-03-30,PRD-03,Jabodetabek,9,25000,0.0,225000
2026-03-30,PRD-04,DI Yogyakarta,26,15000,0.0,390000
2026-03-30,PRD-04,Jawa Tengah,18,15000,0.0,270000
2026-03-30,PRD-04,Jawa Timur,20,15000,0.0,300000
2026-03-30,PRD-04,Jabodetabek,24,15000,0.0,360000
2026-03-30,PRD-05,DI Yogyakarta,7,18000,5.0,119700
2026-03-30,PRD-05,Jawa Tengah,5,18000,0.0,90000
2026-03-30,PRD-05,Jawa Timur,5,18000,0.0,90000
2026-03-30,PRD-05,Jabodetabek,6,18000,15.0,91800
2026-03-30,PRD-06,DI Yogyakarta,16,12000,0.0,192000
2026-03-30,PRD-06,Jawa Tengah,16,12000,0.0,192000
2026-03-30,PRD-06,Jawa Timur,14,12000,0.0,168000
2026-03-30,PRD-06,Jabodetabek,19,12000,0.0,228000
2026-03-30,PRD-07,DI Yogyakarta,6,32000,0.0,192000
2026-03-30,PRD-07,Jawa Tengah,2,32000,0.0,64000
2026-03-30,PRD-07,Jawa Timur,5,32000,0.0,160000
2026-03-30,PRD-07,Jabodetabek,5,32000,0.0,160000
2026-03-30,PRD-08,DI Yogyakarta,9,14000,0.0,126000
2026-03-30,PRD-08,Jawa Tengah,11,14000,0.0,154000
2026-03-30,PRD-08,Jawa Timur,7,14000,10.0,88200
2026-03-30,PRD-08,Jabodetabek,10,14000,0.0,140000
2026-03-31,PRD-01,DI Yogyakarta,10,28000,5.0,266000
2026-03-31,PRD-01,Jawa Tengah,16,28000,0.0,448000
2026-03-31,PRD-01,Jawa Timur,8,28000,0.0,224000
2026-03-31,PRD-01,Jabodetabek,18,28000,0.0,504000
2026-03-31,PRD-02,DI Yogyakarta,13,26000,15.0,287300
2026-03-31,PRD-02,Jawa Tengah,5,26000,5.0,123500
2026-03-31,PRD-02,Jawa Timur,7,26000,0.0,182000
2026-03-31,PRD-02,Jabodetabek,6,26000,0.0,156000
2026-03-31,PRD-03,DI Yogyakarta,7,25000,0.0,175000
2026-03-31,PRD-03,Jawa Tengah,3,25000,5.0,71250
2026-03-31,PRD-03,Jawa Timur,6,25000,0.0,150000
2026-03-31,PRD-03,Jabodetabek,4,25000,0.0,100000
2026-03-31,PRD-04,DI Yogyakarta,25,15000,0.0,375000
2026-03-31,PRD-04,Jawa Tengah,20,15000,0.0,300000
2026-03-31,PRD-04,Jawa Timur,15,15000,10.0,202500
2026-03-31,PRD-04,Jabodetabek,25,15000,0.0,375000
2026-03-31,PRD-05,DI Yogyakarta,8,18000,0.0,144000
2026-03-31,PRD-05,Jawa Tengah,4,18000,0.0,72000
2026-03-31,PRD-05,Jawa Timur,3,18000,0.0,54000
2026-03-31,PRD-05,Jabodetabek,10,18000,0.0,180000
2026-03-31,PRD-06,DI Yogyakarta,11,12000,5.0,125400
2026-03-31,PRD-06,Jawa Tengah,14,12000,0.0,168000
2026-03-31,PRD-06,Jawa Timur,6,12000,0.0,72000
2026-03-31,PRD-06,Jabodetabek,14,12000,10.0,151200
2026-03-31,PRD-07,DI Yogyakarta,5,32000,0.0,160000
2026-03-31,PRD-07,Jawa Tengah,5,32000,5.0,152000
2026-03-31,PRD-07,Jawa Timur,5,32000,0.0,160000
2026-03-31,PRD-07,Jabodetabek,5,32000,0.0,160000
2026-03-31,PRD-08,DI Yogyakarta,12,14000,0.0,168000
2026-03-31,PRD-08,Jawa Tengah,7,14000,0.0,98000
2026-03-31,PRD-08,Jawa Timur,7,14000,0.0,98000
2026-03-31,PRD-08,Jabodetabek,12,14000,0.0,168000
2026-04-01,PRD-01,DI Yogyakarta,16,28000,0.0,448000
2026-04-01,PRD-01,Jawa Tengah,16,28000,0.0,448000
2026-04-01,PRD-01,Jawa Timur,6,28000,0.0,168000
2026-04-01,PRD-01,Jabodetabek,11,28000,10.0,277200
2026-04-01,PRD-02,DI Yogyakarta,16,26000,0.0,416000
2026-04-01,PRD-02,Jawa Tengah,10,26000,0.0,260000
2026-04-01,PRD-02,Jawa Timur,11,26000,0.0,286000
2026-04-01,PRD-02,Jabodetabek,8,26000,10.0,187200
2026-04-01,PRD-03,DI Yogyakarta,8,25000,0.0,200000
2026-04-01,PRD-03,Jawa Tengah,9,25000,0.0,225000
2026-04-01,PRD-03,Jawa Timur,4,25000,0.0,100000
2026-04-01,PRD-03,Jabodetabek,7,25000,0.0,175000
2026-04-01,PRD-04,DI Yogyakarta,24,15000,0.0,360000
2026-04-01,PRD-04,Jawa Tengah,22,15000,0.0,330000
2026-04-01,PRD-04,Jawa Timur,10,15000,0.0,150000
2026-04-01,PRD-04,Jabodetabek,17,15000,10.0,229500
2026-04-01,PRD-05,DI Yogyakarta,6,18000,10.0,97200
2026-04-01,PRD-05,Jawa Tengah,5,18000,0.0,90000
2026-04-01,PRD-05,Jawa Timur,3,18000,0.0,54000
2026-04-01,PRD-05,Jabodetabek,5,18000,0.0,90000
2026-04-01,PRD-06,DI Yogyakarta,15,12000,0.0,180000
2026-04-01,PRD-06,Jawa Tengah,19,12000,0.0,228000
2026-04-01,PRD-06,Jawa Timur,8,12000,0.0,96000
2026-04-01,PRD-06,Jabodetabek,19,12000,0.0,228000
2026-04-01,PRD-07,DI Yogyakarta,12,32000,0.0,384000
2026-04-01,PRD-07,Jawa Tengah,4,32000,0.0,128000
2026-04-01,PRD-07,Jawa Timur,3,32000,15.0,81600
2026-04-01,PRD-07,Jabodetabek,4,32000,0.0,128000
2026-04-01,PRD-08,DI Yogyakarta,8,14000,5.0,106400
2026-04-01,PRD-08,Jawa Tengah,5,14000,0.0,70000
2026-04-01,PRD-08,Jawa Timur,5,14000,0.0,70000
2026-04-01,PRD-08,Jabodetabek,10,14000,5.0,133000
2026-04-02,PRD-01,DI Yogyakarta,16,28000,0.0,448000
2026-04-02,PRD-01,Jawa Tengah,10,28000,0.0,280000
2026-04-02,PRD-01,Jawa Timur,8,28000,15.0,190400
2026-04-02,PRD-01,Jabodetabek,13,28000,0.0,364000
2026-04-02,PRD-02,DI Yogyakarta,14,26000,0.0,364000
2026-04-02,PRD-02,Jawa Tengah,9,26000,10.0,210600
2026-04-02,PRD-02,Jawa Timur,7,26000,0.0,182000
2026-04-02,PRD-02,Jabodetabek,14,26000,0.0,364000
2026-04-02,PRD-03,DI Yogyakarta,13,25000,0.0,325000
2026-04-02,PRD-03,Jawa Tengah,10,25000,5.0,237500
2026-04-02,PRD-03,Jawa Timur,4,25000,5.0,95000
2026-04-02,PRD-03,Jabodetabek,9,25000,0.0,225000
2026-04-02,PRD-04,DI Yogyakarta,25,15000,0.0,375000
2026-04-02,PRD-04,Jawa Tengah,17,15000,0.0,255000
2026-04-02,PRD-04,Jawa Timur,18,15000,0.0,270000
2026-04-02,PRD-04,Jabodetabek,19,15000,10.0,256500
2026-04-02,PRD-05,DI Yogyakarta,7,18000,0.0,126000
2026-04-02,PRD-05,Jawa Tengah,2,18000,0.0,36000
2026-04-02,PRD-05,Jawa Timur,5,18000,0.0,90000
2026-04-02,PRD-05,Jabodetabek,8,18000,0.0,144000
2026-04-02,PRD-06,DI Yogyakarta,19,12000,5.0,216600
2026-04-02,PRD-06,Jawa Tengah,12,12000,0.0,144000
2026-04-02,PRD-06,Jawa Timur,10,12000,0.0,120000
2026-04-02,PRD-06,Jabodetabek,21,12000,0.0,252000
2026-04-02,PRD-07,DI Yogyakarta,8,32000,5.0,243200
2026-04-02,PRD-07,Jawa Tengah,8,32000,0.0,256000
2026-04-02,PRD-07,Jawa Timur,1,32000,0.0,32000
2026-04-02,PRD-07,Jabodetabek,3,32000,0.0,96000
2026-04-02,PRD-08,DI Yogyakarta,14,14000,0.0,196000
2026-04-02,PRD-08,Jawa Tengah,10,14000,0.0,140000
2026-04-02,PRD-08,Jawa Timur,1,14000,5.0,13300
2026-04-02,PRD-08,Jabodetabek,7,14000,0.0,98000
2026-04-03,PRD-01,DI Yogyakarta,13,28000,0.0,364000
2026-04-03,PRD-01,Jawa Tengah,11,28000,0.0,308000
2026-04-03,PRD-01,Jawa Timur,8,28000,0.0,224000
2026-04-03,PRD-01,Jabodetabek,9,28000,0.0,252000
2026-04-03,PRD-02,DI Yogyakarta,11,26000,0.0,286000
2026-04-03,PRD-02,Jawa Tengah,9,26000,0.0,234000
2026-04-03,PRD-02,Jawa Timur,11,26000,5.0,271700
2026-04-03,PRD-02,Jabodetabek,8,26000,0.0,208000
2026-04-03,PRD-03,DI Yogyakarta,5,25000,0.0,125000
2026-04-03,PRD-03,Jawa Tengah,10,25000,0.0,250000
2026-04-03,PRD-03,Jawa Timur,5,25000,10.0,112500
2026-04-03,PRD-03,Jabodetabek,3,25000,0.0,75000
2026-04-03,PRD-04,DI Yogyakarta,23,15000,0.0,345000
2026-04-03,PRD-04,Jawa Tengah,17,15000,10.0,229500
2026-04-03,PRD-04,Jawa Timur,8,15000,10.0,108000
2026-04-03,PRD-04,Jabodetabek,25,15000,0.0,375000
2026-04-03,PRD-05,DI Yogyakarta,8,18000,0.0,144000
2026-04-03,PRD-05,Jawa Tengah,5,18000,5.0,85500
2026-04-03,PRD-05,Jawa Timur,3,18000,0.0,54000
2026-04-03,PRD-05,Jabodetabek,8,18000,0.0,144000
2026-04-03,PRD-06,DI Yogyakarta,26,12000,0.0,312000
2026-04-03,PRD-06,Jawa Tengah,15,12000,0.0,180000
2026-04-03,PRD-06,Jawa Timur,12,12000,0.0,144000
2026-04-03,PRD-06,Jabodetabek,25,12000,0.0,300000
2026-04-03,PRD-07,DI Yogyakarta,5,32000,0.0,160000
2026-04-03,PRD-07,Jawa Tengah,3,32000,0.0,96000
2026-04-03,PRD-07,Jawa Timur,1,32000,0.0,32000
2026-04-03,PRD-07,Jabodetabek,3,32000,0.0,96000
2026-04-03,PRD-08,DI Yogyakarta,12,14000,0.0,168000
2026-04-03,PRD-08,Jawa Tengah,7,14000,0.0,98000
2026-04-03,PRD-08,Jawa Timur,9,14000,0.0,126000
2026-04-03,PRD-08,Jabodetabek,12,14000,0.0,168000
2026-04-04,PRD-01,DI Yogyakarta,18,28000,0.0,504000
2026-04-04,PRD-01,Jawa Tengah,23,28000,0.0,644000
2026-04-04,PRD-01,Jawa Timur,16,28000,0.0,448000
2026-04-04,PRD-01,Jabodetabek,22,28000,0.0,616000
2026-04-04,PRD-02,DI Yogyakarta,24,26000,10.0,561600
2026-04-04,PRD-02,Jawa Tengah,12,26000,0.0,312000
2026-04-04,PRD-02,Jawa Timur,10,26000,0.0,260000
2026-04-04,PRD-02,Jabodetabek,15,26000,5.0,370500
2026-04-04,PRD-03,DI Yogyakarta,10,25000,0.0,250000
2026-04-04,PRD-03,Jawa Tengah,11,25000,0.0,275000
2026-04-04,PRD-03,Jawa Timur,11,25000,0.0,275000
2026-04-04,PRD-03,Jabodetabek,8,25000,0.0,200000
2026-04-04,PRD-04,DI Yogyakarta,53,15000,0.0,795000
2026-04-04,PRD-04,Jawa Tengah,26,15000,0.0,390000
2026-04-04,PRD-04,Jawa Timur,19,15000,10.0,256500
2026-04-04,PRD-04,Jabodetabek,33,15000,0.0,495000
2026-04-04,PRD-05,DI Yogyakarta,12,18000,10.0,194400
2026-04-04,PRD-05,Jawa Tengah,14,18000,0.0,252000
2026-04-04,PRD-05,Jawa Timur,5,18000,5.0,85500
2026-04-04,PRD-05,Jabodetabek,8,18000,0.0,144000
2026-04-04,PRD-06,DI Yogyakarta,28,12000,0.0,336000
2026-04-04,PRD-06,Jawa Tengah,12,12000,0.0,144000
2026-04-04,PRD-06,Jawa Timur,17,12000,0.0,204000
2026-04-04,PRD-06,Jabodetabek,25,12000,0.0,300000
2026-04-04,PRD-07,DI Yogyakarta,5,32000,10.0,144000
2026-04-04,PRD-07,Jawa Tengah,2,32000,0.0,64000
2026-04-04,PRD-07,Jawa Timur,2,32000,0.0,64000
2026-04-04,PRD-07,Jabodetabek,5,32000,5.0,152000
2026-04-04,PRD-08,DI Yogyakarta,14,14000,0.0,196000
2026-04-04,PRD-08,Jawa Tengah,7,14000,5.0,93100
2026-04-04,PRD-08,Jawa Timur,6,14000,5.0,79800
2026-04-04,PRD-08,Jabodetabek,9,14000,0.0,126000
2026-04-05,PRD-01,DI Yogyakarta,24,28000,0.0,672000
2026-04-05,PRD-01,Jawa Tengah,15,28000,0.0,420000
2026-04-05,PRD-01,Jawa Timur,19,28000,0.0,532000
2026-04-05,PRD-01,Jabodetabek,25,28000,0.0,700000
2026-04-05,PRD-02,DI Yogyakarta,15,26000,0.0,390000
2026-04-05,PRD-02,Jawa Tengah,19,26000,0.0,494000
2026-04-05,PRD-02,Jawa Timur,9,26000,0.0,234000
2026-04-05,PRD-02,Jabodetabek,24,26000,0.0,624000
2026-04-05,PRD-03,DI Yogyakarta,10,25000,0.0,250000
2026-04-05,PRD-03,Jawa Tengah,5,25000,0.0,125000
2026-04-05,PRD-03,Jawa Timur,5,25000,0.0,125000
2026-04-05,PRD-03,Jabodetabek,11,25000,10.0,247500
2026-04-05,PRD-04,DI Yogyakarta,31,15000,15.0,395250
2026-04-05,PRD-04,Jawa Tengah,28,15000,0.0,420000
2026-04-05,PRD-04,Jawa Timur,21,15000,0.0,315000
2026-04-05,PRD-04,Jabodetabek,28,15000,0.0,420000
2026-04-05,PRD-05,DI Yogyakarta,8,18000,0.0,144000
2026-04-05,PRD-05,Jawa Tengah,5,18000,0.0,90000
2026-04-05,PRD-05,Jawa Timur,8,18000,0.0,144000
2026-04-05,PRD-05,Jabodetabek,8,18000,0.0,144000
2026-04-05,PRD-06,DI Yogyakarta,28,12000,0.0,336000
2026-04-05,PRD-06,Jawa Tengah,16,12000,0.0,192000
2026-04-05,PRD-06,Jawa Timur,9,12000,5.0,102600
2026-04-05,PRD-06,Jabodetabek,21,12000,0.0,252000
2026-04-05,PRD-07,DI Yogyakarta,6,32000,0.0,192000
2026-04-05,PRD-07,Jawa Tengah,7,32000,0.0,224000
2026-04-05,PRD-07,Jawa Timur,2,32000,0.0,64000
2026-04-05,PRD-07,Jabodetabek,7,32000,0.0,224000
2026-04-05,PRD-08,DI Yogyakarta,19,14000,0.0,266000
2026-04-05,PRD-08,Jawa Tengah,12,14000,0.0,168000
2026-04-05,PRD-08,Jawa Timur,4,14000,0.0,56000
2026-04-05,PRD-08,Jabodetabek,13,14000,10.0,163800
2026-04-06,PRD-01,DI Yogyakarta,20,28000,10.0,504000
2026-04-06,PRD-01,Jawa Tengah,12,28000,5.0,319200
2026-04-06,PRD-01,Jawa Timur,14,28000,0.0,392000
2026-04-06,PRD-01,Jabodetabek,17,28000,0.0,476000
2026-04-06,PRD-02,DI Yogyakarta,12,26000,0.0,312000
2026-04-06,PRD-02,Jawa Tengah,9,26000,0.0,234000
2026-04-06,PRD-02,Jawa Timur,8,26000,0.0,208000
2026-04-06,PRD-02,Jabodetabek,14,26000,0.0,364000
2026-04-06,PRD-03,DI Yogyakarta,11,25000,0.0,275000
2026-04-06,PRD-03,Jawa Tengah,9,25000,15.0,191250
2026-04-06,PRD-03,Jawa Timur,2,25000,10.0,45000
2026-04-06,PRD-03,Jabodetabek,10,25000,10.0,225000
2026-04-06,PRD-04,DI Yogyakarta,21,15000,0.0,315000
2026-04-06,PRD-04,Jawa Tengah,21,15000,0.0,315000
2026-04-06,PRD-04,Jawa Timur,11,15000,5.0,156750
2026-04-06,PRD-04,Jabodetabek,27,15000,10.0,364500
2026-04-06,PRD-05,DI Yogyakarta,5,18000,15.0,76500
2026-04-06,PRD-05,Jawa Tengah,3,18000,15.0,45900
2026-04-06,PRD-05,Jawa Timur,3,18000,0.0,54000
2026-04-06,PRD-05,Jabodetabek,4,18000,0.0,72000
2026-04-06,PRD-06,DI Yogyakarta,21,12000,5.0,239400
2026-04-06,PRD-06,Jawa Tengah,7,12000,0.0,84000
2026-04-06,PRD-06,Jawa Timur,10,12000,0.0,120000
2026-04-06,PRD-06,Jabodetabek,15,12000,0.0,180000
2026-04-06,PRD-07,DI Yogyakarta,5,32000,10.0,144000
2026-04-06,PRD-07,Jawa Tengah,1,32000,0.0,32000
2026-04-06,PRD-07,Jawa Timur,3,32000,0.0,96000
2026-04-06,PRD-07,Jabodetabek,1,32000,10.0,28800
2026-04-06,PRD-08,DI Yogyakarta,12,14000,0.0,168000
2026-04-06,PRD-08,Jawa Tengah,6,14000,0.0,84000
2026-04-06,PRD-08,Jawa Timur,5,14000,0.0,70000
2026-04-06,PRD-08,Jabodetabek,8,14000,0.0,112000
2026-04-07,PRD-01,DI Yogyakarta,24,28000,15.0,571200
2026-04-07,PRD-01,Jawa Tengah,23,28000,5.0,611800
2026-04-07,PRD-01,Jawa Timur,8,28000,0.0,224000
2026-04-07,PRD-01,Jabodetabek,12,28000,15.0,285600
2026-04-07,PRD-02,DI Yogyakarta,10,26000,15.0,221000
2026-04-07,PRD-02,Jawa Tengah,10,26000,5.0,247000
2026-04-07,PRD-02,Jawa Timur,8,26000,0.0,208000
2026-04-07,PRD-02,Jabodetabek,8,26000,0.0,208000
2026-04-07,PRD-03,DI Yogyakarta,7,25000,0.0,175000
2026-04-07,PRD-03,Jawa Tengah,10,25000,0.0,250000
2026-04-07,PRD-03,Jawa Timur,2,25000,5.0,47500
2026-04-07,PRD-03,Jabodetabek,5,25000,5.0,118750
2026-04-07,PRD-04,DI Yogyakarta,19,15000,0.0,285000
2026-04-07,PRD-04,Jawa Tengah,20,15000,0.0,300000
2026-04-07,PRD-04,Jawa Timur,7,15000,0.0,105000
2026-04-07,PRD-04,Jabodetabek,24,15000,10.0,324000
2026-04-07,PRD-05,DI Yogyakarta,10,18000,5.0,171000
2026-04-07,PRD-05,Jawa Tengah,5,18000,10.0,81000
2026-04-07,PRD-05,Jawa Timur,1,18000,0.0,18000
2026-04-07,PRD-05,Jabodetabek,5,18000,0.0,90000
2026-04-07,PRD-06,DI Yogyakarta,21,12000,5.0,239400
2026-04-07,PRD-06,Jawa Tengah,16,12000,0.0,192000
2026-04-07,PRD-06,Jawa Timur,15,12000,0.0,180000
2026-04-07,PRD-06,Jabodetabek,25,12000,10.0,270000
2026-04-07,PRD-07,DI Yogyakarta,4,32000,0.0,128000
2026-04-07,PRD-07,Jawa Tengah,7,32000,0.0,224000
2026-04-07,PRD-07,Jawa Timur,2,32000,0.0,64000
2026-04-07,PRD-07,Jabodetabek,4,32000,0.0,128000
2026-04-07,PRD-08,DI Yogyakarta,10,14000,0.0,140000
2026-04-07,PRD-08,Jawa Tengah,15,14000,0.0,210000
2026-04-07,PRD-08,Jawa Timur,4,14000,0.0,56000
2026-04-07,PRD-08,Jabodetabek,8,14000,10.0,100800
2026-04-08,PRD-01,DI Yogyakarta,18,28000,0.0,504000
2026-04-08,PRD-01,Jawa Tengah,15,28000,0.0,420000
2026-04-08,PRD-01,Jawa Timur,14,28000,0.0,392000
2026-04-08,PRD-01,Jabodetabek,9,28000,0.0,252000
2026-04-08,PRD-02,DI Yogyakarta,9,26000,0.0,234000
2026-04-08,PRD-02,Jawa Tengah,4,26000,10.0,93600
2026-04-08,PRD-02,Jawa Timur,7,26000,0.0,182000
2026-04-08,PRD-02,Jabodetabek,8,26000,5.0,197600
2026-04-08,PRD-03,DI Yogyakarta,12,25000,0.0,300000
2026-04-08,PRD-03,Jawa Tengah,3,25000,10.0,67500
2026-04-08,PRD-03,Jawa Timur,3,25000,0.0,75000
2026-04-08,PRD-03,Jabodetabek,7,25000,0.0,175000
2026-04-08,PRD-04,DI Yogyakarta,33,15000,0.0,495000
2026-04-08,PRD-04,Jawa Tengah,14,15000,5.0,199500
2026-04-08,PRD-04,Jawa Timur,15,15000,0.0,225000
2026-04-08,PRD-04,Jabodetabek,16,15000,0.0,240000
2026-04-08,PRD-05,DI Yogyakarta,9,18000,0.0,162000
2026-04-08,PRD-05,Jawa Tengah,10,18000,15.0,153000
2026-04-08,PRD-05,Jawa Timur,4,18000,0.0,72000
2026-04-08,PRD-05,Jabodetabek,8,18000,0.0,144000
2026-04-08,PRD-06,DI Yogyakarta,14,12000,0.0,168000
2026-04-08,PRD-06,Jawa Tengah,12,12000,0.0,144000
2026-04-08,PRD-06,Jawa Timur,11,12000,0.0,132000
2026-04-08,PRD-06,Jabodetabek,16,12000,0.0,192000
2026-04-08,PRD-07,DI Yogyakarta,9,32000,0.0,288000
2026-04-08,PRD-07,Jawa Tengah,5,32000,0.0,160000
2026-04-08,PRD-07,Jawa Timur,2,32000,0.0,64000
2026-04-08,PRD-07,Jabodetabek,8,32000,10.0,230400
2026-04-08,PRD-08,DI Yogyakarta,7,14000,0.0,98000
2026-04-08,PRD-08,Jawa Tengah,5,14000,5.0,66500
2026-04-08,PRD-08,Jawa Timur,4,14000,10.0,50400
2026-04-08,PRD-08,Jabodetabek,10,14000,0.0,140000
2026-04-09,PRD-01,DI Yogyakarta,13,28000,0.0,364000
2026-04-09,PRD-01,Jawa Tengah,10,28000,5.0,266000
2026-04-09,PRD-01,Jawa Timur,4,28000,0.0,112000
2026-04-09,PRD-01,Jabodetabek,16,28000,0.0,448000
2026-04-09,PRD-02,DI Yogyakarta,11,26000,0.0,286000
2026-04-09,PRD-02,Jawa Tengah,17,26000,0.0,442000
2026-04-09,PRD-02,Jawa Timur,5,26000,0.0,130000
2026-04-09,PRD-02,Jabodetabek,11,26000,5.0,271700
2026-04-09,PRD-03,DI Yogyakarta,13,25000,0.0,325000
2026-04-09,PRD-03,Jawa Tengah,6,25000,0.0,150000
2026-04-09,PRD-03,Jawa Timur,7,25000,0.0,175000
2026-04-09,PRD-03,Jabodetabek,6,25000,0.0,150000
2026-04-09,PRD-04,DI Yogyakarta,26,15000,0.0,390000
2026-04-09,PRD-04,Jawa Tengah,19,15000,0.0,285000
2026-04-09,PRD-04,Jawa Timur,19,15000,5.0,270750
2026-04-09,PRD-04,Jabodetabek,26,15000,0.0,390000
2026-04-09,PRD-05,DI Yogyakarta,9,18000,10.0,145800
2026-04-09,PRD-05,Jawa Tengah,5,18000,5.0,85500
2026-04-09,PRD-05,Jawa Timur,4,18000,0.0,72000
2026-04-09,PRD-05,Jabodetabek,3,18000,10.0,48600
2026-04-09,PRD-06,DI Yogyakarta,23,12000,0.0,276000
2026-04-09,PRD-06,Jawa Tengah,21,12000,0.0,252000
2026-04-09,PRD-06,Jawa Timur,11,12000,0.0,132000
2026-04-09,PRD-06,Jabodetabek,17,12000,0.0,204000
2026-04-09,PRD-07,DI Yogyakarta,3,32000,0.0,96000
2026-04-09,PRD-07,Jawa Tengah,2,32000,0.0,64000
2026-04-09,PRD-07,Jawa Timur,5,32000,0.0,160000
2026-04-09,PRD-07,Jabodetabek,3,32000,5.0,91200
2026-04-09,PRD-08,DI Yogyakarta,12,14000,5.0,159600
2026-04-09,PRD-08,Jawa Tengah,4,14000,5.0,53200
2026-04-09,PRD-08,Jawa Timur,6,14000,0.0,84000
2026-04-09,PRD-08,Jabodetabek,10,14000,0.0,140000
2026-04-10,PRD-01,DI Yogyakarta,16,28000,0.0,448000
2026-04-10,PRD-01,Jawa Tengah,12,28000,0.0,336000
2026-04-10,PRD-01,Jawa Timur,11,28000,0.0,308000
2026-04-10,PRD-01,Jabodetabek,21,28000,0.0,588000
2026-04-10,PRD-02,DI Yogyakarta,15,26000,0.0,390000
2026-04-10,PRD-02,Jawa Tengah,14,26000,0.0,364000
2026-04-10,PRD-02,Jawa Timur,8,26000,0.0,208000
2026-04-10,PRD-02,Jabodetabek,12,26000,0.0,312000
2026-04-10,PRD-03,DI Yogyakarta,13,25000,0.0,325000
2026-04-10,PRD-03,Jawa Tengah,10,25000,0.0,250000
2026-04-10,PRD-03,Jawa Timur,3,25000,0.0,75000
2026-04-10,PRD-03,Jabodetabek,10,25000,0.0,250000
2026-04-10,PRD-04,DI Yogyakarta,31,15000,5.0,441750
2026-04-10,PRD-04,Jawa Tengah,27,15000,0.0,405000
2026-04-10,PRD-04,Jawa Timur,9,15000,0.0,135000
2026-04-10,PRD-04,Jabodetabek,19,15000,0.0,285000
2026-04-10,PRD-05,DI Yogyakarta,6,18000,5.0,102600
2026-04-10,PRD-05,Jawa Tengah,9,18000,0.0,162000
2026-04-10,PRD-05,Jawa Timur,3,18000,5.0,51300
2026-04-10,PRD-05,Jabodetabek,7,18000,15.0,107100
2026-04-10,PRD-06,DI Yogyakarta,23,12000,0.0,276000
2026-04-10,PRD-06,Jawa Tengah,8,12000,0.0,96000
2026-04-10,PRD-06,Jawa Timur,11,12000,10.0,118800
2026-04-10,PRD-06,Jabodetabek,10,12000,10.0,108000
2026-04-10,PRD-07,DI Yogyakarta,6,32000,0.0,192000
2026-04-10,PRD-07,Jawa Tengah,9,32000,0.0,288000
2026-04-10,PRD-07,Jawa Timur,4,32000,0.0,128000
2026-04-10,PRD-07,Jabodetabek,4,32000,0.0,128000
2026-04-10,PRD-08,DI Yogyakarta,11,14000,0.0,154000
2026-04-10,PRD-08,Jawa Tengah,8,14000,0.0,112000
2026-04-10,PRD-08,Jawa Timur,10,14000,5.0,133000
2026-04-10,PRD-08,Jabodetabek,8,14000,0.0,112000
2026-04-11,PRD-01,DI Yogyakarta,26,28000,0.0,728000
2026-04-11,PRD-01,Jawa Tengah,21,28000,0.0,588000
2026-04-11,PRD-01,Jawa Timur,12,28000,0.0,336000
2026-04-11,PRD-01,Jabodetabek,29,28000,10.0,730800
2026-04-11,PRD-02,DI Yogyakarta,11,26000,0.0,286000
2026-04-11,PRD-02,Jawa Tengah,10,26000,15.0,221000
2026-04-11,PRD-02,Jawa Timur,10,26000,5.0,247000
2026-04-11,PRD-02,Jabodetabek,21,26000,0.0,546000
2026-04-11,PRD-03,DI Yogyakarta,7,25000,0.0,175000
2026-04-11,PRD-03,Jawa Tengah,8,25000,0.0,200000
2026-04-11,PRD-03,Jawa Timur,6,25000,10.0,135000
2026-04-11,PRD-03,Jabodetabek,14,25000,0.0,350000
2026-04-11,PRD-04,DI Yogyakarta,33,15000,0.0,495000
2026-04-11,PRD-04,Jawa Tengah,22,15000,0.0,330000
2026-04-11,PRD-04,Jawa Timur,25,15000,0.0,375000
2026-04-11,PRD-04,Jabodetabek,26,15000,0.0,390000
2026-04-11,PRD-05,DI Yogyakarta,14,18000,0.0,252000
2026-04-11,PRD-05,Jawa Tengah,6,18000,10.0,97200
2026-04-11,PRD-05,Jawa Timur,9,18000,0.0,162000
2026-04-11,PRD-05,Jabodetabek,9,18000,0.0,162000
2026-04-11,PRD-06,DI Yogyakarta,32,12000,0.0,384000
2026-04-11,PRD-06,Jawa Tengah,18,12000,0.0,216000
2026-04-11,PRD-06,Jawa Timur,22,12000,0.0,264000
2026-04-11,PRD-06,Jabodetabek,23,12000,0.0,276000
2026-04-11,PRD-07,DI Yogyakarta,16,32000,0.0,512000
2026-04-11,PRD-07,Jawa Tengah,4,32000,0.0,128000
2026-04-11,PRD-07,Jawa Timur,4,32000,15.0,108800
2026-04-11,PRD-07,Jabodetabek,6,32000,0.0,192000
2026-04-11,PRD-08,DI Yogyakarta,14,14000,5.0,186200
2026-04-11,PRD-08,Jawa Tengah,12,14000,10.0,151200
2026-04-11,PRD-08,Jawa Timur,4,14000,15.0,47600
2026-04-11,PRD-08,Jabodetabek,15,14000,0.0,210000
2026-04-12,PRD-01,DI Yogyakarta,29,28000,0.0,812000
2026-04-12,PRD-01,Jawa Tengah,20,28000,0.0,560000
2026-04-12,PRD-01,Jawa Timur,11,28000,0.0,308000
2026-04-12,PRD-01,Jabodetabek,24,28000,0.0,672000
2026-04-12,PRD-02,DI Yogyakarta,27,26000,0.0,702000
2026-04-12,PRD-02,Jawa Tengah,8,26000,0.0,208000
2026-04-12,PRD-02,Jawa Timur,9,26000,0.0,234000
2026-04-12,PRD-02,Jabodetabek,19,26000,0.0,494000
2026-04-12,PRD-03,DI Yogyakarta,9,25000,0.0,225000
2026-04-12,PRD-03,Jawa Tengah,7,25000,0.0,175000
2026-04-12,PRD-03,Jawa Timur,8,25000,0.0,200000
2026-04-12,PRD-03,Jabodetabek,8,25000,5.0,190000
2026-04-12,PRD-04,DI Yogyakarta,46,15000,0.0,690000
2026-04-12,PRD-04,Jawa Tengah,24,15000,0.0,360000
2026-04-12,PRD-04,Jawa Timur,17,15000,0.0,255000
2026-04-12,PRD-04,Jabodetabek,35,15000,0.0,525000
2026-04-12,PRD-05,DI Yogyakarta,16,18000,0.0,288000
2026-04-12,PRD-05,Jawa Tengah,4,18000,0.0,72000
2026-04-12,PRD-05,Jawa Timur,4,18000,0.0,72000
2026-04-12,PRD-05,Jabodetabek,11,18000,10.0,178200
2026-04-12,PRD-06,DI Yogyakarta,26,12000,5.0,296400
2026-04-12,PRD-06,Jawa Tengah,23,12000,10.0,248400
2026-04-12,PRD-06,Jawa Timur,12,12000,0.0,144000
2026-04-12,PRD-06,Jabodetabek,17,12000,0.0,204000
2026-04-12,PRD-07,DI Yogyakarta,7,32000,0.0,224000
2026-04-12,PRD-07,Jawa Tengah,5,32000,0.0,160000
2026-04-12,PRD-07,Jawa Timur,4,32000,10.0,115200
2026-04-12,PRD-07,Jabodetabek,4,32000,5.0,121600
2026-04-12,PRD-08,DI Yogyakarta,13,14000,0.0,182000
2026-04-12,PRD-08,Jawa Tengah,13,14000,0.0,182000
2026-04-12,PRD-08,Jawa Timur,9,14000,0.0,126000
2026-04-12,PRD-08,Jabodetabek,10,14000,0.0,140000
2026-04-13,PRD-01,DI Yogyakarta,11,28000,0.0,308000
2026-04-13,PRD-01,Jawa Tengah,9,28000,5.0,239400
2026-04-13,PRD-01,Jawa Timur,14,28000,0.0,392000
2026-04-13,PRD-01,Jabodetabek,16,28000,0.0,448000
2026-04-13,PRD-02,DI Yogyakarta,16,26000,5.0,395200
2026-04-13,PRD-02,Jawa Tengah,22,26000,5.0,543400
2026-04-13,PRD-02,Jawa Timur,4,26000,5.0,98800
2026-04-13,PRD-02,Jabodetabek,13,26000,5.0,321100
2026-04-13,PRD-03,DI Yogyakarta,10,25000,0.0,250000
2026-04-13,PRD-03,Jawa Tengah,7,25000,5.0,166250
2026-04-13,PRD-03,Jawa Timur,9,25000,0.0,225000
2026-04-13,PRD-03,Jabodetabek,4,25000,0.0,100000
2026-04-13,PRD-04,DI Yogyakarta,22,15000,0.0,330000
2026-04-13,PRD-04,Jawa Tengah,14,15000,0.0,210000
2026-04-13,PRD-04,Jawa Timur,12,15000,0.0,180000
2026-04-13,PRD-04,Jabodetabek,23,15000,0.0,345000
2026-04-13,PRD-05,DI Yogyakarta,6,18000,10.0,97200
2026-04-13,PRD-05,Jawa Tengah,7,18000,0.0,126000
2026-04-13,PRD-05,Jawa Timur,2,18000,10.0,32400
2026-04-13,PRD-05,Jabodetabek,13,18000,0.0,234000
2026-04-13,PRD-06,DI Yogyakarta,22,12000,0.0,264000
2026-04-13,PRD-06,Jawa Tengah,17,12000,0.0,204000
2026-04-13,PRD-06,Jawa Timur,11,12000,0.0,132000
2026-04-13,PRD-06,Jabodetabek,19,12000,10.0,205200
2026-04-13,PRD-07,DI Yogyakarta,9,32000,15.0,244800
2026-04-13,PRD-07,Jawa Tengah,2,32000,5.0,60800
2026-04-13,PRD-07,Jawa Timur,1,32000,5.0,30400
2026-04-13,PRD-07,Jabodetabek,9,32000,0.0,288000
2026-04-13,PRD-08,DI Yogyakarta,9,14000,10.0,113400
2026-04-13,PRD-08,Jawa Tengah,2,14000,0.0,28000
2026-04-13,PRD-08,Jawa Timur,5,14000,0.0,70000
2026-04-13,PRD-08,Jabodetabek,2,14000,0.0,28000
2026-04-14,PRD-01,DI Yogyakarta,12,28000,10.0,302400
2026-04-14,PRD-01,Jawa Tengah,15,28000,0.0,420000
2026-04-14,PRD-01,Jawa Timur,10,28000,0.0,280000
2026-04-14,PRD-01,Jabodetabek,18,28000,0.0,504000
2026-04-14,PRD-02,DI Yogyakarta,23,26000,0.0,598000
2026-04-14,PRD-02,Jawa Tengah,14,26000,0.0,364000
2026-04-14,PRD-02,Jawa Timur,5,26000,0.0,130000
2026-04-14,PRD-02,Jabodetabek,13,26000,5.0,321100
2026-04-14,PRD-03,DI Yogyakarta,16,25000,0.0,400000
2026-04-14,PRD-03,Jawa Tengah,8,25000,0.0,200000
2026-04-14,PRD-03,Jawa Timur,4,25000,0.0,100000
2026-04-14,PRD-03,Jabodetabek,5,25000,0.0,125000
2026-04-14,PRD-04,DI Yogyakarta,19,15000,0.0,285000
2026-04-14,PRD-04,Jawa Tengah,20,15000,0.0,300000
2026-04-14,PRD-04,Jawa Timur,17,15000,0.0,255000
2026-04-14,PRD-04,Jabodetabek,31,15000,0.0,465000
2026-04-14,PRD-05,DI Yogyakarta,8,18000,0.0,144000
2026-04-14,PRD-05,Jawa Tengah,3,18000,0.0,54000
2026-04-14,PRD-05,Jawa Timur,3,18000,0.0,54000
2026-04-14,PRD-05,Jabodetabek,7,18000,0.0,126000
2026-04-14,PRD-06,DI Yogyakarta,21,12000,0.0,252000
2026-04-14,PRD-06,Jawa Tengah,12,12000,10.0,129600
2026-04-14,PRD-06,Jawa Timur,9,12000,0.0,108000
2026-04-14,PRD-06,Jabodetabek,16,12000,0.0,192000
2026-04-14,PRD-07,DI Yogyakarta,6,32000,0.0,192000
2026-04-14,PRD-07,Jawa Tengah,5,32000,0.0,160000
2026-04-14,PRD-07,Jawa Timur,1,32000,0.0,32000
2026-04-14,PRD-07,Jabodetabek,1,32000,10.0,28800
2026-04-14,PRD-08,DI Yogyakarta,15,14000,5.0,199500
2026-04-14,PRD-08,Jawa Tengah,15,14000,0.0,210000
2026-04-14,PRD-08,Jawa Timur,5,14000,15.0,59500
2026-04-14,PRD-08,Jabodetabek,9,14000,0.0,126000
2026-04-15,PRD-01,DI Yogyakarta,22,28000,0.0,616000
2026-04-15,PRD-01,Jawa Tengah,15,28000,0.0,420000
2026-04-15,PRD-01,Jawa Timur,9,28000,0.0,252000
2026-04-15,PRD-01,Jabodetabek,13,28000,0.0,364000
2026-04-15,PRD-02,DI Yogyakarta,13,26000,0.0,338000
2026-04-15,PRD-02,Jawa Tengah,12,26000,0.0,312000
2026-04-15,PRD-02,Jawa Timur,7,26000,0.0,182000
2026-04-15,PRD-02,Jabodetabek,11,26000,10.0,257400
2026-04-15,PRD-03,DI Yogyakarta,4,25000,0.0,100000
2026-04-15,PRD-03,Jawa Tengah,7,25000,0.0,175000
2026-04-15,PRD-03,Jawa Timur,5,25000,0.0,125000
2026-04-15,PRD-03,Jabodetabek,6,25000,0.0,150000
2026-04-15,PRD-04,DI Yogyakarta,27,15000,0.0,405000
2026-04-15,PRD-04,Jawa Tengah,25,15000,0.0,375000
2026-04-15,PRD-04,Jawa Timur,7,15000,0.0,105000
2026-04-15,PRD-04,Jabodetabek,24,15000,0.0,360000
2026-04-15,PRD-05,DI Yogyakarta,6,18000,0.0,108000
2026-04-15,PRD-05,Jawa Tengah,2,18000,0.0,36000
2026-04-15,PRD-05,Jawa Timur,6,18000,5.0,102600
2026-04-15,PRD-05,Jabodetabek,8,18000,0.0,144000
2026-04-15,PRD-06,DI Yogyakarta,25,12000,5.0,285000
2026-04-15,PRD-06,Jawa Tengah,25,12000,0.0,300000
2026-04-15,PRD-06,Jawa Timur,12,12000,0.0,144000
2026-04-15,PRD-06,Jabodetabek,15,12000,0.0,180000
2026-04-15,PRD-07,DI Yogyakarta,4,32000,5.0,121600
2026-04-15,PRD-07,Jawa Tengah,5,32000,0.0,160000
2026-04-15,PRD-07,Jawa Timur,5,32000,0.0,160000
2026-04-15,PRD-07,Jabodetabek,5,32000,0.0,160000
2026-04-15,PRD-08,DI Yogyakarta,12,14000,0.0,168000
2026-04-15,PRD-08,Jawa Tengah,10,14000,0.0,140000
2026-04-15,PRD-08,Jawa Timur,4,14000,0.0,56000
2026-04-15,PRD-08,Jabodetabek,10,14000,0.0,140000
2026-04-16,PRD-01,DI Yogyakarta,19,28000,0.0,532000
2026-04-16,PRD-01,Jawa Tengah,10,28000,0.0,280000
2026-04-16,PRD-01,Jawa Timur,8,28000,0.0,224000
2026-04-16,PRD-01,Jabodetabek,13,28000,10.0,327600
2026-04-16,PRD-02,DI Yogyakarta,13,26000,10.0,304200
2026-04-16,PRD-02,Jawa Tengah,9,26000,0.0,234000
2026-04-16,PRD-02,Jawa Timur,12,26000,5.0,296400
2026-04-16,PRD-02,Jabodetabek,6,26000,0.0,156000
2026-04-16,PRD-03,DI Yogyakarta,9,25000,15.0,191250
2026-04-16,PRD-03,Jawa Tengah,7,25000,0.0,175000
2026-04-16,PRD-03,Jawa Timur,3,25000,0.0,75000
2026-04-16,PRD-03,Jabodetabek,11,25000,0.0,275000
2026-04-16,PRD-04,DI Yogyakarta,19,15000,0.0,285000
2026-04-16,PRD-04,Jawa Tengah,20,15000,0.0,300000
2026-04-16,PRD-04,Jawa Timur,13,15000,5.0,185250
2026-04-16,PRD-04,Jabodetabek,21,15000,0.0,315000
2026-04-16,PRD-05,DI Yogyakarta,5,18000,5.0,85500
2026-04-16,PRD-05,Jawa Tengah,8,18000,0.0,144000
2026-04-16,PRD-05,Jawa Timur,4,18000,0.0,72000
2026-04-16,PRD-05,Jabodetabek,7,18000,0.0,126000
2026-04-16,PRD-06,DI Yogyakarta,31,12000,0.0,372000
2026-04-16,PRD-06,Jawa Tengah,16,12000,5.0,182400
2026-04-16,PRD-06,Jawa Timur,6,12000,0.0,72000
2026-04-16,PRD-06,Jabodetabek,16,12000,0.0,192000
2026-04-16,PRD-07,DI Yogyakarta,12,32000,0.0,384000
2026-04-16,PRD-07,Jawa Tengah,0,32000,0.0,0
2026-04-16,PRD-07,Jawa Timur,7,32000,0.0,224000
2026-04-16,PRD-07,Jabodetabek,8,32000,0.0,256000
2026-04-16,PRD-08,DI Yogyakarta,16,14000,0.0,224000
2026-04-16,PRD-08,Jawa Tengah,8,14000,0.0,112000
2026-04-16,PRD-08,Jawa Timur,10,14000,0.0,140000
2026-04-16,PRD-08,Jabodetabek,9,14000,0.0,126000
2026-04-17,PRD-01,DI Yogyakarta,13,28000,0.0,364000
2026-04-17,PRD-01,Jawa Tengah,13,28000,5.0,345800
2026-04-17,PRD-01,Jawa Timur,10,28000,0.0,280000
2026-04-17,PRD-01,Jabodetabek,20,28000,0.0,560000
2026-04-17,PRD-02,DI Yogyakarta,11,26000,0.0,286000
2026-04-17,PRD-02,Jawa Tengah,8,26000,0.0,208000
2026-04-17,PRD-02,Jawa Timur,15,26000,0.0,390000
2026-04-17,PRD-02,Jabodetabek,11,26000,0.0,286000
2026-04-17,PRD-03,DI Yogyakarta,12,25000,0.0,300000
2026-04-17,PRD-03,Jawa Tengah,4,25000,0.0,100000
2026-04-17,PRD-03,Jawa Timur,7,25000,0.0,175000
2026-04-17,PRD-03,Jabodetabek,8,25000,0.0,200000
2026-04-17,PRD-04,DI Yogyakarta,39,15000,0.0,585000
2026-04-17,PRD-04,Jawa Tengah,16,15000,0.0,240000
2026-04-17,PRD-04,Jawa Timur,19,15000,0.0,285000
2026-04-17,PRD-04,Jabodetabek,25,15000,0.0,375000
2026-04-17,PRD-05,DI Yogyakarta,7,18000,0.0,126000
2026-04-17,PRD-05,Jawa Tengah,7,18000,0.0,126000
2026-04-17,PRD-05,Jawa Timur,3,18000,10.0,48600
2026-04-17,PRD-05,Jabodetabek,4,18000,0.0,72000
2026-04-17,PRD-06,DI Yogyakarta,18,12000,0.0,216000
2026-04-17,PRD-06,Jawa Tengah,21,12000,0.0,252000
2026-04-17,PRD-06,Jawa Timur,5,12000,0.0,60000
2026-04-17,PRD-06,Jabodetabek,17,12000,0.0,204000
2026-04-17,PRD-07,DI Yogyakarta,4,32000,0.0,128000
2026-04-17,PRD-07,Jawa Tengah,8,32000,5.0,243200
2026-04-17,PRD-07,Jawa Timur,4,32000,0.0,128000
2026-04-17,PRD-07,Jabodetabek,5,32000,10.0,144000
2026-04-17,PRD-08,DI Yogyakarta,5,14000,10.0,63000
2026-04-17,PRD-08,Jawa Tengah,6,14000,0.0,84000
2026-04-17,PRD-08,Jawa Timur,7,14000,0.0,98000
2026-04-17,PRD-08,Jabodetabek,8,14000,15.0,95200
2026-04-18,PRD-01,DI Yogyakarta,30,28000,15.0,714000
2026-04-18,PRD-01,Jawa Tengah,16,28000,5.0,425600
2026-04-18,PRD-01,Jawa Timur,10,28000,0.0,280000
2026-04-18,PRD-01,Jabodetabek,23,28000,0.0,644000
2026-04-18,PRD-02,DI Yogyakarta,13,26000,0.0,338000
2026-04-18,PRD-02,Jawa Tengah,8,26000,0.0,208000
2026-04-18,PRD-02,Jawa Timur,11,26000,0.0,286000
2026-04-18,PRD-02,Jabodetabek,14,26000,15.0,309400
2026-04-18,PRD-03,DI Yogyakarta,9,25000,5.0,213750
2026-04-18,PRD-03,Jawa Tengah,9,25000,5.0,213750
2026-04-18,PRD-03,Jawa Timur,9,25000,0.0,225000
2026-04-18,PRD-03,Jabodetabek,10,25000,0.0,250000
2026-04-18,PRD-04,DI Yogyakarta,30,15000,0.0,450000
2026-04-18,PRD-04,Jawa Tengah,26,15000,10.0,351000
2026-04-18,PRD-04,Jawa Timur,16,15000,0.0,240000
2026-04-18,PRD-04,Jabodetabek,30,15000,0.0,450000
2026-04-18,PRD-05,DI Yogyakarta,15,18000,0.0,270000
2026-04-18,PRD-05,Jawa Tengah,6,18000,0.0,108000
2026-04-18,PRD-05,Jawa Timur,4,18000,0.0,72000
2026-04-18,PRD-05,Jabodetabek,10,18000,0.0,180000
2026-04-18,PRD-06,DI Yogyakarta,32,12000,0.0,384000
2026-04-18,PRD-06,Jawa Tengah,20,12000,10.0,216000
2026-04-18,PRD-06,Jawa Timur,16,12000,0.0,192000
2026-04-18,PRD-06,Jabodetabek,22,12000,0.0,264000
2026-04-18,PRD-07,DI Yogyakarta,7,32000,0.0,224000
2026-04-18,PRD-07,Jawa Tengah,7,32000,0.0,224000
2026-04-18,PRD-07,Jawa Timur,4,32000,0.0,128000
2026-04-18,PRD-07,Jabodetabek,11,32000,0.0,352000
2026-04-18,PRD-08,DI Yogyakarta,15,14000,5.0,199500
2026-04-18,PRD-08,Jawa Tengah,16,14000,0.0,224000
2026-04-18,PRD-08,Jawa Timur,10,14000,0.0,140000
2026-04-18,PRD-08,Jabodetabek,12,14000,0.0,168000
2026-04-19,PRD-01,DI Yogyakarta,24,28000,0.0,672000
2026-04-19,PRD-01,Jawa Tengah,17,28000,5.0,452200
2026-04-19,PRD-01,Jawa Timur,15,28000,15.0,357000
2026-04-19,PRD-01,Jabodetabek,23,28000,10.0,579600
2026-04-19,PRD-02,DI Yogyakarta,15,26000,0.0,390000
2026-04-19,PRD-02,Jawa Tengah,8,26000,0.0,208000
2026-04-19,PRD-02,Jawa Timur,15,26000,0.0,390000
2026-04-19,PRD-02,Jabodetabek,15,26000,0.0,390000
2026-04-19,PRD-03,DI Yogyakarta,7,25000,15.0,148750
2026-04-19,PRD-03,Jawa Tengah,5,25000,0.0,125000
2026-04-19,PRD-03,Jawa Timur,8,25000,0.0,200000
2026-04-19,PRD-03,Jabodetabek,15,25000,0.0,375000
2026-04-19,PRD-04,DI Yogyakarta,46,15000,5.0,655500
2026-04-19,PRD-04,Jawa Tengah,21,15000,0.0,315000
2026-04-19,PRD-04,Jawa Timur,23,15000,0.0,345000
2026-04-19,PRD-04,Jabodetabek,34,15000,0.0,510000
2026-04-19,PRD-05,DI Yogyakarta,15,18000,0.0,270000
2026-04-19,PRD-05,Jawa Tengah,1,18000,0.0,18000
2026-04-19,PRD-05,Jawa Timur,9,18000,0.0,162000
2026-04-19,PRD-05,Jabodetabek,10,18000,0.0,180000
2026-04-19,PRD-06,DI Yogyakarta,27,12000,10.0,291600
2026-04-19,PRD-06,Jawa Tengah,16,12000,0.0,192000
2026-04-19,PRD-06,Jawa Timur,20,12000,0.0,240000
2026-04-19,PRD-06,Jabodetabek,27,12000,0.0,324000
2026-04-19,PRD-07,DI Yogyakarta,6,32000,0.0,192000
2026-04-19,PRD-07,Jawa Tengah,4,32000,0.0,128000
2026-04-19,PRD-07,Jawa Timur,6,32000,10.0,172800
2026-04-19,PRD-07,Jabodetabek,3,32000,0.0,96000
2026-04-19,PRD-08,DI Yogyakarta,20,14000,0.0,280000
2026-04-19,PRD-08,Jawa Tengah,10,14000,0.0,140000
2026-04-19,PRD-08,Jawa Timur,11,14000,0.0,154000
2026-04-19,PRD-08,Jabodetabek,13,14000,0.0,182000
2026-04-20,PRD-01,DI Yogyakarta,11,28000,0.0,308000
2026-04-20,PRD-01,Jawa Tengah,10,28000,0.0,280000
2026-04-20,PRD-01,Jawa Timur,11,28000,0.0,308000
2026-04-20,PRD-01,Jabodetabek,14,28000,0.0,392000
2026-04-20,PRD-02,DI Yogyakarta,19,26000,5.0,469300
2026-04-20,PRD-02,Jawa Tengah,11,26000,0.0,286000
2026-04-20,PRD-02,Jawa Timur,11,26000,0.0,286000
2026-04-20,PRD-02,Jabodetabek,11,26000,0.0,286000
2026-04-20,PRD-03,DI Yogyakarta,8,25000,10.0,180000
2026-04-20,PRD-03,Jawa Tengah,7,25000,5.0,166250
2026-04-20,PRD-03,Jawa Timur,5,25000,15.0,106250
2026-04-20,PRD-03,Jabodetabek,10,25000,0.0,250000
2026-04-20,PRD-04,DI Yogyakarta,21,15000,0.0,315000
2026-04-20,PRD-04,Jawa Tengah,16,15000,0.0,240000
2026-04-20,PRD-04,Jawa Timur,15,15000,0.0,225000
2026-04-20,PRD-04,Jabodetabek,18,15000,0.0,270000
2026-04-20,PRD-05,DI Yogyakarta,6,18000,10.0,97200
2026-04-20,PRD-05,Jawa Tengah,3,18000,5.0,51300
2026-04-20,PRD-05,Jawa Timur,3,18000,0.0,54000
2026-04-20,PRD-05,Jabodetabek,5,18000,0.0,90000
2026-04-20,PRD-06,DI Yogyakarta,13,12000,0.0,156000
2026-04-20,PRD-06,Jawa Tengah,14,12000,0.0,168000
2026-04-20,PRD-06,Jawa Timur,16,12000,0.0,192000
2026-04-20,PRD-06,Jabodetabek,26,12000,0.0,312000
2026-04-20,PRD-07,DI Yogyakarta,7,32000,0.0,224000
2026-04-20,PRD-07,Jawa Tengah,4,32000,5.0,121600
2026-04-20,PRD-07,Jawa Timur,3,32000,0.0,96000
2026-04-20,PRD-07,Jabodetabek,11,32000,0.0,352000
2026-04-20,PRD-08,DI Yogyakarta,9,14000,5.0,119700
2026-04-20,PRD-08,Jawa Tengah,8,14000,0.0,112000
2026-04-20,PRD-08,Jawa Timur,6,14000,0.0,84000
2026-04-20,PRD-08,Jabodetabek,4,14000,0.0,56000
2026-04-21,PRD-01,DI Yogyakarta,23,28000,0.0,644000
2026-04-21,PRD-01,Jawa Tengah,16,28000,5.0,425600
2026-04-21,PRD-01,Jawa Timur,10,28000,0.0,280000
2026-04-21,PRD-01,Jabodetabek,13,28000,0.0,364000
2026-04-21,PRD-02,DI Yogyakarta,15,26000,0.0,390000
2026-04-21,PRD-02,Jawa Tengah,15,26000,0.0,390000
2026-04-21,PRD-02,Jawa Timur,6,26000,15.0,132600
2026-04-21,PRD-02,Jabodetabek,11,26000,0.0,286000
2026-04-21,PRD-03,DI Yogyakarta,13,25000,5.0,308750
2026-04-21,PRD-03,Jawa Tengah,10,25000,0.0,250000
2026-04-21,PRD-03,Jawa Timur,6,25000,0.0,150000
2026-04-21,PRD-03,Jabodetabek,14,25000,0.0,350000
2026-04-21,PRD-04,DI Yogyakarta,29,15000,0.0,435000
2026-04-21,PRD-04,Jawa Tengah,20,15000,0.0,300000
2026-04-21,PRD-04,Jawa Timur,12,15000,10.0,162000
2026-04-21,PRD-04,Jabodetabek,24,15000,10.0,324000
2026-04-21,PRD-05,DI Yogyakarta,9,18000,0.0,162000
2026-04-21,PRD-05,Jawa Tengah,7,18000,5.0,119700
2026-04-21,PRD-05,Jawa Timur,2,18000,0.0,36000
2026-04-21,PRD-05,Jabodetabek,7,18000,0.0,126000
2026-04-21,PRD-06,DI Yogyakarta,20,12000,0.0,240000
2026-04-21,PRD-06,Jawa Tengah,14,12000,10.0,151200
2026-04-21,PRD-06,Jawa Timur,8,12000,0.0,96000
2026-04-21,PRD-06,Jabodetabek,18,12000,5.0,205200
2026-04-21,PRD-07,DI Yogyakarta,13,32000,0.0,416000
2026-04-21,PRD-07,Jawa Tengah,7,32000,0.0,224000
2026-04-21,PRD-07,Jawa Timur,2,32000,0.0,64000
2026-04-21,PRD-07,Jabodetabek,5,32000,0.0,160000
2026-04-21,PRD-08,DI Yogyakarta,7,14000,10.0,88200
2026-04-21,PRD-08,Jawa Tengah,4,14000,5.0,53200
2026-04-21,PRD-08,Jawa Timur,7,14000,0.0,98000
2026-04-21,PRD-08,Jabodetabek,11,14000,0.0,154000
2026-04-22,PRD-01,DI Yogyakarta,17,28000,0.0,476000
2026-04-22,PRD-01,Jawa Tengah,11,28000,0.0,308000
2026-04-22,PRD-01,Jawa Timur,14,28000,0.0,392000
2026-04-22,PRD-01,Jabodetabek,16,28000,0.0,448000
2026-04-22,PRD-02,DI Yogyakarta,18,26000,0.0,468000
2026-04-22,PRD-02,Jawa Tengah,13,26000,0.0,338000
2026-04-22,PRD-02,Jawa Timur,11,26000,0.0,286000
2026-04-22,PRD-02,Jabodetabek,14,26000,0.0,364000
2026-04-22,PRD-03,DI Yogyakarta,7,25000,0.0,175000
2026-04-22,PRD-03,Jawa Tengah,5,25000,0.0,125000
2026-04-22,PRD-03,Jawa Timur,5,25000,0.0,125000
2026-04-22,PRD-03,Jabodetabek,14,25000,5.0,332500
2026-04-22,PRD-04,DI Yogyakarta,26,15000,0.0,390000
2026-04-22,PRD-04,Jawa Tengah,16,15000,0.0,240000
2026-04-22,PRD-04,Jawa Timur,16,15000,0.0,240000
2026-04-22,PRD-04,Jabodetabek,32,15000,5.0,456000
2026-04-22,PRD-05,DI Yogyakarta,5,18000,5.0,85500
2026-04-22,PRD-05,Jawa Tengah,6,18000,5.0,102600
2026-04-22,PRD-05,Jawa Timur,5,18000,0.0,90000
2026-04-22,PRD-05,Jabodetabek,9,18000,0.0,162000
2026-04-22,PRD-06,DI Yogyakarta,28,12000,0.0,336000
2026-04-22,PRD-06,Jawa Tengah,12,12000,10.0,129600
2026-04-22,PRD-06,Jawa Timur,11,12000,0.0,132000
2026-04-22,PRD-06,Jabodetabek,6,12000,5.0,68400
2026-04-22,PRD-07,DI Yogyakarta,5,32000,0.0,160000
2026-04-22,PRD-07,Jawa Tengah,5,32000,5.0,152000
2026-04-22,PRD-07,Jawa Timur,2,32000,0.0,64000
2026-04-22,PRD-07,Jabodetabek,11,32000,0.0,352000
2026-04-22,PRD-08,DI Yogyakarta,7,14000,0.0,98000
2026-04-22,PRD-08,Jawa Tengah,12,14000,0.0,168000
2026-04-22,PRD-08,Jawa Timur,9,14000,0.0,126000
2026-04-22,PRD-08,Jabodetabek,11,14000,5.0,146300
2026-04-23,PRD-01,DI Yogyakarta,21,28000,15.0,499800
2026-04-23,PRD-01,Jawa Tengah,20,28000,0.0,560000
2026-04-23,PRD-01,Jawa Timur,10,28000,0.0,280000
2026-04-23,PRD-01,Jabodetabek,24,28000,0.0,672000
2026-04-23,PRD-02,DI Yogyakarta,13,26000,10.0,304200
2026-04-23,PRD-02,Jawa Tengah,7,26000,15.0,154700
2026-04-23,PRD-02,Jawa Timur,9,26000,0.0,234000
2026-04-23,PRD-02,Jabodetabek,14,26000,0.0,364000
2026-04-23,PRD-03,DI Yogyakarta,6,25000,0.0,150000
2026-04-23,PRD-03,Jawa Tengah,8,25000,0.0,200000
2026-04-23,PRD-03,Jawa Timur,11,25000,0.0,275000
2026-04-23,PRD-03,Jabodetabek,10,25000,0.0,250000
2026-04-23,PRD-04,DI Yogyakarta,24,15000,5.0,342000
2026-04-23,PRD-04,Jawa Tengah,23,15000,0.0,345000
2026-04-23,PRD-04,Jawa Timur,12,15000,10.0,162000
2026-04-23,PRD-04,Jabodetabek,26,15000,5.0,370500
2026-04-23,PRD-05,DI Yogyakarta,4,18000,10.0,64800
2026-04-23,PRD-05,Jawa Tengah,9,18000,0.0,162000
2026-04-23,PRD-05,Jawa Timur,4,18000,0.0,72000
2026-04-23,PRD-05,Jabodetabek,6,18000,0.0,108000
2026-04-23,PRD-06,DI Yogyakarta,14,12000,0.0,168000
2026-04-23,PRD-06,Jawa Tengah,12,12000,0.0,144000
2026-04-23,PRD-06,Jawa Timur,8,12000,5.0,91200
2026-04-23,PRD-06,Jabodetabek,21,12000,10.0,226800
2026-04-23,PRD-07,DI Yogyakarta,8,32000,0.0,256000
2026-04-23,PRD-07,Jawa Tengah,9,32000,10.0,259200
2026-04-23,PRD-07,Jawa Timur,4,32000,0.0,128000
2026-04-23,PRD-07,Jabodetabek,6,32000,0.0,192000
2026-04-23,PRD-08,DI Yogyakarta,3,14000,0.0,42000
2026-04-23,PRD-08,Jawa Tengah,4,14000,0.0,56000
2026-04-23,PRD-08,Jawa Timur,6,14000,0.0,84000
2026-04-23,PRD-08,Jabodetabek,10,14000,0.0,140000
2026-04-24,PRD-01,DI Yogyakarta,18,28000,0.0,504000
2026-04-24,PRD-01,Jawa Tengah,12,28000,0.0,336000
2026-04-24,PRD-01,Jawa Timur,14,28000,0.0,392000
2026-04-24,PRD-01,Jabodetabek,16,28000,0.0,448000
2026-04-24,PRD-02,DI Yogyakarta,13,26000,0.0,338000
2026-04-24,PRD-02,Jawa Tengah,12,26000,0.0,312000
2026-04-24,PRD-02,Jawa Timur,11,26000,0.0,286000
2026-04-24,PRD-02,Jabodetabek,11,26000,0.0,286000
2026-04-24,PRD-03,DI Yogyakarta,8,25000,0.0,200000
2026-04-24,PRD-03,Jawa Tengah,8,25000,10.0,180000
2026-04-24,PRD-03,Jawa Timur,7,25000,0.0,175000
2026-04-24,PRD-03,Jabodetabek,8,25000,0.0,200000
2026-04-24,PRD-04,DI Yogyakarta,21,15000,0.0,315000
2026-04-24,PRD-04,Jawa Tengah,21,15000,0.0,315000
2026-04-24,PRD-04,Jawa Timur,17,15000,5.0,242250
2026-04-24,PRD-04,Jabodetabek,17,15000,10.0,229500
2026-04-24,PRD-05,DI Yogyakarta,6,18000,5.0,102600
2026-04-24,PRD-05,Jawa Tengah,3,18000,0.0,54000
2026-04-24,PRD-05,Jawa Timur,8,18000,10.0,129600
2026-04-24,PRD-05,Jabodetabek,9,18000,0.0,162000
2026-04-24,PRD-06,DI Yogyakarta,22,12000,5.0,250800
2026-04-24,PRD-06,Jawa Tengah,17,12000,10.0,183600
2026-04-24,PRD-06,Jawa Timur,5,12000,0.0,60000
2026-04-24,PRD-06,Jabodetabek,21,12000,0.0,252000
2026-04-24,PRD-07,DI Yogyakarta,5,32000,5.0,152000
2026-04-24,PRD-07,Jawa Tengah,2,32000,0.0,64000
2026-04-24,PRD-07,Jawa Timur,5,32000,5.0,152000
2026-04-24,PRD-07,Jabodetabek,2,32000,0.0,64000
2026-04-24,PRD-08,DI Yogyakarta,14,14000,0.0,196000
2026-04-24,PRD-08,Jawa Tengah,9,14000,5.0,119700
2026-04-24,PRD-08,Jawa Timur,3,14000,0.0,42000
2026-04-24,PRD-08,Jabodetabek,5,14000,10.0,63000
2026-04-25,PRD-01,DI Yogyakarta,23,28000,10.0,579600
2026-04-25,PRD-01,Jawa Tengah,16,28000,0.0,448000
2026-04-25,PRD-01,Jawa Timur,11,28000,0.0,308000
2026-04-25,PRD-01,Jabodetabek,18,28000,15.0,428400
2026-04-25,PRD-02,DI Yogyakarta,19,26000,10.0,444600
2026-04-25,PRD-02,Jawa Tengah,12,26000,0.0,312000
2026-04-25,PRD-02,Jawa Timur,12,26000,5.0,296400
2026-04-25,PRD-02,Jabodetabek,15,26000,0.0,390000
2026-04-25,PRD-03,DI Yogyakarta,9,25000,5.0,213750
2026-04-25,PRD-03,Jawa Tengah,11,25000,0.0,275000
2026-04-25,PRD-03,Jawa Timur,8,25000,0.0,200000
2026-04-25,PRD-03,Jabodetabek,15,25000,0.0,375000
2026-04-25,PRD-04,DI Yogyakarta,39,15000,0.0,585000
2026-04-25,PRD-04,Jawa Tengah,41,15000,0.0,615000
2026-04-25,PRD-04,Jawa Timur,22,15000,10.0,297000
2026-04-25,PRD-04,Jabodetabek,27,15000,5.0,384750
2026-04-25,PRD-05,DI Yogyakarta,12,18000,0.0,216000
2026-04-25,PRD-05,Jawa Tengah,11,18000,0.0,198000
2026-04-25,PRD-05,Jawa Timur,7,18000,0.0,126000
2026-04-25,PRD-05,Jabodetabek,13,18000,0.0,234000
2026-04-25,PRD-06,DI Yogyakarta,32,12000,0.0,384000
2026-04-25,PRD-06,Jawa Tengah,24,12000,0.0,288000
2026-04-25,PRD-06,Jawa Timur,18,12000,10.0,194400
2026-04-25,PRD-06,Jabodetabek,30,12000,0.0,360000
2026-04-25,PRD-07,DI Yogyakarta,13,32000,0.0,416000
2026-04-25,PRD-07,Jawa Tengah,8,32000,0.0,256000
2026-04-25,PRD-07,Jawa Timur,6,32000,0.0,192000
2026-04-25,PRD-07,Jabodetabek,5,32000,0.0,160000
2026-04-25,PRD-08,DI Yogyakarta,15,14000,0.0,210000
2026-04-25,PRD-08,Jawa Tengah,8,14000,0.0,112000
2026-04-25,PRD-08,Jawa Timur,6,14000,5.0,79800
2026-04-25,PRD-08,Jabodetabek,15,14000,0.0,210000
2026-04-26,PRD-01,DI Yogyakarta,24,28000,0.0,672000
2026-04-26,PRD-01,Jawa Tengah,15,28000,0.0,420000
2026-04-26,PRD-01,Jawa Timur,14,28000,0.0,392000
2026-04-26,PRD-01,Jabodetabek,25,28000,0.0,700000
2026-04-26,PRD-02,DI Yogyakarta,18,26000,10.0,421200
2026-04-26,PRD-02,Jawa Tengah,13,26000,0.0,338000
2026-04-26,PRD-02,Jawa Timur,18,26000,0.0,468000
2026-04-26,PRD-02,Jabodetabek,18,26000,10.0,421200
2026-04-26,PRD-03,DI Yogyakarta,12,25000,0.0,300000
2026-04-26,PRD-03,Jawa Tengah,8,25000,0.0,200000
2026-04-26,PRD-03,Jawa Timur,7,25000,0.0,175000
2026-04-26,PRD-03,Jabodetabek,10,25000,0.0,250000
2026-04-26,PRD-04,DI Yogyakarta,48,15000,0.0,720000
2026-04-26,PRD-04,Jawa Tengah,16,15000,0.0,240000
2026-04-26,PRD-04,Jawa Timur,24,15000,5.0,342000
2026-04-26,PRD-04,Jabodetabek,28,15000,0.0,420000
2026-04-26,PRD-05,DI Yogyakarta,8,18000,15.0,122400
2026-04-26,PRD-05,Jawa Tengah,9,18000,0.0,162000
2026-04-26,PRD-05,Jawa Timur,8,18000,5.0,136800
2026-04-26,PRD-05,Jabodetabek,10,18000,10.0,162000
2026-04-26,PRD-06,DI Yogyakarta,36,12000,0.0,432000
2026-04-26,PRD-06,Jawa Tengah,21,12000,10.0,226800
2026-04-26,PRD-06,Jawa Timur,15,12000,0.0,180000
2026-04-26,PRD-06,Jabodetabek,27,12000,0.0,324000
2026-04-26,PRD-07,DI Yogyakarta,11,32000,0.0,352000
2026-04-26,PRD-07,Jawa Tengah,6,32000,5.0,182400
2026-04-26,PRD-07,Jawa Timur,1,32000,0.0,32000
2026-04-26,PRD-07,Jabodetabek,5,32000,0.0,160000
2026-04-26,PRD-08,DI Yogyakarta,15,14000,0.0,210000
2026-04-26,PRD-08,Jawa Tengah,9,14000,0.0,126000
2026-04-26,PRD-08,Jawa Timur,2,14000,0.0,28000
2026-04-26,PRD-08,Jabodetabek,13,14000,10.0,163800
2026-04-27,PRD-01,DI Yogyakarta,11,28000,0.0,308000
2026-04-27,PRD-01,Jawa Tengah,16,28000,0.0,448000
2026-04-27,PRD-01,Jawa Timur,8,28000,0.0,224000
2026-04-27,PRD-01,Jabodetabek,15,28000,0.0,420000
2026-04-27,PRD-02,DI Yogyakarta,13,26000,0.0,338000
2026-04-27,PRD-02,Jawa Tengah,5,26000,0.0,130000
2026-04-27,PRD-02,Jawa Timur,7,26000,0.0,182000
2026-04-27,PRD-02,Jabodetabek,21,26000,0.0,546000
2026-04-27,PRD-03,DI Yogyakarta,7,25000,10.0,157500
2026-04-27,PRD-03,Jawa Tengah,6,25000,0.0,150000
2026-04-27,PRD-03,Jawa Timur,6,25000,0.0,150000
2026-04-27,PRD-03,Jabodetabek,11,25000,0.0,275000
2026-04-27,PRD-04,DI Yogyakarta,35,15000,0.0,525000
2026-04-27,PRD-04,Jawa Tengah,14,15000,0.0,210000
2026-04-27,PRD-04,Jawa Timur,20,15000,10.0,270000
2026-04-27,PRD-04,Jabodetabek,21,15000,0.0,315000
2026-04-27,PRD-05,DI Yogyakarta,8,18000,5.0,136800
2026-04-27,PRD-05,Jawa Tengah,4,18000,0.0,72000
2026-04-27,PRD-05,Jawa Timur,3,18000,0.0,54000
2026-04-27,PRD-05,Jabodetabek,6,18000,0.0,108000
2026-04-27,PRD-06,DI Yogyakarta,18,12000,10.0,194400
2026-04-27,PRD-06,Jawa Tengah,15,12000,0.0,180000
2026-04-27,PRD-06,Jawa Timur,9,12000,10.0,97200
2026-04-27,PRD-06,Jabodetabek,14,12000,0.0,168000
2026-04-27,PRD-07,DI Yogyakarta,5,32000,0.0,160000
2026-04-27,PRD-07,Jawa Tengah,11,32000,0.0,352000
2026-04-27,PRD-07,Jawa Timur,6,32000,0.0,192000
2026-04-27,PRD-07,Jabodetabek,3,32000,0.0,96000
2026-04-27,PRD-08,DI Yogyakarta,13,14000,10.0,163800
2026-04-27,PRD-08,Jawa Tengah,8,14000,10.0,100800
2026-04-27,PRD-08,Jawa Timur,6,14000,0.0,84000
2026-04-27,PRD-08,Jabodetabek,9,14000,0.0,126000
2026-04-28,PRD-01,DI Yogyakarta,16,28000,0.0,448000
2026-04-28,PRD-01,Jawa Tengah,10,28000,0.0,280000
2026-04-28,PRD-01,Jawa Timur,13,28000,0.0,364000
2026-04-28,PRD-01,Jabodetabek,16,28000,0.0,448000
2026-04-28,PRD-02,DI Yogyakarta,12,26000,0.0,312000
2026-04-28,PRD-02,Jawa Tengah,8,26000,0.0,208000
2026-04-28,PRD-02,Jawa Timur,7,26000,0.0,182000
2026-04-28,PRD-02,Jabodetabek,12,26000,0.0,312000
2026-04-28,PRD-03,DI Yogyakarta,15,25000,0.0,375000
2026-04-28,PRD-03,Jawa Tengah,5,25000,0.0,125000
2026-04-28,PRD-03,Jawa Timur,6,25000,0.0,150000
2026-04-28,PRD-03,Jabodetabek,12,25000,0.0,300000
2026-04-28,PRD-04,DI Yogyakarta,32,15000,15.0,408000
2026-04-28,PRD-04,Jawa Tengah,16,15000,0.0,240000
2026-04-28,PRD-04,Jawa Timur,13,15000,0.0,195000
2026-04-28,PRD-04,Jabodetabek,24,15000,0.0,360000
2026-04-28,PRD-05,DI Yogyakarta,4,18000,0.0,72000
2026-04-28,PRD-05,Jawa Tengah,6,18000,0.0,108000
2026-04-28,PRD-05,Jawa Timur,2,18000,0.0,36000
2026-04-28,PRD-05,Jabodetabek,8,18000,0.0,144000
2026-04-28,PRD-06,DI Yogyakarta,23,12000,10.0,248400
2026-04-28,PRD-06,Jawa Tengah,12,12000,0.0,144000
2026-04-28,PRD-06,Jawa Timur,10,12000,0.0,120000
2026-04-28,PRD-06,Jabodetabek,16,12000,0.0,192000
2026-04-28,PRD-07,DI Yogyakarta,8,32000,0.0,256000
2026-04-28,PRD-07,Jawa Tengah,8,32000,0.0,256000
2026-04-28,PRD-07,Jawa Timur,3,32000,0.0,96000
2026-04-28,PRD-07,Jabodetabek,2,32000,0.0,64000
2026-04-28,PRD-08,DI Yogyakarta,11,14000,0.0,154000
2026-04-28,PRD-08,Jawa Tengah,4,14000,5.0,53200
2026-04-28,PRD-08,Jawa Timur,7,14000,5.0,93100
2026-04-28,PRD-08,Jabodetabek,8,14000,0.0,112000
2026-04-29,PRD-01,DI Yogyakarta,26,28000,0.0,728000
2026-04-29,PRD-01,Jawa Tengah,16,28000,5.0,425600
2026-04-29,PRD-01,Jawa Timur,10,28000,0.0,280000
2026-04-29,PRD-01,Jabodetabek,21,28000,0.0,588000
2026-04-29,PRD-02,DI Yogyakarta,15,26000,0.0,390000
2026-04-29,PRD-02,Jawa Tengah,10,26000,0.0,260000
2026-04-29,PRD-02,Jawa Timur,4,26000,0.0,104000
2026-04-29,PRD-02,Jabodetabek,13,26000,0.0,338000
2026-04-29,PRD-03,DI Yogyakarta,5,25000,0.0,125000
2026-04-29,PRD-03,Jawa Tengah,13,25000,15.0,276250
2026-04-29,PRD-03,Jawa Timur,10,25000,0.0,250000
2026-04-29,PRD-03,Jabodetabek,6,25000,5.0,142500
2026-04-29,PRD-04,DI Yogyakarta,33,15000,0.0,495000
2026-04-29,PRD-04,Jawa Tengah,18,15000,0.0,270000
2026-04-29,PRD-04,Jawa Timur,13,15000,0.0,195000
2026-04-29,PRD-04,Jabodetabek,18,15000,0.0,270000
2026-04-29,PRD-05,DI Yogyakarta,7,18000,0.0,126000
2026-04-29,PRD-05,Jawa Tengah,6,18000,0.0,108000
2026-04-29,PRD-05,Jawa Timur,6,18000,0.0,108000
2026-04-29,PRD-05,Jabodetabek,7,18000,0.0,126000
2026-04-29,PRD-06,DI Yogyakarta,28,12000,0.0,336000
2026-04-29,PRD-06,Jawa Tengah,21,12000,0.0,252000
2026-04-29,PRD-06,Jawa Timur,19,12000,0.0,228000
2026-04-29,PRD-06,Jabodetabek,16,12000,0.0,192000
2026-04-29,PRD-07,DI Yogyakarta,9,32000,0.0,288000
2026-04-29,PRD-07,Jawa Tengah,3,32000,0.0,96000
2026-04-29,PRD-07,Jawa Timur,3,32000,0.0,96000
2026-04-29,PRD-07,Jabodetabek,9,32000,0.0,288000
2026-04-29,PRD-08,DI Yogyakarta,8,14000,10.0,100800
2026-04-29,PRD-08,Jawa Tengah,10,14000,10.0,126000
2026-04-29,PRD-08,Jawa Timur,7,14000,15.0,83300
2026-04-29,PRD-08,Jabodetabek,10,14000,0.0,140000
2026-04-30,PRD-01,DI Yogyakarta,18,28000,10.0,453600
2026-04-30,PRD-01,Jawa Tengah,9,28000,5.0,239400
2026-04-30,PRD-01,Jawa Timur,13,28000,0.0,364000
2026-04-30,PRD-01,Jabodetabek,19,28000,0.0,532000
2026-04-30,PRD-02,DI Yogyakarta,9,26000,0.0,234000
2026-04-30,PRD-02,Jawa Tengah,18,26000,0.0,468000
2026-04-30,PRD-02,Jawa Timur,6,26000,0.0,156000
2026-04-30,PRD-02,Jabodetabek,17,26000,0.0,442000
2026-04-30,PRD-03,DI Yogyakarta,11,25000,5.0,261250
2026-04-30,PRD-03,Jawa Tengah,9,25000,0.0,225000
2026-04-30,PRD-03,Jawa Timur,5,25000,0.0,125000
2026-04-30,PRD-03,Jabodetabek,6,25000,0.0,150000
2026-04-30,PRD-04,DI Yogyakarta,24,15000,0.0,360000
2026-04-30,PRD-04,Jawa Tengah,21,15000,0.0,315000
2026-04-30,PRD-04,Jawa Timur,24,15000,0.0,360000
2026-04-30,PRD-04,Jabodetabek,20,15000,0.0,300000
2026-04-30,PRD-05,DI Yogyakarta,12,18000,15.0,183600
2026-04-30,PRD-05,Jawa Tengah,4,18000,0.0,72000
2026-04-30,PRD-05,Jawa Timur,3,18000,10.0,48600
2026-04-30,PRD-05,Jabodetabek,4,18000,0.0,72000
2026-04-30,PRD-06,DI Yogyakarta,28,12000,0.0,336000
2026-04-30,PRD-06,Jawa Tengah,10,12000,0.0,120000
2026-04-30,PRD-06,Jawa Timur,18,12000,0.0,216000
2026-04-30,PRD-06,Jabodetabek,16,12000,0.0,192000
2026-04-30,PRD-07,DI Yogyakarta,6,32000,0.0,192000
2026-04-30,PRD-07,Jawa Tengah,5,32000,0.0,160000
2026-04-30,PRD-07,Jawa Timur,2,32000,0.0,64000
2026-04-30,PRD-07,Jabodetabek,11,32000,0.0,352000
2026-04-30,PRD-08,DI Yogyakarta,8,14000,0.0,112000
2026-04-30,PRD-08,Jawa Tengah,5,14000,5.0,66500
2026-04-30,PRD-08,Jawa Timur,10,14000,0.0,140000
2026-04-30,PRD-08,Jabodetabek,13,14000,0.0,182000
2026-05-01,PRD-01,DI Yogyakarta,28,28000,0.0,784000
2026-05-01,PRD-01,Jawa Tengah,11,28000,0.0,308000
2026-05-01,PRD-01,Jawa Timur,7,28000,0.0,196000
2026-05-01,PRD-01,Jabodetabek,16,28000,0.0,448000
2026-05-01,PRD-02,DI Yogyakarta,12,26000,0.0,312000
2026-05-01,PRD-02,Jawa Tengah,12,26000,0.0,312000
2026-05-01,PRD-02,Jawa Timur,7,26000,5.0,172900
2026-05-01,PRD-02,Jabodetabek,13,26000,0.0,338000
2026-05-01,PRD-03,DI Yogyakarta,7,25000,0.0,175000
2026-05-01,PRD-03,Jawa Tengah,4,25000,0.0,100000
2026-05-01,PRD-03,Jawa Timur,8,25000,10.0,180000
2026-05-01,PRD-03,Jabodetabek,7,25000,0.0,175000
2026-05-01,PRD-04,DI Yogyakarta,25,15000,0.0,375000
2026-05-01,PRD-04,Jawa Tengah,23,15000,0.0,345000
2026-05-01,PRD-04,Jawa Timur,21,15000,0.0,315000
2026-05-01,PRD-04,Jabodetabek,22,15000,0.0,330000
2026-05-01,PRD-05,DI Yogyakarta,6,18000,0.0,108000
2026-05-01,PRD-05,Jawa Tengah,5,18000,0.0,90000
2026-05-01,PRD-05,Jawa Timur,4,18000,5.0,68400
2026-05-01,PRD-05,Jabodetabek,13,18000,0.0,234000
2026-05-01,PRD-06,DI Yogyakarta,21,12000,0.0,252000
2026-05-01,PRD-06,Jawa Tengah,17,12000,0.0,204000
2026-05-01,PRD-06,Jawa Timur,10,12000,5.0,114000
2026-05-01,PRD-06,Jabodetabek,10,12000,0.0,120000
2026-05-01,PRD-07,DI Yogyakarta,6,32000,0.0,192000
2026-05-01,PRD-07,Jawa Tengah,1,32000,10.0,28800
2026-05-01,PRD-07,Jawa Timur,5,32000,0.0,160000
2026-05-01,PRD-07,Jabodetabek,5,32000,0.0,160000
2026-05-01,PRD-08,DI Yogyakarta,16,14000,0.0,224000
2026-05-01,PRD-08,Jawa Tengah,12,14000,0.0,168000
2026-05-01,PRD-08,Jawa Timur,7,14000,0.0,98000
2026-05-01,PRD-08,Jabodetabek,12,14000,0.0,168000
2026-05-02,PRD-01,DI Yogyakarta,25,28000,0.0,700000
2026-05-02,PRD-01,Jawa Tengah,30,28000,0.0,840000
2026-05-02,PRD-01,Jawa Timur,13,28000,15.0,309400
2026-05-02,PRD-01,Jabodetabek,27,28000,0.0,756000
2026-05-02,PRD-02,DI Yogyakarta,26,26000,0.0,676000
2026-05-02,PRD-02,Jawa Tengah,15,26000,0.0,390000
2026-05-02,PRD-02,Jawa Timur,9,26000,0.0,234000
2026-05-02,PRD-02,Jabodetabek,16,26000,5.0,395200
2026-05-02,PRD-03,DI Yogyakarta,10,25000,5.0,237500
2026-05-02,PRD-03,Jawa Tengah,8,25000,0.0,200000
2026-05-02,PRD-03,Jawa Timur,6,25000,0.0,150000
2026-05-02,PRD-03,Jabodetabek,7,25000,0.0,175000
2026-05-02,PRD-04,DI Yogyakarta,37,15000,5.0,527250
2026-05-02,PRD-04,Jawa Tengah,30,15000,15.0,382500
2026-05-02,PRD-04,Jawa Timur,13,15000,10.0,175500
2026-05-02,PRD-04,Jabodetabek,29,15000,0.0,435000
2026-05-02,PRD-05,DI Yogyakarta,12,18000,0.0,216000
2026-05-02,PRD-05,Jawa Tengah,6,18000,0.0,108000
2026-05-02,PRD-05,Jawa Timur,8,18000,0.0,144000
2026-05-02,PRD-05,Jabodetabek,10,18000,0.0,180000
2026-05-02,PRD-06,DI Yogyakarta,16,12000,5.0,182400
2026-05-02,PRD-06,Jawa Tengah,20,12000,0.0,240000
2026-05-02,PRD-06,Jawa Timur,23,12000,0.0,276000
2026-05-02,PRD-06,Jabodetabek,24,12000,0.0,288000
2026-05-02,PRD-07,DI Yogyakarta,11,32000,0.0,352000
2026-05-02,PRD-07,Jawa Tengah,8,32000,0.0,256000
2026-05-02,PRD-07,Jawa Timur,5,32000,0.0,160000
2026-05-02,PRD-07,Jabodetabek,7,32000,0.0,224000
2026-05-02,PRD-08,DI Yogyakarta,13,14000,0.0,182000
2026-05-02,PRD-08,Jawa Tengah,9,14000,0.0,126000
2026-05-02,PRD-08,Jawa Timur,10,14000,5.0,133000
2026-05-02,PRD-08,Jabodetabek,13,14000,0.0,182000
2026-05-03,PRD-01,DI Yogyakarta,34,28000,0.0,952000
2026-05-03,PRD-01,Jawa Tengah,22,28000,0.0,616000
2026-05-03,PRD-01,Jawa Timur,21,28000,10.0,529200
2026-05-03,PRD-01,Jabodetabek,13,28000,5.0,345800
2026-05-03,PRD-02,DI Yogyakarta,14,26000,15.0,309400
2026-05-03,PRD-02,Jawa Tengah,12,26000,0.0,312000
2026-05-03,PRD-02,Jawa Timur,14,26000,0.0,364000
2026-05-03,PRD-02,Jabodetabek,16,26000,0.0,416000
2026-05-03,PRD-03,DI Yogyakarta,13,25000,0.0,325000
2026-05-03,PRD-03,Jawa Tengah,14,25000,0.0,350000
2026-05-03,PRD-03,Jawa Timur,10,25000,0.0,250000
2026-05-03,PRD-03,Jabodetabek,2,25000,0.0,50000
2026-05-03,PRD-04,DI Yogyakarta,40,15000,0.0,600000
2026-05-03,PRD-04,Jawa Tengah,34,15000,0.0,510000
2026-05-03,PRD-04,Jawa Timur,26,15000,0.0,390000
2026-05-03,PRD-04,Jabodetabek,37,15000,0.0,555000
2026-05-03,PRD-05,DI Yogyakarta,9,18000,0.0,162000
2026-05-03,PRD-05,Jawa Tengah,11,18000,10.0,178200
2026-05-03,PRD-05,Jawa Timur,4,18000,5.0,68400
2026-05-03,PRD-05,Jabodetabek,7,18000,0.0,126000
2026-05-03,PRD-06,DI Yogyakarta,26,12000,5.0,296400
2026-05-03,PRD-06,Jawa Tengah,28,12000,0.0,336000
2026-05-03,PRD-06,Jawa Timur,11,12000,0.0,132000
2026-05-03,PRD-06,Jabodetabek,28,12000,0.0,336000
2026-05-03,PRD-07,DI Yogyakarta,11,32000,0.0,352000
2026-05-03,PRD-07,Jawa Tengah,5,32000,0.0,160000
2026-05-03,PRD-07,Jawa Timur,4,32000,0.0,128000
2026-05-03,PRD-07,Jabodetabek,9,32000,0.0,288000
2026-05-03,PRD-08,DI Yogyakarta,23,14000,0.0,322000
2026-05-03,PRD-08,Jawa Tengah,12,14000,0.0,168000
2026-05-03,PRD-08,Jawa Timur,12,14000,0.0,168000
2026-05-03,PRD-08,Jabodetabek,12,14000,0.0,168000
2026-05-04,PRD-01,DI Yogyakarta,21,28000,0.0,588000
2026-05-04,PRD-01,Jawa Tengah,14,28000,0.0,392000
2026-05-04,PRD-01,Jawa Timur,10,28000,5.0,266000
2026-05-04,PRD-01,Jabodetabek,14,28000,10.0,352800
2026-05-04,PRD-02,DI Yogyakarta,11,26000,0.0,286000
2026-05-04,PRD-02,Jawa Tengah,12,26000,0.0,312000
2026-05-04,PRD-02,Jawa Timur,12,26000,10.0,280800
2026-05-04,PRD-02,Jabodetabek,15,26000,10.0,351000
2026-05-04,PRD-03,DI Yogyakarta,9,25000,0.0,225000
2026-05-04,PRD-03,Jawa Tengah,4,25000,0.0,100000
2026-05-04,PRD-03,Jawa Timur,7,25000,0.0,175000
2026-05-04,PRD-03,Jabodetabek,12,25000,0.0,300000
2026-05-04,PRD-04,DI Yogyakarta,25,15000,0.0,375000
2026-05-04,PRD-04,Jawa Tengah,27,15000,0.0,405000
2026-05-04,PRD-04,Jawa Timur,12,15000,0.0,180000
2026-05-04,PRD-04,Jabodetabek,31,15000,0.0,465000
2026-05-04,PRD-05,DI Yogyakarta,8,18000,5.0,136800
2026-05-04,PRD-05,Jawa Tengah,8,18000,0.0,144000
2026-05-04,PRD-05,Jawa Timur,3,18000,0.0,54000
2026-05-04,PRD-05,Jabodetabek,2,18000,0.0,36000
2026-05-04,PRD-06,DI Yogyakarta,20,12000,0.0,240000
2026-05-04,PRD-06,Jawa Tengah,18,12000,0.0,216000
2026-05-04,PRD-06,Jawa Timur,10,12000,5.0,114000
2026-05-04,PRD-06,Jabodetabek,25,12000,0.0,300000
2026-05-04,PRD-07,DI Yogyakarta,6,32000,0.0,192000
2026-05-04,PRD-07,Jawa Tengah,3,32000,0.0,96000
2026-05-04,PRD-07,Jawa Timur,5,32000,0.0,160000
2026-05-04,PRD-07,Jabodetabek,4,32000,5.0,121600
2026-05-04,PRD-08,DI Yogyakarta,12,14000,10.0,151200
2026-05-04,PRD-08,Jawa Tengah,11,14000,5.0,146300
2026-05-04,PRD-08,Jawa Timur,11,14000,0.0,154000
2026-05-04,PRD-08,Jabodetabek,10,14000,0.0,140000
2026-05-05,PRD-01,DI Yogyakarta,15,28000,0.0,420000
2026-05-05,PRD-01,Jawa Tengah,15,28000,0.0,420000
2026-05-05,PRD-01,Jawa Timur,11,28000,0.0,308000
2026-05-05,PRD-01,Jabodetabek,18,28000,15.0,428400
2026-05-05,PRD-02,DI Yogyakarta,19,26000,0.0,494000
2026-05-05,PRD-02,Jawa Tengah,7,26000,0.0,182000
2026-05-05,PRD-02,Jawa Timur,8,26000,0.0,208000
2026-05-05,PRD-02,Jabodetabek,19,26000,0.0,494000
2026-05-05,PRD-03,DI Yogyakarta,10,25000,0.0,250000
2026-05-05,PRD-03,Jawa Tengah,4,25000,0.0,100000
2026-05-05,PRD-03,Jawa Timur,5,25000,0.0,125000
2026-05-05,PRD-03,Jabodetabek,11,25000,0.0,275000
2026-05-05,PRD-04,DI Yogyakarta,35,15000,0.0,525000
2026-05-05,PRD-04,Jawa Tengah,19,15000,0.0,285000
2026-05-05,PRD-04,Jawa Timur,12,15000,0.0,180000
2026-05-05,PRD-04,Jabodetabek,21,15000,0.0,315000
2026-05-05,PRD-05,DI Yogyakarta,11,18000,0.0,198000
2026-05-05,PRD-05,Jawa Tengah,4,18000,0.0,72000
2026-05-05,PRD-05,Jawa Timur,6,18000,0.0,108000
2026-05-05,PRD-05,Jabodetabek,5,18000,0.0,90000
2026-05-05,PRD-06,DI Yogyakarta,19,12000,0.0,228000
2026-05-05,PRD-06,Jawa Tengah,16,12000,0.0,192000
2026-05-05,PRD-06,Jawa Timur,14,12000,0.0,168000
2026-05-05,PRD-06,Jabodetabek,16,12000,5.0,182400
2026-05-05,PRD-07,DI Yogyakarta,9,32000,0.0,288000
2026-05-05,PRD-07,Jawa Tengah,4,32000,0.0,128000
2026-05-05,PRD-07,Jawa Timur,7,32000,0.0,224000
2026-05-05,PRD-07,Jabodetabek,10,32000,0.0,320000
2026-05-05,PRD-08,DI Yogyakarta,15,14000,0.0,210000
2026-05-05,PRD-08,Jawa Tengah,7,14000,0.0,98000
2026-05-05,PRD-08,Jawa Timur,9,14000,0.0,126000
2026-05-05,PRD-08,Jabodetabek,10,14000,5.0,133000
2026-05-06,PRD-01,DI Yogyakarta,20,28000,0.0,560000
2026-05-06,PRD-01,Jawa Tengah,15,28000,0.0,420000
2026-05-06,PRD-01,Jawa Timur,11,28000,0.0,308000
2026-05-06,PRD-01,Jabodetabek,8,28000,0.0,224000
2026-05-06,PRD-02,DI Yogyakarta,16,26000,0.0,416000
2026-05-06,PRD-02,Jawa Tengah,12,26000,0.0,312000
2026-05-06,PRD-02,Jawa Timur,4,26000,0.0,104000
2026-05-06,PRD-02,Jabodetabek,11,26000,0.0,286000
2026-05-06,PRD-03,DI Yogyakarta,14,25000,0.0,350000
2026-05-06,PRD-03,Jawa Tengah,8,25000,0.0,200000
2026-05-06,PRD-03,Jawa Timur,9,25000,0.0,225000
2026-05-06,PRD-03,Jabodetabek,5,25000,0.0,125000
2026-05-06,PRD-04,DI Yogyakarta,30,15000,0.0,450000
2026-05-06,PRD-04,Jawa Tengah,16,15000,0.0,240000
2026-05-06,PRD-04,Jawa Timur,9,15000,0.0,135000
2026-05-06,PRD-04,Jabodetabek,28,15000,5.0,399000
2026-05-06,PRD-05,DI Yogyakarta,12,18000,10.0,194400
2026-05-06,PRD-05,Jawa Tengah,6,18000,0.0,108000
2026-05-06,PRD-05,Jawa Timur,5,18000,10.0,81000
2026-05-06,PRD-05,Jabodetabek,5,18000,0.0,90000
2026-05-06,PRD-06,DI Yogyakarta,26,12000,0.0,312000
2026-05-06,PRD-06,Jawa Tengah,12,12000,10.0,129600
2026-05-06,PRD-06,Jawa Timur,10,12000,15.0,102000
2026-05-06,PRD-06,Jabodetabek,18,12000,0.0,216000
2026-05-06,PRD-07,DI Yogyakarta,6,32000,0.0,192000
2026-05-06,PRD-07,Jawa Tengah,3,32000,0.0,96000
2026-05-06,PRD-07,Jawa Timur,3,32000,0.0,96000
2026-05-06,PRD-07,Jabodetabek,7,32000,0.0,224000
2026-05-06,PRD-08,DI Yogyakarta,16,14000,0.0,224000
2026-05-06,PRD-08,Jawa Tengah,9,14000,10.0,113400
2026-05-06,PRD-08,Jawa Timur,4,14000,0.0,56000
2026-05-06,PRD-08,Jabodetabek,6,14000,0.0,84000
2026-05-07,PRD-01,DI Yogyakarta,12,28000,0.0,336000
2026-05-07,PRD-01,Jawa Tengah,17,28000,5.0,452200
2026-05-07,PRD-01,Jawa Timur,8,28000,0.0,224000
2026-05-07,PRD-01,Jabodetabek,16,28000,0.0,448000
2026-05-07,PRD-02,DI Yogyakarta,21,26000,0.0,546000
2026-05-07,PRD-02,Jawa Tengah,10,26000,0.0,260000
2026-05-07,PRD-02,Jawa Timur,10,26000,0.0,260000
2026-05-07,PRD-02,Jabodetabek,12,26000,10.0,280800
2026-05-07,PRD-03,DI Yogyakarta,6,25000,5.0,142500
2026-05-07,PRD-03,Jawa Tengah,2,25000,0.0,50000
2026-05-07,PRD-03,Jawa Timur,4,25000,0.0,100000
2026-05-07,PRD-03,Jabodetabek,8,25000,0.0,200000
2026-05-07,PRD-04,DI Yogyakarta,26,15000,10.0,351000
2026-05-07,PRD-04,Jawa Tengah,25,15000,0.0,375000
2026-05-07,PRD-04,Jawa Timur,11,15000,0.0,165000
2026-05-07,PRD-04,Jabodetabek,18,15000,0.0,270000
2026-05-07,PRD-05,DI Yogyakarta,14,18000,5.0,239400
2026-05-07,PRD-05,Jawa Tengah,7,18000,5.0,119700
2026-05-07,PRD-05,Jawa Timur,4,18000,0.0,72000
2026-05-07,PRD-05,Jabodetabek,6,18000,10.0,97200
2026-05-07,PRD-06,DI Yogyakarta,18,12000,0.0,216000
2026-05-07,PRD-06,Jawa Tengah,13,12000,0.0,156000
2026-05-07,PRD-06,Jawa Timur,9,12000,0.0,108000
2026-05-07,PRD-06,Jabodetabek,26,12000,0.0,312000
2026-05-07,PRD-07,DI Yogyakarta,11,32000,0.0,352000
2026-05-07,PRD-07,Jawa Tengah,6,32000,5.0,182400
2026-05-07,PRD-07,Jawa Timur,2,32000,0.0,64000
2026-05-07,PRD-07,Jabodetabek,3,32000,0.0,96000
2026-05-07,PRD-08,DI Yogyakarta,17,14000,0.0,238000
2026-05-07,PRD-08,Jawa Tengah,7,14000,0.0,98000
2026-05-07,PRD-08,Jawa Timur,6,14000,0.0,84000
2026-05-07,PRD-08,Jabodetabek,10,14000,0.0,140000
2026-05-08,PRD-01,DI Yogyakarta,20,28000,5.0,532000
2026-05-08,PRD-01,Jawa Tengah,14,28000,0.0,392000
2026-05-08,PRD-01,Jawa Timur,10,28000,0.0,280000
2026-05-08,PRD-01,Jabodetabek,17,28000,5.0,452200
2026-05-08,PRD-02,DI Yogyakarta,19,26000,10.0,444600
2026-05-08,PRD-02,Jawa Tengah,12,26000,0.0,312000
2026-05-08,PRD-02,Jawa Timur,8,26000,10.0,187200
2026-05-08,PRD-02,Jabodetabek,4,26000,5.0,98800
2026-05-08,PRD-03,DI Yogyakarta,13,25000,10.0,292500
2026-05-08,PRD-03,Jawa Tengah,10,25000,0.0,250000
2026-05-08,PRD-03,Jawa Timur,6,25000,0.0,150000
2026-05-08,PRD-03,Jabodetabek,10,25000,0.0,250000
2026-05-08,PRD-04,DI Yogyakarta,36,15000,0.0,540000
2026-05-08,PRD-04,Jawa Tengah,22,15000,5.0,313500
2026-05-08,PRD-04,Jawa Timur,18,15000,0.0,270000
2026-05-08,PRD-04,Jabodetabek,30,15000,0.0,450000
2026-05-08,PRD-05,DI Yogyakarta,10,18000,0.0,180000
2026-05-08,PRD-05,Jawa Tengah,3,18000,10.0,48600
2026-05-08,PRD-05,Jawa Timur,3,18000,0.0,54000
2026-05-08,PRD-05,Jabodetabek,6,18000,0.0,108000
2026-05-08,PRD-06,DI Yogyakarta,22,12000,0.0,264000
2026-05-08,PRD-06,Jawa Tengah,25,12000,10.0,270000
2026-05-08,PRD-06,Jawa Timur,11,12000,0.0,132000
2026-05-08,PRD-06,Jabodetabek,15,12000,5.0,171000
2026-05-08,PRD-07,DI Yogyakarta,8,32000,10.0,230400
2026-05-08,PRD-07,Jawa Tengah,4,32000,0.0,128000
2026-05-08,PRD-07,Jawa Timur,5,32000,0.0,160000
2026-05-08,PRD-07,Jabodetabek,4,32000,0.0,128000
2026-05-08,PRD-08,DI Yogyakarta,12,14000,10.0,151200
2026-05-08,PRD-08,Jawa Tengah,10,14000,0.0,140000
2026-05-08,PRD-08,Jawa Timur,6,14000,0.0,84000
2026-05-08,PRD-08,Jabodetabek,9,14000,0.0,126000
2026-05-09,PRD-01,DI Yogyakarta,23,28000,5.0,611800
2026-05-09,PRD-01,Jawa Tengah,20,28000,0.0,560000
2026-05-09,PRD-01,Jawa Timur,12,28000,0.0,336000
2026-05-09,PRD-01,Jabodetabek,20,28000,10.0,504000
2026-05-09,PRD-02,DI Yogyakarta,33,26000,0.0,858000
2026-05-09,PRD-02,Jawa Tengah,12,26000,10.0,280800
2026-05-09,PRD-02,Jawa Timur,11,26000,0.0,286000
2026-05-09,PRD-02,Jabodetabek,19,26000,0.0,494000
2026-05-09,PRD-03,DI Yogyakarta,13,25000,15.0,276250
2026-05-09,PRD-03,Jawa Tengah,8,25000,0.0,200000
2026-05-09,PRD-03,Jawa Timur,6,25000,0.0,150000
2026-05-09,PRD-03,Jabodetabek,11,25000,0.0,275000
2026-05-09,PRD-04,DI Yogyakarta,45,15000,0.0,675000
2026-05-09,PRD-04,Jawa Tengah,25,15000,0.0,375000
2026-05-09,PRD-04,Jawa Timur,20,15000,0.0,300000
2026-05-09,PRD-04,Jabodetabek,43,15000,0.0,645000
2026-05-09,PRD-05,DI Yogyakarta,16,18000,0.0,288000
2026-05-09,PRD-05,Jawa Tengah,8,18000,0.0,144000
2026-05-09,PRD-05,Jawa Timur,1,18000,0.0,18000
2026-05-09,PRD-05,Jabodetabek,17,18000,0.0,306000
2026-05-09,PRD-06,DI Yogyakarta,20,12000,0.0,240000
2026-05-09,PRD-06,Jawa Tengah,17,12000,0.0,204000
2026-05-09,PRD-06,Jawa Timur,17,12000,0.0,204000
2026-05-09,PRD-06,Jabodetabek,30,12000,0.0,360000
2026-05-09,PRD-07,DI Yogyakarta,10,32000,5.0,304000
2026-05-09,PRD-07,Jawa Tengah,5,32000,0.0,160000
2026-05-09,PRD-07,Jawa Timur,7,32000,5.0,212800
2026-05-09,PRD-07,Jabodetabek,11,32000,5.0,334400
2026-05-09,PRD-08,DI Yogyakarta,23,14000,0.0,322000
2026-05-09,PRD-08,Jawa Tengah,15,14000,0.0,210000
2026-05-09,PRD-08,Jawa Timur,3,14000,0.0,42000
2026-05-09,PRD-08,Jabodetabek,17,14000,5.0,226100
2026-05-10,PRD-01,DI Yogyakarta,26,28000,0.0,728000
2026-05-10,PRD-01,Jawa Tengah,17,28000,0.0,476000
2026-05-10,PRD-01,Jawa Timur,15,28000,0.0,420000
2026-05-10,PRD-01,Jabodetabek,28,28000,0.0,784000
2026-05-10,PRD-02,DI Yogyakarta,28,26000,0.0,728000
2026-05-10,PRD-02,Jawa Tengah,16,26000,10.0,374400
2026-05-10,PRD-02,Jawa Timur,13,26000,0.0,338000
2026-05-10,PRD-02,Jabodetabek,18,26000,5.0,444600
2026-05-10,PRD-03,DI Yogyakarta,20,25000,0.0,500000
2026-05-10,PRD-03,Jawa Tengah,9,25000,0.0,225000
2026-05-10,PRD-03,Jawa Timur,7,25000,0.0,175000
2026-05-10,PRD-03,Jabodetabek,10,25000,5.0,237500
2026-05-10,PRD-04,DI Yogyakarta,38,15000,0.0,570000
2026-05-10,PRD-04,Jawa Tengah,29,15000,5.0,413250
2026-05-10,PRD-04,Jawa Timur,19,15000,10.0,256500
2026-05-10,PRD-04,Jabodetabek,31,15000,0.0,465000
2026-05-10,PRD-05,DI Yogyakarta,9,18000,0.0,162000
2026-05-10,PRD-05,Jawa Tengah,9,18000,0.0,162000
2026-05-10,PRD-05,Jawa Timur,5,18000,0.0,90000
2026-05-10,PRD-05,Jabodetabek,16,18000,0.0,288000
2026-05-10,PRD-06,DI Yogyakarta,30,12000,0.0,360000
2026-05-10,PRD-06,Jawa Tengah,27,12000,5.0,307800
2026-05-10,PRD-06,Jawa Timur,11,12000,0.0,132000
2026-05-10,PRD-06,Jabodetabek,27,12000,0.0,324000
2026-05-10,PRD-07,DI Yogyakarta,8,32000,0.0,256000
2026-05-10,PRD-07,Jawa Tengah,6,32000,0.0,192000
2026-05-10,PRD-07,Jawa Timur,5,32000,10.0,144000
2026-05-10,PRD-07,Jabodetabek,8,32000,10.0,230400
2026-05-10,PRD-08,DI Yogyakarta,15,14000,10.0,189000
2026-05-10,PRD-08,Jawa Tengah,11,14000,0.0,154000
2026-05-10,PRD-08,Jawa Timur,9,14000,0.0,126000
2026-05-10,PRD-08,Jabodetabek,21,14000,15.0,249900
2026-05-11,PRD-01,DI Yogyakarta,27,28000,0.0,756000
2026-05-11,PRD-01,Jawa Tengah,18,28000,0.0,504000
2026-05-11,PRD-01,Jawa Timur,11,28000,0.0,308000
2026-05-11,PRD-01,Jabodetabek,19,28000,0.0,532000
2026-05-11,PRD-02,DI Yogyakarta,20,26000,5.0,494000
2026-05-11,PRD-02,Jawa Tengah,17,26000,0.0,442000
2026-05-11,PRD-02,Jawa Timur,11,26000,0.0,286000
2026-05-11,PRD-02,Jabodetabek,8,26000,0.0,208000
2026-05-11,PRD-03,DI Yogyakarta,12,25000,5.0,285000
2026-05-11,PRD-03,Jawa Tengah,9,25000,0.0,225000
2026-05-11,PRD-03,Jawa Timur,9,25000,0.0,225000
2026-05-11,PRD-03,Jabodetabek,10,25000,0.0,250000
2026-05-11,PRD-04,DI Yogyakarta,23,15000,0.0,345000
2026-05-11,PRD-04,Jawa Tengah,15,15000,10.0,202500
2026-05-11,PRD-04,Jawa Timur,19,15000,0.0,285000
2026-05-11,PRD-04,Jabodetabek,27,15000,0.0,405000
2026-05-11,PRD-05,DI Yogyakarta,7,18000,10.0,113400
2026-05-11,PRD-05,Jawa Tengah,5,18000,0.0,90000
2026-05-11,PRD-05,Jawa Timur,4,18000,0.0,72000
2026-05-11,PRD-05,Jabodetabek,10,18000,0.0,180000
2026-05-11,PRD-06,DI Yogyakarta,21,12000,10.0,226800
2026-05-11,PRD-06,Jawa Tengah,15,12000,0.0,180000
2026-05-11,PRD-06,Jawa Timur,19,12000,0.0,228000
2026-05-11,PRD-06,Jabodetabek,20,12000,0.0,240000
2026-05-11,PRD-07,DI Yogyakarta,4,32000,10.0,115200
2026-05-11,PRD-07,Jawa Tengah,3,32000,0.0,96000
2026-05-11,PRD-07,Jawa Timur,5,32000,0.0,160000
2026-05-11,PRD-07,Jabodetabek,11,32000,0.0,352000
2026-05-11,PRD-08,DI Yogyakarta,8,14000,5.0,106400
2026-05-11,PRD-08,Jawa Tengah,3,14000,0.0,42000
2026-05-11,PRD-08,Jawa Timur,1,14000,0.0,14000
2026-05-11,PRD-08,Jabodetabek,5,14000,0.0,70000
2026-05-12,PRD-01,DI Yogyakarta,22,28000,0.0,616000
2026-05-12,PRD-01,Jawa Tengah,14,28000,0.0,392000
2026-05-12,PRD-01,Jawa Timur,13,28000,0.0,364000
2026-05-12,PRD-01,Jabodetabek,18,28000,0.0,504000
2026-05-12,PRD-02,DI Yogyakarta,23,26000,15.0,508300
2026-05-12,PRD-02,Jawa Tengah,12,26000,0.0,312000
2026-05-12,PRD-02,Jawa Timur,6,26000,5.0,148200
2026-05-12,PRD-02,Jabodetabek,16,26000,0.0,416000
2026-05-12,PRD-03,DI Yogyakarta,7,25000,0.0,175000
2026-05-12,PRD-03,Jawa Tengah,5,25000,0.0,125000
2026-05-12,PRD-03,Jawa Timur,4,25000,0.0,100000
2026-05-12,PRD-03,Jabodetabek,8,25000,0.0,200000
2026-05-12,PRD-04,DI Yogyakarta,23,15000,5.0,327750
2026-05-12,PRD-04,Jawa Tengah,16,15000,5.0,228000
2026-05-12,PRD-04,Jawa Timur,14,15000,0.0,210000
2026-05-12,PRD-04,Jabodetabek,28,15000,0.0,420000
2026-05-12,PRD-05,DI Yogyakarta,8,18000,0.0,144000
2026-05-12,PRD-05,Jawa Tengah,8,18000,0.0,144000
2026-05-12,PRD-05,Jawa Timur,3,18000,0.0,54000
2026-05-12,PRD-05,Jabodetabek,9,18000,0.0,162000
2026-05-12,PRD-06,DI Yogyakarta,24,12000,5.0,273600
2026-05-12,PRD-06,Jawa Tengah,18,12000,5.0,205200
2026-05-12,PRD-06,Jawa Timur,10,12000,0.0,120000
2026-05-12,PRD-06,Jabodetabek,23,12000,0.0,276000
2026-05-12,PRD-07,DI Yogyakarta,6,32000,0.0,192000
2026-05-12,PRD-07,Jawa Tengah,4,32000,0.0,128000
2026-05-12,PRD-07,Jawa Timur,3,32000,0.0,96000
2026-05-12,PRD-07,Jabodetabek,5,32000,15.0,136000
2026-05-12,PRD-08,DI Yogyakarta,12,14000,0.0,168000
2026-05-12,PRD-08,Jawa Tengah,7,14000,10.0,88200
2026-05-12,PRD-08,Jawa Timur,6,14000,0.0,84000
2026-05-12,PRD-08,Jabodetabek,10,14000,0.0,140000
2026-05-13,PRD-01,DI Yogyakarta,21,28000,5.0,558600
2026-05-13,PRD-01,Jawa Tengah,10,28000,10.0,252000
2026-05-13,PRD-01,Jawa Timur,15,28000,0.0,420000
2026-05-13,PRD-01,Jabodetabek,18,28000,10.0,453600
2026-05-13,PRD-02,DI Yogyakarta,14,26000,0.0,364000
2026-05-13,PRD-02,Jawa Tengah,17,26000,0.0,442000
2026-05-13,PRD-02,Jawa Timur,10,26000,0.0,260000
2026-05-13,PRD-02,Jabodetabek,11,26000,0.0,286000
2026-05-13,PRD-03,DI Yogyakarta,5,25000,0.0,125000
2026-05-13,PRD-03,Jawa Tengah,4,25000,10.0,90000
2026-05-13,PRD-03,Jawa Timur,7,25000,0.0,175000
2026-05-13,PRD-03,Jabodetabek,9,25000,0.0,225000
2026-05-13,PRD-04,DI Yogyakarta,24,15000,0.0,360000
2026-05-13,PRD-04,Jawa Tengah,16,15000,0.0,240000
2026-05-13,PRD-04,Jawa Timur,11,15000,0.0,165000
2026-05-13,PRD-04,Jabodetabek,23,15000,0.0,345000
2026-05-13,PRD-05,DI Yogyakarta,11,18000,10.0,178200
2026-05-13,PRD-05,Jawa Tengah,7,18000,0.0,126000
2026-05-13,PRD-05,Jawa Timur,3,18000,0.0,54000
2026-05-13,PRD-05,Jabodetabek,5,18000,0.0,90000
2026-05-13,PRD-06,DI Yogyakarta,27,12000,0.0,324000
2026-05-13,PRD-06,Jawa Tengah,19,12000,0.0,228000
2026-05-13,PRD-06,Jawa Timur,9,12000,0.0,108000
2026-05-13,PRD-06,Jabodetabek,16,12000,0.0,192000
2026-05-13,PRD-07,DI Yogyakarta,3,32000,0.0,96000
2026-05-13,PRD-07,Jawa Tengah,6,32000,0.0,192000
2026-05-13,PRD-07,Jawa Timur,3,32000,10.0,86400
2026-05-13,PRD-07,Jabodetabek,2,32000,0.0,64000
2026-05-13,PRD-08,DI Yogyakarta,17,14000,0.0,238000
2026-05-13,PRD-08,Jawa Tengah,14,14000,0.0,196000
2026-05-13,PRD-08,Jawa Timur,3,14000,10.0,37800
2026-05-13,PRD-08,Jabodetabek,11,14000,0.0,154000
2026-05-14,PRD-01,DI Yogyakarta,17,28000,0.0,476000
2026-05-14,PRD-01,Jawa Tengah,15,28000,0.0,420000
2026-05-14,PRD-01,Jawa Timur,4,28000,0.0,112000
2026-05-14,PRD-01,Jabodetabek,20,28000,0.0,560000
2026-05-14,PRD-02,DI Yogyakarta,15,26000,5.0,370500
2026-05-14,PRD-02,Jawa Tengah,18,26000,0.0,468000
2026-05-14,PRD-02,Jawa Timur,11,26000,0.0,286000
2026-05-14,PRD-02,Jabodetabek,9,26000,0.0,234000
2026-05-14,PRD-03,DI Yogyakarta,11,25000,0.0,275000
2026-05-14,PRD-03,Jawa Tengah,5,25000,0.0,125000
2026-05-14,PRD-03,Jawa Timur,5,25000,0.0,125000
2026-05-14,PRD-03,Jabodetabek,8,25000,0.0,200000
2026-05-14,PRD-04,DI Yogyakarta,23,15000,5.0,327750
2026-05-14,PRD-04,Jawa Tengah,17,15000,0.0,255000
2026-05-14,PRD-04,Jawa Timur,14,15000,0.0,210000
2026-05-14,PRD-04,Jabodetabek,17,15000,0.0,255000
2026-05-14,PRD-05,DI Yogyakarta,7,18000,0.0,126000
2026-05-14,PRD-05,Jawa Tengah,7,18000,15.0,107100
2026-05-14,PRD-05,Jawa Timur,5,18000,10.0,81000
2026-05-14,PRD-05,Jabodetabek,7,18000,0.0,126000
2026-05-14,PRD-06,DI Yogyakarta,18,12000,0.0,216000
2026-05-14,PRD-06,Jawa Tengah,19,12000,0.0,228000
2026-05-14,PRD-06,Jawa Timur,5,12000,5.0,57000
2026-05-14,PRD-06,Jabodetabek,20,12000,0.0,240000
2026-05-14,PRD-07,DI Yogyakarta,10,32000,0.0,320000
2026-05-14,PRD-07,Jawa Tengah,6,32000,0.0,192000
2026-05-14,PRD-07,Jawa Timur,3,32000,0.0,96000
2026-05-14,PRD-07,Jabodetabek,3,32000,0.0,96000
2026-05-14,PRD-08,DI Yogyakarta,11,14000,5.0,146300
2026-05-14,PRD-08,Jawa Tengah,9,14000,0.0,126000
2026-05-14,PRD-08,Jawa Timur,5,14000,0.0,70000
2026-05-14,PRD-08,Jabodetabek,11,14000,0.0,154000
2026-05-15,PRD-01,DI Yogyakarta,15,28000,0.0,420000
2026-05-15,PRD-01,Jawa Tengah,14,28000,0.0,392000
2026-05-15,PRD-01,Jawa Timur,3,28000,0.0,84000
2026-05-15,PRD-01,Jabodetabek,15,28000,0.0,420000
2026-05-15,PRD-02,DI Yogyakarta,20,26000,15.0,442000
2026-05-15,PRD-02,Jawa Tengah,6,26000,0.0,156000
2026-05-15,PRD-02,Jawa Timur,9,26000,0.0,234000
2026-05-15,PRD-02,Jabodetabek,13,26000,0.0,338000
2026-05-15,PRD-03,DI Yogyakarta,14,25000,0.0,350000
2026-05-15,PRD-03,Jawa Tengah,5,25000,0.0,125000
2026-05-15,PRD-03,Jawa Timur,1,25000,0.0,25000
2026-05-15,PRD-03,Jabodetabek,8,25000,0.0,200000
2026-05-15,PRD-04,DI Yogyakarta,33,15000,0.0,495000
2026-05-15,PRD-04,Jawa Tengah,24,15000,0.0,360000
2026-05-15,PRD-04,Jawa Timur,15,15000,5.0,213750
2026-05-15,PRD-04,Jabodetabek,32,15000,0.0,480000
2026-05-15,PRD-05,DI Yogyakarta,7,18000,0.0,126000
2026-05-15,PRD-05,Jawa Tengah,4,18000,5.0,68400
2026-05-15,PRD-05,Jawa Timur,7,18000,0.0,126000
2026-05-15,PRD-05,Jabodetabek,9,18000,0.0,162000
2026-05-15,PRD-06,DI Yogyakarta,16,12000,0.0,192000
2026-05-15,PRD-06,Jawa Tengah,15,12000,5.0,171000
2026-05-15,PRD-06,Jawa Timur,9,12000,0.0,108000
2026-05-15,PRD-06,Jabodetabek,25,12000,0.0,300000
2026-05-15,PRD-07,DI Yogyakarta,9,32000,0.0,288000
2026-05-15,PRD-07,Jawa Tengah,4,32000,0.0,128000
2026-05-15,PRD-07,Jawa Timur,2,32000,5.0,60800
2026-05-15,PRD-07,Jabodetabek,9,32000,5.0,273600
2026-05-15,PRD-08,DI Yogyakarta,8,14000,5.0,106400
2026-05-15,PRD-08,Jawa Tengah,6,14000,0.0,84000
2026-05-15,PRD-08,Jawa Timur,4,14000,0.0,56000
2026-05-15,PRD-08,Jabodetabek,10,14000,5.0,133000
2026-05-16,PRD-01,DI Yogyakarta,19,28000,10.0,478800
2026-05-16,PRD-01,Jawa Tengah,11,28000,5.0,292600
2026-05-16,PRD-01,Jawa Timur,20,28000,0.0,560000
2026-05-16,PRD-01,Jabodetabek,32,28000,5.0,851200
2026-05-16,PRD-02,DI Yogyakarta,22,26000,15.0,486200
2026-05-16,PRD-02,Jawa Tengah,22,26000,0.0,572000
2026-05-16,PRD-02,Jawa Timur,12,26000,0.0,312000
2026-05-16,PRD-02,Jabodetabek,17,26000,0.0,442000
2026-05-16,PRD-03,DI Yogyakarta,11,25000,0.0,275000
2026-05-16,PRD-03,Jawa Tengah,10,25000,0.0,250000
2026-05-16,PRD-03,Jawa Timur,4,25000,0.0,100000
2026-05-16,PRD-03,Jabodetabek,9,25000,0.0,225000
2026-05-16,PRD-04,DI Yogyakarta,39,15000,0.0,585000
2026-05-16,PRD-04,Jawa Tengah,34,15000,0.0,510000
2026-05-16,PRD-04,Jawa Timur,15,15000,5.0,213750
2026-05-16,PRD-04,Jabodetabek,28,15000,15.0,357000
2026-05-16,PRD-05,DI Yogyakarta,8,18000,0.0,144000
2026-05-16,PRD-05,Jawa Tengah,6,18000,5.0,102600
2026-05-16,PRD-05,Jawa Timur,8,18000,0.0,144000
2026-05-16,PRD-05,Jabodetabek,8,18000,0.0,144000
2026-05-16,PRD-06,DI Yogyakarta,40,12000,15.0,408000
2026-05-16,PRD-06,Jawa Tengah,22,12000,10.0,237600
2026-05-16,PRD-06,Jawa Timur,20,12000,0.0,240000
2026-05-16,PRD-06,Jabodetabek,24,12000,10.0,259200
2026-05-16,PRD-07,DI Yogyakarta,9,32000,0.0,288000
2026-05-16,PRD-07,Jawa Tengah,10,32000,0.0,320000
2026-05-16,PRD-07,Jawa Timur,7,32000,0.0,224000
2026-05-16,PRD-07,Jabodetabek,11,32000,0.0,352000
2026-05-16,PRD-08,DI Yogyakarta,15,14000,0.0,210000
2026-05-16,PRD-08,Jawa Tengah,12,14000,0.0,168000
2026-05-16,PRD-08,Jawa Timur,8,14000,0.0,112000
2026-05-16,PRD-08,Jabodetabek,16,14000,0.0,224000
2026-05-17,PRD-01,DI Yogyakarta,27,28000,0.0,756000
2026-05-17,PRD-01,Jawa Tengah,19,28000,0.0,532000
2026-05-17,PRD-01,Jawa Timur,12,28000,5.0,319200
2026-05-17,PRD-01,Jabodetabek,28,28000,0.0,784000
2026-05-17,PRD-02,DI Yogyakarta,21,26000,0.0,546000
2026-05-17,PRD-02,Jawa Tengah,15,26000,15.0,331500
2026-05-17,PRD-02,Jawa Timur,9,26000,5.0,222300
2026-05-17,PRD-02,Jabodetabek,16,26000,0.0,416000
2026-05-17,PRD-03,DI Yogyakarta,11,25000,0.0,275000
2026-05-17,PRD-03,Jawa Tengah,11,25000,0.0,275000
2026-05-17,PRD-03,Jawa Timur,10,25000,0.0,250000
2026-05-17,PRD-03,Jabodetabek,12,25000,0.0,300000
2026-05-17,PRD-04,DI Yogyakarta,40,15000,0.0,600000
2026-05-17,PRD-04,Jawa Tengah,32,15000,0.0,480000
2026-05-17,PRD-04,Jawa Timur,17,15000,0.0,255000
2026-05-17,PRD-04,Jabodetabek,30,15000,0.0,450000
2026-05-17,PRD-05,DI Yogyakarta,12,18000,0.0,216000
2026-05-17,PRD-05,Jawa Tengah,7,18000,0.0,126000
2026-05-17,PRD-05,Jawa Timur,10,18000,0.0,180000
2026-05-17,PRD-05,Jabodetabek,9,18000,0.0,162000
2026-05-17,PRD-06,DI Yogyakarta,31,12000,5.0,353400
2026-05-17,PRD-06,Jawa Tengah,23,12000,0.0,276000
2026-05-17,PRD-06,Jawa Timur,12,12000,0.0,144000
2026-05-17,PRD-06,Jabodetabek,25,12000,0.0,300000
2026-05-17,PRD-07,DI Yogyakarta,8,32000,0.0,256000
2026-05-17,PRD-07,Jawa Tengah,4,32000,10.0,115200
2026-05-17,PRD-07,Jawa Timur,3,32000,10.0,86400
2026-05-17,PRD-07,Jabodetabek,8,32000,5.0,243200
2026-05-17,PRD-08,DI Yogyakarta,15,14000,5.0,199500
2026-05-17,PRD-08,Jawa Tengah,15,14000,0.0,210000
2026-05-17,PRD-08,Jawa Timur,8,14000,0.0,112000
2026-05-17,PRD-08,Jabodetabek,7,14000,0.0,98000
2026-05-18,PRD-01,DI Yogyakarta,10,28000,10.0,252000
2026-05-18,PRD-01,Jawa Tengah,12,28000,5.0,319200
2026-05-18,PRD-01,Jawa Timur,7,28000,0.0,196000
2026-05-18,PRD-01,Jabodetabek,18,28000,0.0,504000
2026-05-18,PRD-02,DI Yogyakarta,15,26000,0.0,390000
2026-05-18,PRD-02,Jawa Tengah,19,26000,5.0,469300
2026-05-18,PRD-02,Jawa Timur,7,26000,0.0,182000
2026-05-18,PRD-02,Jabodetabek,17,26000,0.0,442000
2026-05-18,PRD-03,DI Yogyakarta,17,25000,0.0,425000
2026-05-18,PRD-03,Jawa Tengah,9,25000,0.0,225000
2026-05-18,PRD-03,Jawa Timur,5,25000,0.0,125000
2026-05-18,PRD-03,Jabodetabek,7,25000,0.0,175000
2026-05-18,PRD-04,DI Yogyakarta,22,15000,0.0,330000
2026-05-18,PRD-04,Jawa Tengah,28,15000,0.0,420000
2026-05-18,PRD-04,Jawa Timur,11,15000,0.0,165000
2026-05-18,PRD-04,Jabodetabek,25,15000,0.0,375000
2026-05-18,PRD-05,DI Yogyakarta,13,18000,0.0,234000
2026-05-18,PRD-05,Jawa Tengah,5,18000,0.0,90000
2026-05-18,PRD-05,Jawa Timur,1,18000,5.0,17100
2026-05-18,PRD-05,Jabodetabek,11,18000,0.0,198000
2026-05-18,PRD-06,DI Yogyakarta,20,12000,0.0,240000
2026-05-18,PRD-06,Jawa Tengah,21,12000,0.0,252000
2026-05-18,PRD-06,Jawa Timur,15,12000,0.0,180000
2026-05-18,PRD-06,Jabodetabek,19,12000,0.0,228000
2026-05-18,PRD-07,DI Yogyakarta,5,32000,5.0,152000
2026-05-18,PRD-07,Jawa Tengah,8,32000,10.0,230400
2026-05-18,PRD-07,Jawa Timur,6,32000,0.0,192000
2026-05-18,PRD-07,Jabodetabek,6,32000,0.0,192000
2026-05-18,PRD-08,DI Yogyakarta,17,14000,10.0,214200
2026-05-18,PRD-08,Jawa Tengah,5,14000,0.0,70000
2026-05-18,PRD-08,Jawa Timur,9,14000,0.0,126000
2026-05-18,PRD-08,Jabodetabek,14,14000,0.0,196000
2026-05-19,PRD-01,DI Yogyakarta,18,28000,0.0,504000
2026-05-19,PRD-01,Jawa Tengah,13,28000,0.0,364000
2026-05-19,PRD-01,Jawa Timur,10,28000,0.0,280000
2026-05-19,PRD-01,Jabodetabek,15,28000,10.0,378000
2026-05-19,PRD-02,DI Yogyakarta,17,26000,15.0,375700
2026-05-19,PRD-02,Jawa Tengah,14,26000,15.0,309400
2026-05-19,PRD-02,Jawa Timur,10,26000,5.0,247000
2026-05-19,PRD-02,Jabodetabek,11,26000,0.0,286000
2026-05-19,PRD-03,DI Yogyakarta,7,25000,0.0,175000
2026-05-19,PRD-03,Jawa Tengah,3,25000,0.0,75000
2026-05-19,PRD-03,Jawa Timur,6,25000,5.0,142500
2026-05-19,PRD-03,Jabodetabek,8,25000,0.0,200000
2026-05-19,PRD-04,DI Yogyakarta,29,15000,0.0,435000
2026-05-19,PRD-04,Jawa Tengah,19,15000,0.0,285000
2026-05-19,PRD-04,Jawa Timur,20,15000,5.0,285000
2026-05-19,PRD-04,Jabodetabek,21,15000,0.0,315000
2026-05-19,PRD-05,DI Yogyakarta,9,18000,0.0,162000
2026-05-19,PRD-05,Jawa Tengah,2,18000,0.0,36000
2026-05-19,PRD-05,Jawa Timur,3,18000,0.0,54000
2026-05-19,PRD-05,Jabodetabek,9,18000,0.0,162000
2026-05-19,PRD-06,DI Yogyakarta,31,12000,0.0,372000
2026-05-19,PRD-06,Jawa Tengah,15,12000,0.0,180000
2026-05-19,PRD-06,Jawa Timur,9,12000,0.0,108000
2026-05-19,PRD-06,Jabodetabek,22,12000,0.0,264000
2026-05-19,PRD-07,DI Yogyakarta,9,32000,10.0,259200
2026-05-19,PRD-07,Jawa Tengah,6,32000,0.0,192000
2026-05-19,PRD-07,Jawa Timur,3,32000,0.0,96000
2026-05-19,PRD-07,Jabodetabek,4,32000,0.0,128000
2026-05-19,PRD-08,DI Yogyakarta,11,14000,0.0,154000
2026-05-19,PRD-08,Jawa Tengah,6,14000,0.0,84000
2026-05-19,PRD-08,Jawa Timur,15,14000,0.0,210000
2026-05-19,PRD-08,Jabodetabek,11,14000,0.0,154000
2026-05-20,PRD-01,DI Yogyakarta,19,28000,10.0,478800
2026-05-20,PRD-01,Jawa Tengah,17,28000,0.0,476000
2026-05-20,PRD-01,Jawa Timur,10,28000,0.0,280000
2026-05-20,PRD-01,Jabodetabek,20,28000,0.0,560000
2026-05-20,PRD-02,DI Yogyakarta,14,26000,0.0,364000
2026-05-20,PRD-02,Jawa Tengah,14,26000,0.0,364000
2026-05-20,PRD-02,Jawa Timur,5,26000,5.0,123500
2026-05-20,PRD-02,Jabodetabek,29,26000,0.0,754000
2026-05-20,PRD-03,DI Yogyakarta,13,25000,5.0,308750
2026-05-20,PRD-03,Jawa Tengah,8,25000,10.0,180000
2026-05-20,PRD-03,Jawa Timur,4,25000,0.0,100000
2026-05-20,PRD-03,Jabodetabek,8,25000,0.0,200000
2026-05-20,PRD-04,DI Yogyakarta,28,15000,0.0,420000
2026-05-20,PRD-04,Jawa Tengah,15,15000,0.0,225000
2026-05-20,PRD-04,Jawa Timur,18,15000,10.0,243000
2026-05-20,PRD-04,Jabodetabek,22,15000,0.0,330000
2026-05-20,PRD-05,DI Yogyakarta,7,18000,5.0,119700
2026-05-20,PRD-05,Jawa Tengah,6,18000,0.0,108000
2026-05-20,PRD-05,Jawa Timur,7,18000,0.0,126000
2026-05-20,PRD-05,Jabodetabek,5,18000,15.0,76500
2026-05-20,PRD-06,DI Yogyakarta,22,12000,0.0,264000
2026-05-20,PRD-06,Jawa Tengah,20,12000,0.0,240000
2026-05-20,PRD-06,Jawa Timur,10,12000,10.0,108000
2026-05-20,PRD-06,Jabodetabek,16,12000,0.0,192000
2026-05-20,PRD-07,DI Yogyakarta,8,32000,0.0,256000
2026-05-20,PRD-07,Jawa Tengah,9,32000,0.0,288000
2026-05-20,PRD-07,Jawa Timur,7,32000,0.0,224000
2026-05-20,PRD-07,Jabodetabek,7,32000,5.0,212800
2026-05-20,PRD-08,DI Yogyakarta,6,14000,5.0,79800
2026-05-20,PRD-08,Jawa Tengah,12,14000,0.0,168000
2026-05-20,PRD-08,Jawa Timur,7,14000,10.0,88200
2026-05-20,PRD-08,Jabodetabek,7,14000,0.0,98000
2026-05-21,PRD-01,DI Yogyakarta,28,28000,0.0,784000
2026-05-21,PRD-01,Jawa Tengah,14,28000,0.0,392000
2026-05-21,PRD-01,Jawa Timur,8,28000,5.0,212800
2026-05-21,PRD-01,Jabodetabek,20,28000,0.0,560000
2026-05-21,PRD-02,DI Yogyakarta,10,26000,0.0,260000
2026-05-21,PRD-02,Jawa Tengah,12,26000,0.0,312000
2026-05-21,PRD-02,Jawa Timur,8,26000,0.0,208000
2026-05-21,PRD-02,Jabodetabek,15,26000,0.0,390000
2026-05-21,PRD-03,DI Yogyakarta,7,25000,0.0,175000
2026-05-21,PRD-03,Jawa Tengah,5,25000,0.0,125000
2026-05-21,PRD-03,Jawa Timur,6,25000,0.0,150000
2026-05-21,PRD-03,Jabodetabek,3,25000,0.0,75000
2026-05-21,PRD-04,DI Yogyakarta,23,15000,0.0,345000
2026-05-21,PRD-04,Jawa Tengah,14,15000,0.0,210000
2026-05-21,PRD-04,Jawa Timur,16,15000,0.0,240000
2026-05-21,PRD-04,Jabodetabek,26,15000,0.0,390000
2026-05-21,PRD-05,DI Yogyakarta,6,18000,0.0,108000
2026-05-21,PRD-05,Jawa Tengah,3,18000,0.0,54000
2026-05-21,PRD-05,Jawa Timur,0,18000,0.0,0
2026-05-21,PRD-05,Jabodetabek,9,18000,0.0,162000
2026-05-21,PRD-06,DI Yogyakarta,26,12000,5.0,296400
2026-05-21,PRD-06,Jawa Tengah,16,12000,0.0,192000
2026-05-21,PRD-06,Jawa Timur,16,12000,0.0,192000
2026-05-21,PRD-06,Jabodetabek,21,12000,10.0,226800
2026-05-21,PRD-07,DI Yogyakarta,4,32000,0.0,128000
2026-05-21,PRD-07,Jawa Tengah,7,32000,5.0,212800
2026-05-21,PRD-07,Jawa Timur,7,32000,10.0,201600
2026-05-21,PRD-07,Jabodetabek,6,32000,0.0,192000
2026-05-21,PRD-08,DI Yogyakarta,15,14000,0.0,210000
2026-05-21,PRD-08,Jawa Tengah,14,14000,10.0,176400
2026-05-21,PRD-08,Jawa Timur,9,14000,5.0,119700
2026-05-21,PRD-08,Jabodetabek,11,14000,0.0,154000
2026-05-22,PRD-01,DI Yogyakarta,20,28000,0.0,560000
2026-05-22,PRD-01,Jawa Tengah,9,28000,0.0,252000
2026-05-22,PRD-01,Jawa Timur,18,28000,0.0,504000
2026-05-22,PRD-01,Jabodetabek,25,28000,0.0,700000
2026-05-22,PRD-02,DI Yogyakarta,20,26000,10.0,468000
2026-05-22,PRD-02,Jawa Tengah,9,26000,10.0,210600
2026-05-22,PRD-02,Jawa Timur,10,26000,0.0,260000
2026-05-22,PRD-02,Jabodetabek,23,26000,0.0,598000
2026-05-22,PRD-03,DI Yogyakarta,12,25000,0.0,300000
2026-05-22,PRD-03,Jawa Tengah,9,25000,0.0,225000
2026-05-22,PRD-03,Jawa Timur,2,25000,0.0,50000
2026-05-22,PRD-03,Jabodetabek,6,25000,0.0,150000
2026-05-22,PRD-04,DI Yogyakarta,30,15000,0.0,450000
2026-05-22,PRD-04,Jawa Tengah,17,15000,10.0,229500
2026-05-22,PRD-04,Jawa Timur,10,15000,0.0,150000
2026-05-22,PRD-04,Jabodetabek,25,15000,10.0,337500
2026-05-22,PRD-05,DI Yogyakarta,15,18000,15.0,229500
2026-05-22,PRD-05,Jawa Tengah,4,18000,0.0,72000
2026-05-22,PRD-05,Jawa Timur,3,18000,0.0,54000
2026-05-22,PRD-05,Jabodetabek,3,18000,0.0,54000
2026-05-22,PRD-06,DI Yogyakarta,29,12000,0.0,348000
2026-05-22,PRD-06,Jawa Tengah,12,12000,0.0,144000
2026-05-22,PRD-06,Jawa Timur,12,12000,0.0,144000
2026-05-22,PRD-06,Jabodetabek,19,12000,5.0,216600
2026-05-22,PRD-07,DI Yogyakarta,4,32000,0.0,128000
2026-05-22,PRD-07,Jawa Tengah,5,32000,0.0,160000
2026-05-22,PRD-07,Jawa Timur,4,32000,0.0,128000
2026-05-22,PRD-07,Jabodetabek,3,32000,0.0,96000
2026-05-22,PRD-08,DI Yogyakarta,13,14000,0.0,182000
2026-05-22,PRD-08,Jawa Tengah,8,14000,10.0,100800
2026-05-22,PRD-08,Jawa Timur,4,14000,0.0,56000
2026-05-22,PRD-08,Jabodetabek,11,14000,0.0,154000
2026-05-23,PRD-01,DI Yogyakarta,25,28000,0.0,700000
2026-05-23,PRD-01,Jawa Tengah,27,28000,0.0,756000
2026-05-23,PRD-01,Jawa Timur,16,28000,10.0,403200
2026-05-23,PRD-01,Jabodetabek,27,28000,0.0,756000
2026-05-23,PRD-02,DI Yogyakarta,17,26000,0.0,442000
2026-05-23,PRD-02,Jawa Tengah,18,26000,0.0,468000
2026-05-23,PRD-02,Jawa Timur,8,26000,0.0,208000
2026-05-23,PRD-02,Jabodetabek,16,26000,0.0,416000
2026-05-23,PRD-03,DI Yogyakarta,10,25000,0.0,250000
2026-05-23,PRD-03,Jawa Tengah,13,25000,0.0,325000
2026-05-23,PRD-03,Jawa Timur,4,25000,0.0,100000
2026-05-23,PRD-03,Jabodetabek,6,25000,5.0,142500
2026-05-23,PRD-04,DI Yogyakarta,25,15000,5.0,356250
2026-05-23,PRD-04,Jawa Tengah,26,15000,0.0,390000
2026-05-23,PRD-04,Jawa Timur,17,15000,10.0,229500
2026-05-23,PRD-04,Jabodetabek,28,15000,15.0,357000
2026-05-23,PRD-05,DI Yogyakarta,5,18000,0.0,90000
2026-05-23,PRD-05,Jawa Tengah,5,18000,15.0,76500
2026-05-23,PRD-05,Jawa Timur,3,18000,0.0,54000
2026-05-23,PRD-05,Jabodetabek,13,18000,5.0,222300
2026-05-23,PRD-06,DI Yogyakarta,29,12000,0.0,348000
2026-05-23,PRD-06,Jawa Tengah,29,12000,0.0,348000
2026-05-23,PRD-06,Jawa Timur,10,12000,0.0,120000
2026-05-23,PRD-06,Jabodetabek,25,12000,10.0,270000
2026-05-23,PRD-07,DI Yogyakarta,16,32000,0.0,512000
2026-05-23,PRD-07,Jawa Tengah,5,32000,0.0,160000
2026-05-23,PRD-07,Jawa Timur,5,32000,10.0,144000
2026-05-23,PRD-07,Jabodetabek,6,32000,0.0,192000
2026-05-23,PRD-08,DI Yogyakarta,17,14000,0.0,238000
2026-05-23,PRD-08,Jawa Tengah,8,14000,5.0,106400
2026-05-23,PRD-08,Jawa Timur,11,14000,0.0,154000
2026-05-23,PRD-08,Jabodetabek,10,14000,0.0,140000
2026-05-24,PRD-01,DI Yogyakarta,28,28000,0.0,784000
2026-05-24,PRD-01,Jawa Tengah,27,28000,0.0,756000
2026-05-24,PRD-01,Jawa Timur,5,28000,0.0,140000
2026-05-24,PRD-01,Jabodetabek,27,28000,10.0,680400
2026-05-24,PRD-02,DI Yogyakarta,15,26000,10.0,351000
2026-05-24,PRD-02,Jawa Tengah,15,26000,15.0,331500
2026-05-24,PRD-02,Jawa Timur,12,26000,0.0,312000
2026-05-24,PRD-02,Jabodetabek,17,26000,10.0,397800
2026-05-24,PRD-03,DI Yogyakarta,12,25000,10.0,270000
2026-05-24,PRD-03,Jawa Tengah,9,25000,0.0,225000
2026-05-24,PRD-03,Jawa Timur,7,25000,0.0,175000
2026-05-24,PRD-03,Jabodetabek,15,25000,0.0,375000
2026-05-24,PRD-04,DI Yogyakarta,31,15000,0.0,465000
2026-05-24,PRD-04,Jawa Tengah,29,15000,0.0,435000
2026-05-24,PRD-04,Jawa Timur,22,15000,0.0,330000
2026-05-24,PRD-04,Jabodetabek,24,15000,0.0,360000
2026-05-24,PRD-05,DI Yogyakarta,8,18000,5.0,136800
2026-05-24,PRD-05,Jawa Tengah,9,18000,0.0,162000
2026-05-24,PRD-05,Jawa Timur,4,18000,0.0,72000
2026-05-24,PRD-05,Jabodetabek,11,18000,0.0,198000
2026-05-24,PRD-06,DI Yogyakarta,30,12000,0.0,360000
2026-05-24,PRD-06,Jawa Tengah,19,12000,0.0,228000
2026-05-24,PRD-06,Jawa Timur,21,12000,0.0,252000
2026-05-24,PRD-06,Jabodetabek,33,12000,0.0,396000
2026-05-24,PRD-07,DI Yogyakarta,7,32000,0.0,224000
2026-05-24,PRD-07,Jawa Tengah,6,32000,0.0,192000
2026-05-24,PRD-07,Jawa Timur,2,32000,0.0,64000
2026-05-24,PRD-07,Jabodetabek,8,32000,0.0,256000
2026-05-24,PRD-08,DI Yogyakarta,15,14000,0.0,210000
2026-05-24,PRD-08,Jawa Tengah,11,14000,0.0,154000
2026-05-24,PRD-08,Jawa Timur,6,14000,15.0,71400
2026-05-24,PRD-08,Jabodetabek,15,14000,15.0,178500
2026-05-25,PRD-01,DI Yogyakarta,22,28000,0.0,616000
2026-05-25,PRD-01,Jawa Tengah,13,28000,0.0,364000
2026-05-25,PRD-01,Jawa Timur,5,28000,0.0,140000
2026-05-25,PRD-01,Jabodetabek,16,28000,0.0,448000
2026-05-25,PRD-02,DI Yogyakarta,15,26000,0.0,390000
2026-05-25,PRD-02,Jawa Tengah,3,26000,0.0,78000
2026-05-25,PRD-02,Jawa Timur,6,26000,5.0,148200
2026-05-25,PRD-02,Jabodetabek,12,26000,0.0,312000
2026-05-25,PRD-03,DI Yogyakarta,15,25000,0.0,375000
2026-05-25,PRD-03,Jawa Tengah,4,25000,10.0,90000
2026-05-25,PRD-03,Jawa Timur,4,25000,0.0,100000
2026-05-25,PRD-03,Jabodetabek,10,25000,0.0,250000
2026-05-25,PRD-04,DI Yogyakarta,20,15000,0.0,300000
2026-05-25,PRD-04,Jawa Tengah,17,15000,0.0,255000
2026-05-25,PRD-04,Jawa Timur,12,15000,0.0,180000
2026-05-25,PRD-04,Jabodetabek,21,15000,5.0,299250
2026-05-25,PRD-05,DI Yogyakarta,7,18000,0.0,126000
2026-05-25,PRD-05,Jawa Tengah,6,18000,0.0,108000
2026-05-25,PRD-05,Jawa Timur,2,18000,10.0,32400
2026-05-25,PRD-05,Jabodetabek,7,18000,5.0,119700
2026-05-25,PRD-06,DI Yogyakarta,25,12000,0.0,300000
2026-05-25,PRD-06,Jawa Tengah,20,12000,0.0,240000
2026-05-25,PRD-06,Jawa Timur,18,12000,0.0,216000
2026-05-25,PRD-06,Jabodetabek,19,12000,0.0,228000
2026-05-25,PRD-07,DI Yogyakarta,6,32000,0.0,192000
2026-05-25,PRD-07,Jawa Tengah,7,32000,0.0,224000
2026-05-25,PRD-07,Jawa Timur,3,32000,0.0,96000
2026-05-25,PRD-07,Jabodetabek,6,32000,0.0,192000
2026-05-25,PRD-08,DI Yogyakarta,14,14000,10.0,176400
2026-05-25,PRD-08,Jawa Tengah,7,14000,0.0,98000
2026-05-25,PRD-08,Jawa Timur,5,14000,10.0,63000
2026-05-25,PRD-08,Jabodetabek,13,14000,0.0,182000
2026-05-26,PRD-01,DI Yogyakarta,20,28000,0.0,560000
2026-05-26,PRD-01,Jawa Tengah,13,28000,0.0,364000
2026-05-26,PRD-01,Jawa Timur,13,28000,0.0,364000
2026-05-26,PRD-01,Jabodetabek,17,28000,0.0,476000
2026-05-26,PRD-02,DI Yogyakarta,22,26000,0.0,572000
2026-05-26,PRD-02,Jawa Tengah,14,26000,0.0,364000
2026-05-26,PRD-02,Jawa Timur,7,26000,0.0,182000
2026-05-26,PRD-02,Jabodetabek,16,26000,0.0,416000
2026-05-26,PRD-03,DI Yogyakarta,8,25000,0.0,200000
2026-05-26,PRD-03,Jawa Tengah,11,25000,0.0,275000
2026-05-26,PRD-03,Jawa Timur,6,25000,0.0,150000
2026-05-26,PRD-03,Jabodetabek,8,25000,0.0,200000
2026-05-26,PRD-04,DI Yogyakarta,33,15000,0.0,495000
2026-05-26,PRD-04,Jawa Tengah,18,15000,0.0,270000
2026-05-26,PRD-04,Jawa Timur,18,15000,15.0,229500
2026-05-26,PRD-04,Jabodetabek,32,15000,10.0,432000
2026-05-26,PRD-05,DI Yogyakarta,12,18000,0.0,216000
2026-05-26,PRD-05,Jawa Tengah,5,18000,5.0,85500
2026-05-26,PRD-05,Jawa Timur,4,18000,0.0,72000
2026-05-26,PRD-05,Jabodetabek,7,18000,0.0,126000
2026-05-26,PRD-06,DI Yogyakarta,22,12000,0.0,264000
2026-05-26,PRD-06,Jawa Tengah,16,12000,0.0,192000
2026-05-26,PRD-06,Jawa Timur,16,12000,0.0,192000
2026-05-26,PRD-06,Jabodetabek,22,12000,5.0,250800
2026-05-26,PRD-07,DI Yogyakarta,7,32000,0.0,224000
2026-05-26,PRD-07,Jawa Tengah,4,32000,0.0,128000
2026-05-26,PRD-07,Jawa Timur,3,32000,0.0,96000
2026-05-26,PRD-07,Jabodetabek,8,32000,0.0,256000
2026-05-26,PRD-08,DI Yogyakarta,17,14000,5.0,226100
2026-05-26,PRD-08,Jawa Tengah,4,14000,10.0,50400
2026-05-26,PRD-08,Jawa Timur,7,14000,0.0,98000
2026-05-26,PRD-08,Jabodetabek,12,14000,0.0,168000
2026-05-27,PRD-01,DI Yogyakarta,22,28000,0.0,616000
2026-05-27,PRD-01,Jawa Tengah,14,28000,0.0,392000
2026-05-27,PRD-01,Jawa Timur,16,28000,0.0,448000
2026-05-27,PRD-01,Jabodetabek,14,28000,0.0,392000
2026-05-27,PRD-02,DI Yogyakarta,10,26000,5.0,247000
2026-05-27,PRD-02,Jawa Tengah,12,26000,0.0,312000
2026-05-27,PRD-02,Jawa Timur,6,26000,0.0,156000
2026-05-27,PRD-02,Jabodetabek,16,26000,0.0,416000
2026-05-27,PRD-03,DI Yogyakarta,12,25000,0.0,300000
2026-05-27,PRD-03,Jawa Tengah,5,25000,5.0,118750
2026-05-27,PRD-03,Jawa Timur,2,25000,5.0,47500
2026-05-27,PRD-03,Jabodetabek,9,25000,0.0,225000
2026-05-27,PRD-04,DI Yogyakarta,25,15000,0.0,375000
2026-05-27,PRD-04,Jawa Tengah,23,15000,0.0,345000
2026-05-27,PRD-04,Jawa Timur,15,15000,5.0,213750
2026-05-27,PRD-04,Jabodetabek,31,15000,0.0,465000
2026-05-27,PRD-05,DI Yogyakarta,8,18000,0.0,144000
2026-05-27,PRD-05,Jawa Tengah,5,18000,0.0,90000
2026-05-27,PRD-05,Jawa Timur,5,18000,0.0,90000
2026-05-27,PRD-05,Jabodetabek,8,18000,5.0,136800
2026-05-27,PRD-06,DI Yogyakarta,24,12000,0.0,288000
2026-05-27,PRD-06,Jawa Tengah,16,12000,0.0,192000
2026-05-27,PRD-06,Jawa Timur,11,12000,0.0,132000
2026-05-27,PRD-06,Jabodetabek,21,12000,0.0,252000
2026-05-27,PRD-07,DI Yogyakarta,7,32000,0.0,224000
2026-05-27,PRD-07,Jawa Tengah,7,32000,5.0,212800
2026-05-27,PRD-07,Jawa Timur,4,32000,0.0,128000
2026-05-27,PRD-07,Jabodetabek,7,32000,0.0,224000
2026-05-27,PRD-08,DI Yogyakarta,12,14000,5.0,159600
2026-05-27,PRD-08,Jawa Tengah,12,14000,0.0,168000
2026-05-27,PRD-08,Jawa Timur,5,14000,0.0,70000
2026-05-27,PRD-08,Jabodetabek,17,14000,0.0,238000
2026-05-28,PRD-01,DI Yogyakarta,18,28000,0.0,504000
2026-05-28,PRD-01,Jawa Tengah,15,28000,0.0,420000
2026-05-28,PRD-01,Jawa Timur,8,28000,0.0,224000
2026-05-28,PRD-01,Jabodetabek,13,28000,0.0,364000
2026-05-28,PRD-02,DI Yogyakarta,15,26000,10.0,351000
2026-05-28,PRD-02,Jawa Tengah,9,26000,0.0,234000
2026-05-28,PRD-02,Jawa Timur,7,26000,0.0,182000
2026-05-28,PRD-02,Jabodetabek,16,26000,0.0,416000
2026-05-28,PRD-03,DI Yogyakarta,7,25000,0.0,175000
2026-05-28,PRD-03,Jawa Tengah,9,25000,5.0,213750
2026-05-28,PRD-03,Jawa Timur,3,25000,0.0,75000
2026-05-28,PRD-03,Jabodetabek,5,25000,0.0,125000
2026-05-28,PRD-04,DI Yogyakarta,26,15000,0.0,390000
2026-05-28,PRD-04,Jawa Tengah,25,15000,0.0,375000
2026-05-28,PRD-04,Jawa Timur,10,15000,0.0,150000
2026-05-28,PRD-04,Jabodetabek,20,15000,10.0,270000
2026-05-28,PRD-05,DI Yogyakarta,11,18000,10.0,178200
2026-05-28,PRD-05,Jawa Tengah,2,18000,0.0,36000
2026-05-28,PRD-05,Jawa Timur,3,18000,5.0,51300
2026-05-28,PRD-05,Jabodetabek,5,18000,10.0,81000
2026-05-28,PRD-06,DI Yogyakarta,25,12000,0.0,300000
2026-05-28,PRD-06,Jawa Tengah,10,12000,0.0,120000
2026-05-28,PRD-06,Jawa Timur,12,12000,0.0,144000
2026-05-28,PRD-06,Jabodetabek,15,12000,0.0,180000
2026-05-28,PRD-07,DI Yogyakarta,2,32000,0.0,64000
2026-05-28,PRD-07,Jawa Tengah,7,32000,0.0,224000
2026-05-28,PRD-07,Jawa Timur,3,32000,5.0,91200
2026-05-28,PRD-07,Jabodetabek,7,32000,0.0,224000
2026-05-28,PRD-08,DI Yogyakarta,9,14000,0.0,126000
2026-05-28,PRD-08,Jawa Tengah,10,14000,0.0,140000
2026-05-28,PRD-08,Jawa Timur,5,14000,0.0,70000
2026-05-28,PRD-08,Jabodetabek,5,14000,0.0,70000
2026-05-29,PRD-01,DI Yogyakarta,13,28000,0.0,364000
2026-05-29,PRD-01,Jawa Tengah,17,28000,0.0,476000
2026-05-29,PRD-01,Jawa Timur,13,28000,0.0,364000
2026-05-29,PRD-01,Jabodetabek,18,28000,10.0,453600
2026-05-29,PRD-02,DI Yogyakarta,23,26000,0.0,598000
2026-05-29,PRD-02,Jawa Tengah,10,26000,0.0,260000
2026-05-29,PRD-02,Jawa Timur,5,26000,15.0,110500
2026-05-29,PRD-02,Jabodetabek,16,26000,10.0,374400
2026-05-29,PRD-03,DI Yogyakarta,11,25000,15.0,233750
2026-05-29,PRD-03,Jawa Tengah,4,25000,0.0,100000
2026-05-29,PRD-03,Jawa Timur,8,25000,0.0,200000
2026-05-29,PRD-03,Jabodetabek,13,25000,10.0,292500
2026-05-29,PRD-04,DI Yogyakarta,22,15000,0.0,330000
2026-05-29,PRD-04,Jawa Tengah,19,15000,0.0,285000
2026-05-29,PRD-04,Jawa Timur,14,15000,0.0,210000
2026-05-29,PRD-04,Jabodetabek,28,15000,0.0,420000
2026-05-29,PRD-05,DI Yogyakarta,9,18000,0.0,162000
2026-05-29,PRD-05,Jawa Tengah,2,18000,0.0,36000
2026-05-29,PRD-05,Jawa Timur,6,18000,5.0,102600
2026-05-29,PRD-05,Jabodetabek,8,18000,0.0,144000
2026-05-29,PRD-06,DI Yogyakarta,27,12000,0.0,324000
2026-05-29,PRD-06,Jawa Tengah,20,12000,0.0,240000
2026-05-29,PRD-06,Jawa Timur,19,12000,0.0,228000
2026-05-29,PRD-06,Jabodetabek,22,12000,0.0,264000
2026-05-29,PRD-07,DI Yogyakarta,10,32000,0.0,320000
2026-05-29,PRD-07,Jawa Tengah,4,32000,0.0,128000
2026-05-29,PRD-07,Jawa Timur,3,32000,0.0,96000
2026-05-29,PRD-07,Jabodetabek,4,32000,0.0,128000
2026-05-29,PRD-08,DI Yogyakarta,13,14000,0.0,182000
2026-05-29,PRD-08,Jawa Tengah,11,14000,0.0,154000
2026-05-29,PRD-08,Jawa Timur,6,14000,0.0,84000
2026-05-29,PRD-08,Jabodetabek,8,14000,5.0,106400
2026-05-30,PRD-01,DI Yogyakarta,36,28000,0.0,1008000
2026-05-30,PRD-01,Jawa Tengah,21,28000,0.0,588000
2026-05-30,PRD-01,Jawa Timur,14,28000,0.0,392000
2026-05-30,PRD-01,Jabodetabek,17,28000,0.0,476000
2026-05-30,PRD-02,DI Yogyakarta,15,26000,0.0,390000
2026-05-30,PRD-02,Jawa Tengah,21,26000,0.0,546000
2026-05-30,PRD-02,Jawa Timur,15,26000,0.0,390000
2026-05-30,PRD-02,Jabodetabek,20,26000,0.0,520000
2026-05-30,PRD-03,DI Yogyakarta,11,25000,0.0,275000
2026-05-30,PRD-03,Jawa Tengah,14,25000,0.0,350000
2026-05-30,PRD-03,Jawa Timur,11,25000,0.0,275000
2026-05-30,PRD-03,Jabodetabek,18,25000,0.0,450000
2026-05-30,PRD-04,DI Yogyakarta,35,15000,0.0,525000
2026-05-30,PRD-04,Jawa Tengah,25,15000,15.0,318750
2026-05-30,PRD-04,Jawa Timur,22,15000,0.0,330000
2026-05-30,PRD-04,Jabodetabek,33,15000,0.0,495000
2026-05-30,PRD-05,DI Yogyakarta,9,18000,0.0,162000
2026-05-30,PRD-05,Jawa Tengah,11,18000,0.0,198000
2026-05-30,PRD-05,Jawa Timur,5,18000,0.0,90000
2026-05-30,PRD-05,Jabodetabek,8,18000,0.0,144000
2026-05-30,PRD-06,DI Yogyakarta,26,12000,0.0,312000
2026-05-30,PRD-06,Jawa Tengah,25,12000,5.0,285000
2026-05-30,PRD-06,Jawa Timur,11,12000,0.0,132000
2026-05-30,PRD-06,Jabodetabek,26,12000,0.0,312000
2026-05-30,PRD-07,DI Yogyakarta,12,32000,0.0,384000
2026-05-30,PRD-07,Jawa Tengah,9,32000,0.0,288000
2026-05-30,PRD-07,Jawa Timur,5,32000,0.0,160000
2026-05-30,PRD-07,Jabodetabek,10,32000,5.0,304000
2026-05-30,PRD-08,DI Yogyakarta,15,14000,0.0,210000
2026-05-30,PRD-08,Jawa Tengah,11,14000,5.0,146300
2026-05-30,PRD-08,Jawa Timur,11,14000,15.0,130900
2026-05-30,PRD-08,Jabodetabek,15,14000,10.0,189000
2026-05-31,PRD-01,DI Yogyakarta,22,28000,15.0,523600
2026-05-31,PRD-01,Jawa Tengah,14,28000,0.0,392000
2026-05-31,PRD-01,Jawa Timur,11,28000,0.0,308000
2026-05-31,PRD-01,Jabodetabek,23,28000,0.0,644000
2026-05-31,PRD-02,DI Yogyakarta,23,26000,0.0,598000
2026-05-31,PRD-02,Jawa Tengah,17,26000,0.0,442000
2026-05-31,PRD-02,Jawa Timur,9,26000,0.0,234000
2026-05-31,PRD-02,Jabodetabek,14,26000,5.0,345800
2026-05-31,PRD-03,DI Yogyakarta,15,25000,0.0,375000
2026-05-31,PRD-03,Jawa Tengah,11,25000,0.0,275000
2026-05-31,PRD-03,Jawa Timur,8,25000,0.0,200000
2026-05-31,PRD-03,Jabodetabek,10,25000,10.0,225000
2026-05-31,PRD-04,DI Yogyakarta,39,15000,10.0,526500
2026-05-31,PRD-04,Jawa Tengah,32,15000,0.0,480000
2026-05-31,PRD-04,Jawa Timur,24,15000,5.0,342000
2026-05-31,PRD-04,Jabodetabek,38,15000,5.0,541500
2026-05-31,PRD-05,DI Yogyakarta,9,18000,5.0,153900
2026-05-31,PRD-05,Jawa Tengah,7,18000,0.0,126000
2026-05-31,PRD-05,Jawa Timur,7,18000,15.0,107100
2026-05-31,PRD-05,Jabodetabek,7,18000,5.0,119700
2026-05-31,PRD-06,DI Yogyakarta,27,12000,0.0,324000
2026-05-31,PRD-06,Jawa Tengah,22,12000,0.0,264000
2026-05-31,PRD-06,Jawa Timur,20,12000,0.0,240000
2026-05-31,PRD-06,Jabodetabek,23,12000,10.0,248400
2026-05-31,PRD-07,DI Yogyakarta,17,32000,0.0,544000
2026-05-31,PRD-07,Jawa Tengah,7,32000,0.0,224000
2026-05-31,PRD-07,Jawa Timur,6,32000,0.0,192000
2026-05-31,PRD-07,Jabodetabek,9,32000,10.0,259200
2026-05-31,PRD-08,DI Yogyakarta,23,14000,0.0,322000
2026-05-31,PRD-08,Jawa Tengah,21,14000,0.0,294000
2026-05-31,PRD-08,Jawa Timur,3,14000,5.0,39900
2026-05-31,PRD-08,Jabodetabek,17,14000,0.0,238000
2026-06-01,PRD-01,DI Yogyakarta,25,28000,0.0,700000
2026-06-01,PRD-01,Jawa Tengah,14,28000,0.0,392000
2026-06-01,PRD-01,Jawa Timur,13,28000,0.0,364000
2026-06-01,PRD-01,Jabodetabek,17,28000,0.0,476000
2026-06-01,PRD-02,DI Yogyakarta,14,26000,0.0,364000
2026-06-01,PRD-02,Jawa Tengah,8,26000,0.0,208000
2026-06-01,PRD-02,Jawa Timur,10,26000,5.0,247000
2026-06-01,PRD-02,Jabodetabek,19,26000,0.0,494000
2026-06-01,PRD-03,DI Yogyakarta,11,25000,5.0,261250
2026-06-01,PRD-03,Jawa Tengah,5,25000,0.0,125000
2026-06-01,PRD-03,Jawa Timur,6,25000,5.0,142500
2026-06-01,PRD-03,Jabodetabek,8,25000,0.0,200000
2026-06-01,PRD-04,DI Yogyakarta,35,15000,10.0,472500
2026-06-01,PRD-04,Jawa Tengah,22,15000,0.0,330000
2026-06-01,PRD-04,Jawa Timur,14,15000,0.0,210000
2026-06-01,PRD-04,Jabodetabek,21,15000,0.0,315000
2026-06-01,PRD-05,DI Yogyakarta,8,18000,0.0,144000
2026-06-01,PRD-05,Jawa Tengah,4,18000,0.0,72000
2026-06-01,PRD-05,Jawa Timur,6,18000,0.0,108000
2026-06-01,PRD-05,Jabodetabek,6,18000,5.0,102600
2026-06-01,PRD-06,DI Yogyakarta,29,12000,0.0,348000
2026-06-01,PRD-06,Jawa Tengah,20,12000,0.0,240000
2026-06-01,PRD-06,Jawa Timur,10,12000,5.0,114000
2026-06-01,PRD-06,Jabodetabek,19,12000,0.0,228000
2026-06-01,PRD-07,DI Yogyakarta,10,32000,5.0,304000
2026-06-01,PRD-07,Jawa Tengah,8,32000,0.0,256000
2026-06-01,PRD-07,Jawa Timur,4,32000,10.0,115200
2026-06-01,PRD-07,Jabodetabek,4,32000,0.0,128000
2026-06-01,PRD-08,DI Yogyakarta,14,14000,0.0,196000
2026-06-01,PRD-08,Jawa Tengah,7,14000,0.0,98000
2026-06-01,PRD-08,Jawa Timur,8,14000,0.0,112000
2026-06-01,PRD-08,Jabodetabek,10,14000,0.0,140000
2026-06-02,PRD-01,DI Yogyakarta,20,28000,5.0,532000
2026-06-02,PRD-01,Jawa Tengah,17,28000,0.0,476000
2026-06-02,PRD-01,Jawa Timur,15,28000,0.0,420000
2026-06-02,PRD-01,Jabodetabek,22,28000,0.0,616000
2026-06-02,PRD-02,DI Yogyakarta,14,26000,0.0,364000
2026-06-02,PRD-02,Jawa Tengah,3,26000,0.0,78000
2026-06-02,PRD-02,Jawa Timur,7,26000,0.0,182000
2026-06-02,PRD-02,Jabodetabek,20,26000,10.0,468000
2026-06-02,PRD-03,DI Yogyakarta,11,25000,0.0,275000
2026-06-02,PRD-03,Jawa Tengah,7,25000,10.0,157500
2026-06-02,PRD-03,Jawa Timur,9,25000,5.0,213750
2026-06-02,PRD-03,Jabodetabek,3,25000,0.0,75000
2026-06-02,PRD-04,DI Yogyakarta,37,15000,10.0,499500
2026-06-02,PRD-04,Jawa Tengah,17,15000,0.0,255000
2026-06-02,PRD-04,Jawa Timur,8,15000,0.0,120000
2026-06-02,PRD-04,Jabodetabek,32,15000,0.0,480000
2026-06-02,PRD-05,DI Yogyakarta,12,18000,0.0,216000
2026-06-02,PRD-05,Jawa Tengah,14,18000,10.0,226800
2026-06-02,PRD-05,Jawa Timur,5,18000,0.0,90000
2026-06-02,PRD-05,Jabodetabek,3,18000,0.0,54000
2026-06-02,PRD-06,DI Yogyakarta,28,12000,0.0,336000
2026-06-02,PRD-06,Jawa Tengah,16,12000,0.0,192000
2026-06-02,PRD-06,Jawa Timur,14,12000,0.0,168000
2026-06-02,PRD-06,Jabodetabek,14,12000,0.0,168000
2026-06-02,PRD-07,DI Yogyakarta,5,32000,0.0,160000
2026-06-02,PRD-07,Jawa Tengah,4,32000,0.0,128000
2026-06-02,PRD-07,Jawa Timur,6,32000,5.0,182400
2026-06-02,PRD-07,Jabodetabek,4,32000,0.0,128000
2026-06-02,PRD-08,DI Yogyakarta,13,14000,0.0,182000
2026-06-02,PRD-08,Jawa Tengah,6,14000,0.0,84000
2026-06-02,PRD-08,Jawa Timur,11,14000,15.0,130900
2026-06-02,PRD-08,Jabodetabek,9,14000,0.0,126000
2026-06-03,PRD-01,DI Yogyakarta,24,28000,0.0,672000
2026-06-03,PRD-01,Jawa Tengah,14,28000,0.0,392000
2026-06-03,PRD-01,Jawa Timur,13,28000,10.0,327600
2026-06-03,PRD-01,Jabodetabek,20,28000,10.0,504000
2026-06-03,PRD-02,DI Yogyakarta,20,26000,0.0,520000
2026-06-03,PRD-02,Jawa Tengah,8,26000,0.0,208000
2026-06-03,PRD-02,Jawa Timur,4,26000,0.0,104000
2026-06-03,PRD-02,Jabodetabek,9,26000,0.0,234000
2026-06-03,PRD-03,DI Yogyakarta,9,25000,0.0,225000
2026-06-03,PRD-03,Jawa Tengah,9,25000,15.0,191250
2026-06-03,PRD-03,Jawa Timur,5,25000,0.0,125000
2026-06-03,PRD-03,Jabodetabek,11,25000,0.0,275000
2026-06-03,PRD-04,DI Yogyakarta,22,15000,0.0,330000
2026-06-03,PRD-04,Jawa Tengah,28,15000,15.0,357000
2026-06-03,PRD-04,Jawa Timur,8,15000,0.0,120000
2026-06-03,PRD-04,Jabodetabek,25,15000,0.0,375000
2026-06-03,PRD-05,DI Yogyakarta,10,18000,10.0,162000
2026-06-03,PRD-05,Jawa Tengah,2,18000,0.0,36000
2026-06-03,PRD-05,Jawa Timur,3,18000,0.0,54000
2026-06-03,PRD-05,Jabodetabek,6,18000,5.0,102600
2026-06-03,PRD-06,DI Yogyakarta,23,12000,10.0,248400
2026-06-03,PRD-06,Jawa Tengah,21,12000,0.0,252000
2026-06-03,PRD-06,Jawa Timur,8,12000,5.0,91200
2026-06-03,PRD-06,Jabodetabek,19,12000,15.0,193800
2026-06-03,PRD-07,DI Yogyakarta,6,32000,0.0,192000
2026-06-03,PRD-07,Jawa Tengah,12,32000,5.0,364800
2026-06-03,PRD-07,Jawa Timur,7,32000,0.0,224000
2026-06-03,PRD-07,Jabodetabek,7,32000,0.0,224000
2026-06-03,PRD-08,DI Yogyakarta,10,14000,5.0,133000
2026-06-03,PRD-08,Jawa Tengah,6,14000,0.0,84000
2026-06-03,PRD-08,Jawa Timur,6,14000,0.0,84000
2026-06-03,PRD-08,Jabodetabek,9,14000,0.0,126000
2026-06-04,PRD-01,DI Yogyakarta,18,28000,0.0,504000
2026-06-04,PRD-01,Jawa Tengah,15,28000,0.0,420000
2026-06-04,PRD-01,Jawa Timur,10,28000,0.0,280000
2026-06-04,PRD-01,Jabodetabek,28,28000,10.0,705600
2026-06-04,PRD-02,DI Yogyakarta,15,26000,0.0,390000
2026-06-04,PRD-02,Jawa Tengah,10,26000,0.0,260000
2026-06-04,PRD-02,Jawa Timur,6,26000,0.0,156000
2026-06-04,PRD-02,Jabodetabek,20,26000,0.0,520000
2026-06-04,PRD-03,DI Yogyakarta,10,25000,0.0,250000
2026-06-04,PRD-03,Jawa Tengah,7,25000,0.0,175000
2026-06-04,PRD-03,Jawa Timur,0,25000,0.0,0
2026-06-04,PRD-03,Jabodetabek,6,25000,0.0,150000
2026-06-04,PRD-04,DI Yogyakarta,29,15000,10.0,391500
2026-06-04,PRD-04,Jawa Tengah,13,15000,0.0,195000
2026-06-04,PRD-04,Jawa Timur,17,15000,15.0,216750
2026-06-04,PRD-04,Jabodetabek,28,15000,0.0,420000
2026-06-04,PRD-05,DI Yogyakarta,3,18000,0.0,54000
2026-06-04,PRD-05,Jawa Tengah,12,18000,0.0,216000
2026-06-04,PRD-05,Jawa Timur,7,18000,0.0,126000
2026-06-04,PRD-05,Jabodetabek,6,18000,5.0,102600
2026-06-04,PRD-06,DI Yogyakarta,21,12000,10.0,226800
2026-06-04,PRD-06,Jawa Tengah,12,12000,5.0,136800
2026-06-04,PRD-06,Jawa Timur,11,12000,0.0,132000
2026-06-04,PRD-06,Jabodetabek,21,12000,0.0,252000
2026-06-04,PRD-07,DI Yogyakarta,6,32000,0.0,192000
2026-06-04,PRD-07,Jawa Tengah,5,32000,5.0,152000
2026-06-04,PRD-07,Jawa Timur,9,32000,0.0,288000
2026-06-04,PRD-07,Jabodetabek,5,32000,0.0,160000
2026-06-04,PRD-08,DI Yogyakarta,15,14000,0.0,210000
2026-06-04,PRD-08,Jawa Tengah,11,14000,0.0,154000
2026-06-04,PRD-08,Jawa Timur,6,14000,5.0,79800
2026-06-04,PRD-08,Jabodetabek,14,14000,0.0,196000
2026-06-05,PRD-01,DI Yogyakarta,31,28000,0.0,868000
2026-06-05,PRD-01,Jawa Tengah,19,28000,0.0,532000
2026-06-05,PRD-01,Jawa Timur,16,28000,0.0,448000
2026-06-05,PRD-01,Jabodetabek,22,28000,5.0,585200
2026-06-05,PRD-02,DI Yogyakarta,16,26000,0.0,416000
2026-06-05,PRD-02,Jawa Tengah,8,26000,0.0,208000
2026-06-05,PRD-02,Jawa Timur,8,26000,0.0,208000
2026-06-05,PRD-02,Jabodetabek,13,26000,0.0,338000
2026-06-05,PRD-03,DI Yogyakarta,7,25000,5.0,166250
2026-06-05,PRD-03,Jawa Tengah,8,25000,0.0,200000
2026-06-05,PRD-03,Jawa Timur,2,25000,0.0,50000
2026-06-05,PRD-03,Jabodetabek,5,25000,15.0,106250
2026-06-05,PRD-04,DI Yogyakarta,35,15000,0.0,525000
2026-06-05,PRD-04,Jawa Tengah,22,15000,15.0,280500
2026-06-05,PRD-04,Jawa Timur,24,15000,5.0,342000
2026-06-05,PRD-04,Jabodetabek,27,15000,0.0,405000
2026-06-05,PRD-05,DI Yogyakarta,9,18000,0.0,162000
2026-06-05,PRD-05,Jawa Tengah,7,18000,0.0,126000
2026-06-05,PRD-05,Jawa Timur,7,18000,0.0,126000
2026-06-05,PRD-05,Jabodetabek,5,18000,0.0,90000
2026-06-05,PRD-06,DI Yogyakarta,23,12000,0.0,276000
2026-06-05,PRD-06,Jawa Tengah,14,12000,0.0,168000
2026-06-05,PRD-06,Jawa Timur,15,12000,15.0,153000
2026-06-05,PRD-06,Jabodetabek,22,12000,10.0,237600
2026-06-05,PRD-07,DI Yogyakarta,10,32000,0.0,320000
2026-06-05,PRD-07,Jawa Tengah,4,32000,5.0,121600
2026-06-05,PRD-07,Jawa Timur,5,32000,0.0,160000
2026-06-05,PRD-07,Jabodetabek,1,32000,10.0,28800
2026-06-05,PRD-08,DI Yogyakarta,13,14000,0.0,182000
2026-06-05,PRD-08,Jawa Tengah,6,14000,0.0,84000
2026-06-05,PRD-08,Jawa Timur,6,14000,5.0,79800
2026-06-05,PRD-08,Jabodetabek,9,14000,0.0,126000
2026-06-06,PRD-01,DI Yogyakarta,26,28000,0.0,728000
2026-06-06,PRD-01,Jawa Tengah,21,28000,0.0,588000
2026-06-06,PRD-01,Jawa Timur,12,28000,5.0,319200
2026-06-06,PRD-01,Jabodetabek,26,28000,0.0,728000
2026-06-06,PRD-02,DI Yogyakarta,21,26000,5.0,518700
2026-06-06,PRD-02,Jawa Tengah,9,26000,0.0,234000
2026-06-06,PRD-02,Jawa Timur,7,26000,5.0,172900
2026-06-06,PRD-02,Jabodetabek,16,26000,0.0,416000
2026-06-06,PRD-03,DI Yogyakarta,12,25000,0.0,300000
2026-06-06,PRD-03,Jawa Tengah,9,25000,0.0,225000
2026-06-06,PRD-03,Jawa Timur,6,25000,0.0,150000
2026-06-06,PRD-03,Jabodetabek,15,25000,0.0,375000
2026-06-06,PRD-04,DI Yogyakarta,33,15000,0.0,495000
2026-06-06,PRD-04,Jawa Tengah,23,15000,0.0,345000
2026-06-06,PRD-04,Jawa Timur,18,15000,0.0,270000
2026-06-06,PRD-04,Jabodetabek,26,15000,15.0,331500
2026-06-06,PRD-05,DI Yogyakarta,6,18000,5.0,102600
2026-06-06,PRD-05,Jawa Tengah,9,18000,0.0,162000
2026-06-06,PRD-05,Jawa Timur,7,18000,5.0,119700
2026-06-06,PRD-05,Jabodetabek,14,18000,10.0,226800
2026-06-06,PRD-06,DI Yogyakarta,24,12000,5.0,273600
2026-06-06,PRD-06,Jawa Tengah,21,12000,5.0,239400
2026-06-06,PRD-06,Jawa Timur,14,12000,0.0,168000
2026-06-06,PRD-06,Jabodetabek,31,12000,0.0,372000
2026-06-06,PRD-07,DI Yogyakarta,9,32000,0.0,288000
2026-06-06,PRD-07,Jawa Tengah,1,32000,5.0,30400
2026-06-06,PRD-07,Jawa Timur,5,32000,0.0,160000
2026-06-06,PRD-07,Jabodetabek,7,32000,10.0,201600
2026-06-06,PRD-08,DI Yogyakarta,19,14000,0.0,266000
2026-06-06,PRD-08,Jawa Tengah,11,14000,0.0,154000
2026-06-06,PRD-08,Jawa Timur,12,14000,0.0,168000
2026-06-06,PRD-08,Jabodetabek,17,14000,0.0,238000
2026-06-07,PRD-01,DI Yogyakarta,26,28000,10.0,655200
2026-06-07,PRD-01,Jawa Tengah,18,28000,0.0,504000
2026-06-07,PRD-01,Jawa Timur,16,28000,0.0,448000
2026-06-07,PRD-01,Jabodetabek,28,28000,0.0,784000
2026-06-07,PRD-02,DI Yogyakarta,16,26000,0.0,416000
2026-06-07,PRD-02,Jawa Tengah,13,26000,0.0,338000
2026-06-07,PRD-02,Jawa Timur,16,26000,0.0,416000
2026-06-07,PRD-02,Jabodetabek,19,26000,15.0,419900
2026-06-07,PRD-03,DI Yogyakarta,19,25000,0.0,475000
2026-06-07,PRD-03,Jawa Tengah,7,25000,0.0,175000
2026-06-07,PRD-03,Jawa Timur,12,25000,0.0,300000
2026-06-07,PRD-03,Jabodetabek,11,25000,10.0,247500
2026-06-07,PRD-04,DI Yogyakarta,29,15000,0.0,435000
2026-06-07,PRD-04,Jawa Tengah,29,15000,0.0,435000
2026-06-07,PRD-04,Jawa Timur,15,15000,0.0,225000
2026-06-07,PRD-04,Jabodetabek,35,15000,0.0,525000
2026-06-07,PRD-05,DI Yogyakarta,8,18000,0.0,144000
2026-06-07,PRD-05,Jawa Tengah,11,18000,0.0,198000
2026-06-07,PRD-05,Jawa Timur,7,18000,0.0,126000
2026-06-07,PRD-05,Jabodetabek,12,18000,5.0,205200
2026-06-07,PRD-06,DI Yogyakarta,33,12000,0.0,396000
2026-06-07,PRD-06,Jawa Tengah,16,12000,15.0,163200
2026-06-07,PRD-06,Jawa Timur,21,12000,5.0,239400
2026-06-07,PRD-06,Jabodetabek,23,12000,0.0,276000
2026-06-07,PRD-07,DI Yogyakarta,10,32000,0.0,320000
2026-06-07,PRD-07,Jawa Tengah,4,32000,0.0,128000
2026-06-07,PRD-07,Jawa Timur,4,32000,0.0,128000
2026-06-07,PRD-07,Jabodetabek,4,32000,0.0,128000
2026-06-07,PRD-08,DI Yogyakarta,14,14000,0.0,196000
2026-06-07,PRD-08,Jawa Tengah,12,14000,0.0,168000
2026-06-07,PRD-08,Jawa Timur,15,14000,0.0,210000
2026-06-07,PRD-08,Jabodetabek,15,14000,0.0,210000
2026-06-08,PRD-01,DI Yogyakarta,20,28000,0.0,560000
2026-06-08,PRD-01,Jawa Tengah,7,28000,0.0,196000
2026-06-08,PRD-01,Jawa Timur,13,28000,5.0,345800
2026-06-08,PRD-01,Jabodetabek,16,28000,0.0,448000
2026-06-08,PRD-02,DI Yogyakarta,18,26000,0.0,468000
2026-06-08,PRD-02,Jawa Tengah,10,26000,0.0,260000
2026-06-08,PRD-02,Jawa Timur,10,26000,0.0,260000
2026-06-08,PRD-02,Jabodetabek,14,26000,0.0,364000
2026-06-08,PRD-03,DI Yogyakarta,16,25000,0.0,400000
2026-06-08,PRD-03,Jawa Tengah,7,25000,0.0,175000
2026-06-08,PRD-03,Jawa Timur,5,25000,0.0,125000
2026-06-08,PRD-03,Jabodetabek,7,25000,0.0,175000
2026-06-08,PRD-04,DI Yogyakarta,38,15000,0.0,570000
2026-06-08,PRD-04,Jawa Tengah,16,15000,0.0,240000
2026-06-08,PRD-04,Jawa Timur,19,15000,10.0,256500
2026-06-08,PRD-04,Jabodetabek,27,15000,0.0,405000
2026-06-08,PRD-05,DI Yogyakarta,4,18000,5.0,68400
2026-06-08,PRD-05,Jawa Tengah,3,18000,0.0,54000
2026-06-08,PRD-05,Jawa Timur,2,18000,5.0,34200
2026-06-08,PRD-05,Jabodetabek,13,18000,10.0,210600
2026-06-08,PRD-06,DI Yogyakarta,28,12000,5.0,319200
2026-06-08,PRD-06,Jawa Tengah,20,12000,0.0,240000
2026-06-08,PRD-06,Jawa Timur,15,12000,0.0,180000
2026-06-08,PRD-06,Jabodetabek,20,12000,0.0,240000
2026-06-08,PRD-07,DI Yogyakarta,11,32000,10.0,316800
2026-06-08,PRD-07,Jawa Tengah,6,32000,0.0,192000
2026-06-08,PRD-07,Jawa Timur,5,32000,0.0,160000
2026-06-08,PRD-07,Jabodetabek,9,32000,0.0,288000
2026-06-08,PRD-08,DI Yogyakarta,18,14000,5.0,239400
2026-06-08,PRD-08,Jawa Tengah,4,14000,0.0,56000
2026-06-08,PRD-08,Jawa Timur,9,14000,0.0,126000
2026-06-08,PRD-08,Jabodetabek,7,14000,0.0,98000
2026-06-09,PRD-01,DI Yogyakarta,23,28000,0.0,644000
2026-06-09,PRD-01,Jawa Tengah,13,28000,10.0,327600
2026-06-09,PRD-01,Jawa Timur,9,28000,10.0,226800
2026-06-09,PRD-01,Jabodetabek,20,28000,0.0,560000
2026-06-09,PRD-02,DI Yogyakarta,14,26000,0.0,364000
2026-06-09,PRD-02,Jawa Tengah,15,26000,5.0,370500
2026-06-09,PRD-02,Jawa Timur,6,26000,0.0,156000
2026-06-09,PRD-02,Jabodetabek,14,26000,10.0,327600
2026-06-09,PRD-03,DI Yogyakarta,11,25000,0.0,275000
2026-06-09,PRD-03,Jawa Tengah,4,25000,0.0,100000
2026-06-09,PRD-03,Jawa Timur,7,25000,0.0,175000
2026-06-09,PRD-03,Jabodetabek,9,25000,0.0,225000
2026-06-09,PRD-04,DI Yogyakarta,19,15000,0.0,285000
2026-06-09,PRD-04,Jawa Tengah,20,15000,10.0,270000
2026-06-09,PRD-04,Jawa Timur,17,15000,10.0,229500
2026-06-09,PRD-04,Jabodetabek,35,15000,0.0,525000
2026-06-09,PRD-05,DI Yogyakarta,8,18000,0.0,144000
2026-06-09,PRD-05,Jawa Tengah,7,18000,5.0,119700
2026-06-09,PRD-05,Jawa Timur,7,18000,0.0,126000
2026-06-09,PRD-05,Jabodetabek,12,18000,0.0,216000
2026-06-09,PRD-06,DI Yogyakarta,22,12000,10.0,237600
2026-06-09,PRD-06,Jawa Tengah,22,12000,0.0,264000
2026-06-09,PRD-06,Jawa Timur,10,12000,5.0,114000
2026-06-09,PRD-06,Jabodetabek,16,12000,0.0,192000
2026-06-09,PRD-07,DI Yogyakarta,2,32000,0.0,64000
2026-06-09,PRD-07,Jawa Tengah,2,32000,5.0,60800
2026-06-09,PRD-07,Jawa Timur,2,32000,0.0,64000
2026-06-09,PRD-07,Jabodetabek,6,32000,0.0,192000
2026-06-09,PRD-08,DI Yogyakarta,9,14000,10.0,113400
2026-06-09,PRD-08,Jawa Tengah,14,14000,5.0,186200
2026-06-09,PRD-08,Jawa Timur,8,14000,0.0,112000
2026-06-09,PRD-08,Jabodetabek,7,14000,0.0,98000
2026-06-10,PRD-01,DI Yogyakarta,23,28000,0.0,644000
2026-06-10,PRD-01,Jawa Tengah,14,28000,0.0,392000
2026-06-10,PRD-01,Jawa Timur,13,28000,0.0,364000
2026-06-10,PRD-01,Jabodetabek,16,28000,0.0,448000
2026-06-10,PRD-02,DI Yogyakarta,14,26000,0.0,364000
2026-06-10,PRD-02,Jawa Tengah,9,26000,0.0,234000
2026-06-10,PRD-02,Jawa Timur,10,26000,0.0,260000
2026-06-10,PRD-02,Jabodetabek,18,26000,10.0,421200
2026-06-10,PRD-03,DI Yogyakarta,7,25000,0.0,175000
2026-06-10,PRD-03,Jawa Tengah,11,25000,0.0,275000
2026-06-10,PRD-03,Jawa Timur,8,25000,0.0,200000
2026-06-10,PRD-03,Jabodetabek,10,25000,0.0,250000
2026-06-10,PRD-04,DI Yogyakarta,39,15000,0.0,585000
2026-06-10,PRD-04,Jawa Tengah,25,15000,0.0,375000
2026-06-10,PRD-04,Jawa Timur,18,15000,0.0,270000
2026-06-10,PRD-04,Jabodetabek,27,15000,5.0,384750
2026-06-10,PRD-05,DI Yogyakarta,18,18000,0.0,324000
2026-06-10,PRD-05,Jawa Tengah,9,18000,0.0,162000
2026-06-10,PRD-05,Jawa Timur,6,18000,5.0,102600
2026-06-10,PRD-05,Jabodetabek,7,18000,0.0,126000
2026-06-10,PRD-06,DI Yogyakarta,13,12000,0.0,156000
2026-06-10,PRD-06,Jawa Tengah,14,12000,5.0,159600
2026-06-10,PRD-06,Jawa Timur,16,12000,0.0,192000
2026-06-10,PRD-06,Jabodetabek,25,12000,5.0,285000
2026-06-10,PRD-07,DI Yogyakarta,4,32000,0.0,128000
2026-06-10,PRD-07,Jawa Tengah,8,32000,0.0,256000
2026-06-10,PRD-07,Jawa Timur,3,32000,10.0,86400
2026-06-10,PRD-07,Jabodetabek,9,32000,0.0,288000
2026-06-10,PRD-08,DI Yogyakarta,10,14000,10.0,126000
2026-06-10,PRD-08,Jawa Tengah,10,14000,0.0,140000
2026-06-10,PRD-08,Jawa Timur,12,14000,0.0,168000
2026-06-10,PRD-08,Jabodetabek,11,14000,5.0,146300
2026-06-11,PRD-01,DI Yogyakarta,18,28000,0.0,504000
2026-06-11,PRD-01,Jawa Tengah,13,28000,0.0,364000
2026-06-11,PRD-01,Jawa Timur,13,28000,0.0,364000
2026-06-11,PRD-01,Jabodetabek,12,28000,5.0,319200
2026-06-11,PRD-02,DI Yogyakarta,21,26000,0.0,546000
2026-06-11,PRD-02,Jawa Tengah,13,26000,0.0,338000
2026-06-11,PRD-02,Jawa Timur,8,26000,0.0,208000
2026-06-11,PRD-02,Jabodetabek,18,26000,5.0,444600
2026-06-11,PRD-03,DI Yogyakarta,10,25000,0.0,250000
2026-06-11,PRD-03,Jawa Tengah,11,25000,0.0,275000
2026-06-11,PRD-03,Jawa Timur,7,25000,0.0,175000
2026-06-11,PRD-03,Jabodetabek,16,25000,10.0,360000
2026-06-11,PRD-04,DI Yogyakarta,28,15000,10.0,378000
2026-06-11,PRD-04,Jawa Tengah,25,15000,0.0,375000
2026-06-11,PRD-04,Jawa Timur,18,15000,0.0,270000
2026-06-11,PRD-04,Jabodetabek,26,15000,0.0,390000
2026-06-11,PRD-05,DI Yogyakarta,10,18000,0.0,180000
2026-06-11,PRD-05,Jawa Tengah,7,18000,0.0,126000
2026-06-11,PRD-05,Jawa Timur,6,18000,0.0,108000
2026-06-11,PRD-05,Jabodetabek,8,18000,5.0,136800
2026-06-11,PRD-06,DI Yogyakarta,22,12000,0.0,264000
2026-06-11,PRD-06,Jawa Tengah,12,12000,0.0,144000
2026-06-11,PRD-06,Jawa Timur,13,12000,0.0,156000
2026-06-11,PRD-06,Jabodetabek,13,12000,0.0,156000
2026-06-11,PRD-07,DI Yogyakarta,7,32000,0.0,224000
2026-06-11,PRD-07,Jawa Tengah,5,32000,0.0,160000
2026-06-11,PRD-07,Jawa Timur,6,32000,0.0,192000
2026-06-11,PRD-07,Jabodetabek,5,32000,0.0,160000
2026-06-11,PRD-08,DI Yogyakarta,18,14000,5.0,239400
2026-06-11,PRD-08,Jawa Tengah,10,14000,0.0,140000
2026-06-11,PRD-08,Jawa Timur,2,14000,0.0,28000
2026-06-11,PRD-08,Jabodetabek,11,14000,5.0,146300
2026-06-12,PRD-01,DI Yogyakarta,16,28000,10.0,403200
2026-06-12,PRD-01,Jawa Tengah,10,28000,10.0,252000
2026-06-12,PRD-01,Jawa Timur,9,28000,0.0,252000
2026-06-12,PRD-01,Jabodetabek,24,28000,0.0,672000
2026-06-12,PRD-02,DI Yogyakarta,5,26000,15.0,110500
2026-06-12,PRD-02,Jawa Tengah,12,26000,0.0,312000
2026-06-12,PRD-02,Jawa Timur,7,26000,10.0,163800
2026-06-12,PRD-02,Jabodetabek,10,26000,10.0,234000
2026-06-12,PRD-03,DI Yogyakarta,7,25000,0.0,175000
2026-06-12,PRD-03,Jawa Tengah,7,25000,0.0,175000
2026-06-12,PRD-03,Jawa Timur,5,25000,0.0,125000
2026-06-12,PRD-03,Jabodetabek,7,25000,0.0,175000
2026-06-12,PRD-04,DI Yogyakarta,25,15000,10.0,337500
2026-06-12,PRD-04,Jawa Tengah,20,15000,0.0,300000
2026-06-12,PRD-04,Jawa Timur,16,15000,5.0,228000
2026-06-12,PRD-04,Jabodetabek,24,15000,5.0,342000
2026-06-12,PRD-05,DI Yogyakarta,11,18000,0.0,198000
2026-06-12,PRD-05,Jawa Tengah,6,18000,5.0,102600
2026-06-12,PRD-05,Jawa Timur,6,18000,0.0,108000
2026-06-12,PRD-05,Jabodetabek,10,18000,0.0,180000
2026-06-12,PRD-06,DI Yogyakarta,13,12000,10.0,140400
2026-06-12,PRD-06,Jawa Tengah,17,12000,0.0,204000
2026-06-12,PRD-06,Jawa Timur,11,12000,0.0,132000
2026-06-12,PRD-06,Jabodetabek,14,12000,5.0,159600
2026-06-12,PRD-07,DI Yogyakarta,5,32000,0.0,160000
2026-06-12,PRD-07,Jawa Tengah,6,32000,0.0,192000
2026-06-12,PRD-07,Jawa Timur,6,32000,0.0,192000
2026-06-12,PRD-07,Jabodetabek,5,32000,15.0,136000
2026-06-12,PRD-08,DI Yogyakarta,16,14000,0.0,224000
2026-06-12,PRD-08,Jawa Tengah,10,14000,0.0,140000
2026-06-12,PRD-08,Jawa Timur,4,14000,0.0,56000
2026-06-12,PRD-08,Jabodetabek,7,14000,0.0,98000
2026-06-13,PRD-01,DI Yogyakarta,20,28000,0.0,560000
2026-06-13,PRD-01,Jawa Tengah,28,28000,0.0,784000
2026-06-13,PRD-01,Jawa Timur,13,28000,0.0,364000
2026-06-13,PRD-01,Jabodetabek,29,28000,0.0,812000
2026-06-13,PRD-02,DI Yogyakarta,20,26000,5.0,494000
2026-06-13,PRD-02,Jawa Tengah,16,26000,0.0,416000
2026-06-13,PRD-02,Jawa Timur,16,26000,0.0,416000
2026-06-13,PRD-02,Jabodetabek,13,26000,0.0,338000
2026-06-13,PRD-03,DI Yogyakarta,18,25000,0.0,450000
2026-06-13,PRD-03,Jawa Tengah,9,25000,0.0,225000
2026-06-13,PRD-03,Jawa Timur,9,25000,0.0,225000
2026-06-13,PRD-03,Jabodetabek,14,25000,0.0,350000
2026-06-13,PRD-04,DI Yogyakarta,35,15000,0.0,525000
2026-06-13,PRD-04,Jawa Tengah,26,15000,0.0,390000
2026-06-13,PRD-04,Jawa Timur,13,15000,5.0,185250
2026-06-13,PRD-04,Jabodetabek,35,15000,0.0,525000
2026-06-13,PRD-05,DI Yogyakarta,22,18000,0.0,396000
2026-06-13,PRD-05,Jawa Tengah,7,18000,0.0,126000
2026-06-13,PRD-05,Jawa Timur,6,18000,0.0,108000
2026-06-13,PRD-05,Jabodetabek,11,18000,10.0,178200
2026-06-13,PRD-06,DI Yogyakarta,22,12000,0.0,264000
2026-06-13,PRD-06,Jawa Tengah,14,12000,0.0,168000
2026-06-13,PRD-06,Jawa Timur,18,12000,0.0,216000
2026-06-13,PRD-06,Jabodetabek,29,12000,0.0,348000
2026-06-13,PRD-07,DI Yogyakarta,11,32000,5.0,334400
2026-06-13,PRD-07,Jawa Tengah,11,32000,0.0,352000
2026-06-13,PRD-07,Jawa Timur,5,32000,10.0,144000
2026-06-13,PRD-07,Jabodetabek,12,32000,0.0,384000
2026-06-13,PRD-08,DI Yogyakarta,12,14000,5.0,159600
2026-06-13,PRD-08,Jawa Tengah,12,14000,0.0,168000
2026-06-13,PRD-08,Jawa Timur,8,14000,0.0,112000
2026-06-13,PRD-08,Jabodetabek,10,14000,0.0,140000
2026-06-14,PRD-01,DI Yogyakarta,22,28000,5.0,585200
2026-06-14,PRD-01,Jawa Tengah,17,28000,0.0,476000
2026-06-14,PRD-01,Jawa Timur,14,28000,5.0,372400
2026-06-14,PRD-01,Jabodetabek,19,28000,0.0,532000
2026-06-14,PRD-02,DI Yogyakarta,21,26000,0.0,546000
2026-06-14,PRD-02,Jawa Tengah,21,26000,0.0,546000
2026-06-14,PRD-02,Jawa Timur,4,26000,10.0,93600
2026-06-14,PRD-02,Jabodetabek,20,26000,0.0,520000
2026-06-14,PRD-03,DI Yogyakarta,12,25000,0.0,300000
2026-06-14,PRD-03,Jawa Tengah,9,25000,0.0,225000
2026-06-14,PRD-03,Jawa Timur,9,25000,0.0,225000
2026-06-14,PRD-03,Jabodetabek,15,25000,5.0,356250
2026-06-14,PRD-04,DI Yogyakarta,55,15000,0.0,825000
2026-06-14,PRD-04,Jawa Tengah,29,15000,5.0,413250
2026-06-14,PRD-04,Jawa Timur,21,15000,5.0,299250
2026-06-14,PRD-04,Jabodetabek,40,15000,0.0,600000
2026-06-14,PRD-05,DI Yogyakarta,16,18000,0.0,288000
2026-06-14,PRD-05,Jawa Tengah,5,18000,0.0,90000
2026-06-14,PRD-05,Jawa Timur,6,18000,0.0,108000
2026-06-14,PRD-05,Jabodetabek,18,18000,0.0,324000
2026-06-14,PRD-06,DI Yogyakarta,26,12000,5.0,296400
2026-06-14,PRD-06,Jawa Tengah,22,12000,5.0,250800
2026-06-14,PRD-06,Jawa Timur,10,12000,0.0,120000
2026-06-14,PRD-06,Jabodetabek,26,12000,0.0,312000
2026-06-14,PRD-07,DI Yogyakarta,8,32000,15.0,217600
2026-06-14,PRD-07,Jawa Tengah,7,32000,10.0,201600
2026-06-14,PRD-07,Jawa Timur,7,32000,0.0,224000
2026-06-14,PRD-07,Jabodetabek,9,32000,0.0,288000
2026-06-14,PRD-08,DI Yogyakarta,15,14000,0.0,210000
2026-06-14,PRD-08,Jawa Tengah,14,14000,0.0,196000
2026-06-14,PRD-08,Jawa Timur,10,14000,0.0,140000
2026-06-14,PRD-08,Jabodetabek,15,14000,5.0,199500
2026-06-15,PRD-01,DI Yogyakarta,29,28000,0.0,812000
2026-06-15,PRD-01,Jawa Tengah,15,28000,0.0,420000
2026-06-15,PRD-01,Jawa Timur,12,28000,0.0,336000
2026-06-15,PRD-01,Jabodetabek,21,28000,0.0,588000
2026-06-15,PRD-02,DI Yogyakarta,13,26000,0.0,338000
2026-06-15,PRD-02,Jawa Tengah,10,26000,15.0,221000
2026-06-15,PRD-02,Jawa Timur,10,26000,0.0,260000
2026-06-15,PRD-02,Jabodetabek,12,26000,0.0,312000
2026-06-15,PRD-03,DI Yogyakarta,12,25000,0.0,300000
2026-06-15,PRD-03,Jawa Tengah,12,25000,5.0,285000
2026-06-15,PRD-03,Jawa Timur,3,25000,0.0,75000
2026-06-15,PRD-03,Jabodetabek,12,25000,10.0,270000
2026-06-15,PRD-04,DI Yogyakarta,25,15000,0.0,375000
2026-06-15,PRD-04,Jawa Tengah,31,15000,0.0,465000
2026-06-15,PRD-04,Jawa Timur,18,15000,0.0,270000
2026-06-15,PRD-04,Jabodetabek,29,15000,0.0,435000
2026-06-15,PRD-05,DI Yogyakarta,10,18000,0.0,180000
2026-06-15,PRD-05,Jawa Tengah,3,18000,0.0,54000
2026-06-15,PRD-05,Jawa Timur,3,18000,0.0,54000
2026-06-15,PRD-05,Jabodetabek,11,18000,0.0,198000
2026-06-15,PRD-06,DI Yogyakarta,24,12000,5.0,273600
2026-06-15,PRD-06,Jawa Tengah,13,12000,0.0,156000
2026-06-15,PRD-06,Jawa Timur,13,12000,0.0,156000
2026-06-15,PRD-06,Jabodetabek,21,12000,5.0,239400
2026-06-15,PRD-07,DI Yogyakarta,9,32000,0.0,288000
2026-06-15,PRD-07,Jawa Tengah,3,32000,0.0,96000
2026-06-15,PRD-07,Jawa Timur,5,32000,0.0,160000
2026-06-15,PRD-07,Jabodetabek,4,32000,0.0,128000
2026-06-15,PRD-08,DI Yogyakarta,12,14000,0.0,168000
2026-06-15,PRD-08,Jawa Tengah,13,14000,15.0,154700
2026-06-15,PRD-08,Jawa Timur,11,14000,0.0,154000
2026-06-15,PRD-08,Jabodetabek,15,14000,5.0,199500
2026-06-16,PRD-01,DI Yogyakarta,32,28000,0.0,896000
2026-06-16,PRD-01,Jawa Tengah,11,28000,0.0,308000
2026-06-16,PRD-01,Jawa Timur,14,28000,0.0,392000
2026-06-16,PRD-01,Jabodetabek,13,28000,0.0,364000
2026-06-16,PRD-02,DI Yogyakarta,25,26000,5.0,617500
2026-06-16,PRD-02,Jawa Tengah,17,26000,0.0,442000
2026-06-16,PRD-02,Jawa Timur,4,26000,0.0,104000
2026-06-16,PRD-02,Jabodetabek,14,26000,10.0,327600
2026-06-16,PRD-03,DI Yogyakarta,12,25000,10.0,270000
2026-06-16,PRD-03,Jawa Tengah,8,25000,0.0,200000
2026-06-16,PRD-03,Jawa Timur,6,25000,10.0,135000
2026-06-16,PRD-03,Jabodetabek,7,25000,0.0,175000
2026-06-16,PRD-04,DI Yogyakarta,39,15000,0.0,585000
2026-06-16,PRD-04,Jawa Tengah,32,15000,0.0,480000
2026-06-16,PRD-04,Jawa Timur,15,15000,0.0,225000
2026-06-16,PRD-04,Jabodetabek,23,15000,0.0,345000
2026-06-16,PRD-05,DI Yogyakarta,6,18000,0.0,108000
2026-06-16,PRD-05,Jawa Tengah,9,18000,0.0,162000
2026-06-16,PRD-05,Jawa Timur,4,18000,0.0,72000
2026-06-16,PRD-05,Jabodetabek,10,18000,0.0,180000
2026-06-16,PRD-06,DI Yogyakarta,25,12000,0.0,300000
2026-06-16,PRD-06,Jawa Tengah,14,12000,0.0,168000
2026-06-16,PRD-06,Jawa Timur,14,12000,0.0,168000
2026-06-16,PRD-06,Jabodetabek,28,12000,0.0,336000
2026-06-16,PRD-07,DI Yogyakarta,5,32000,5.0,152000
2026-06-16,PRD-07,Jawa Tengah,5,32000,5.0,152000
2026-06-16,PRD-07,Jawa Timur,6,32000,0.0,192000
2026-06-16,PRD-07,Jabodetabek,5,32000,0.0,160000
2026-06-16,PRD-08,DI Yogyakarta,12,14000,0.0,168000
2026-06-16,PRD-08,Jawa Tengah,11,14000,0.0,154000
2026-06-16,PRD-08,Jawa Timur,9,14000,10.0,113400
2026-06-16,PRD-08,Jabodetabek,13,14000,0.0,182000
2026-06-17,PRD-01,DI Yogyakarta,19,28000,0.0,532000
2026-06-17,PRD-01,Jawa Tengah,9,28000,0.0,252000
2026-06-17,PRD-01,Jawa Timur,11,28000,15.0,261800
2026-06-17,PRD-01,Jabodetabek,16,28000,0.0,448000
2026-06-17,PRD-02,DI Yogyakarta,30,26000,0.0,780000
2026-06-17,PRD-02,Jawa Tengah,7,26000,0.0,182000
2026-06-17,PRD-02,Jawa Timur,6,26000,0.0,156000
2026-06-17,PRD-02,Jabodetabek,17,26000,0.0,442000
2026-06-17,PRD-03,DI Yogyakarta,11,25000,0.0,275000
2026-06-17,PRD-03,Jawa Tengah,5,25000,0.0,125000
2026-06-17,PRD-03,Jawa Timur,3,25000,0.0,75000
2026-06-17,PRD-03,Jabodetabek,6,25000,0.0,150000
2026-06-17,PRD-04,DI Yogyakarta,21,15000,10.0,283500
2026-06-17,PRD-04,Jawa Tengah,13,15000,0.0,195000
2026-06-17,PRD-04,Jawa Timur,20,15000,0.0,300000
2026-06-17,PRD-04,Jabodetabek,24,15000,10.0,324000
2026-06-17,PRD-05,DI Yogyakarta,10,18000,0.0,180000
2026-06-17,PRD-05,Jawa Tengah,4,18000,10.0,64800
2026-06-17,PRD-05,Jawa Timur,7,18000,10.0,113400
2026-06-17,PRD-05,Jabodetabek,10,18000,0.0,180000
2026-06-17,PRD-06,DI Yogyakarta,23,12000,0.0,276000
2026-06-17,PRD-06,Jawa Tengah,17,12000,0.0,204000
2026-06-17,PRD-06,Jawa Timur,16,12000,0.0,192000
2026-06-17,PRD-06,Jabodetabek,18,12000,0.0,216000
2026-06-17,PRD-07,DI Yogyakarta,10,32000,0.0,320000
2026-06-17,PRD-07,Jawa Tengah,2,32000,0.0,64000
2026-06-17,PRD-07,Jawa Timur,2,32000,0.0,64000
2026-06-17,PRD-07,Jabodetabek,7,32000,0.0,224000
2026-06-17,PRD-08,DI Yogyakarta,14,14000,10.0,176400
2026-06-17,PRD-08,Jawa Tengah,9,14000,10.0,113400
2026-06-17,PRD-08,Jawa Timur,11,14000,0.0,154000
2026-06-17,PRD-08,Jabodetabek,16,14000,0.0,224000
2026-06-18,PRD-01,DI Yogyakarta,22,28000,0.0,616000
2026-06-18,PRD-01,Jawa Tengah,12,28000,0.0,336000
2026-06-18,PRD-01,Jawa Timur,10,28000,10.0,252000
2026-06-18,PRD-01,Jabodetabek,9,28000,0.0,252000
2026-06-18,PRD-02,DI Yogyakarta,13,26000,0.0,338000
2026-06-18,PRD-02,Jawa Tengah,11,26000,5.0,271700
2026-06-18,PRD-02,Jawa Timur,13,26000,0.0,338000
2026-06-18,PRD-02,Jabodetabek,16,26000,0.0,416000
2026-06-18,PRD-03,DI Yogyakarta,12,25000,0.0,300000
2026-06-18,PRD-03,Jawa Tengah,9,25000,10.0,202500
2026-06-18,PRD-03,Jawa Timur,4,25000,0.0,100000
2026-06-18,PRD-03,Jabodetabek,6,25000,15.0,127500
2026-06-18,PRD-04,DI Yogyakarta,40,15000,0.0,600000
2026-06-18,PRD-04,Jawa Tengah,24,15000,0.0,360000
2026-06-18,PRD-04,Jawa Timur,22,15000,0.0,330000
2026-06-18,PRD-04,Jabodetabek,13,15000,0.0,195000
2026-06-18,PRD-05,DI Yogyakarta,7,18000,0.0,126000
2026-06-18,PRD-05,Jawa Tengah,6,18000,0.0,108000
2026-06-18,PRD-05,Jawa Timur,3,18000,0.0,54000
2026-06-18,PRD-05,Jabodetabek,9,18000,0.0,162000
2026-06-18,PRD-06,DI Yogyakarta,24,12000,10.0,259200
2026-06-18,PRD-06,Jawa Tengah,28,12000,0.0,336000
2026-06-18,PRD-06,Jawa Timur,16,12000,0.0,192000
2026-06-18,PRD-06,Jabodetabek,19,12000,0.0,228000
2026-06-18,PRD-07,DI Yogyakarta,6,32000,5.0,182400
2026-06-18,PRD-07,Jawa Tengah,2,32000,0.0,64000
2026-06-18,PRD-07,Jawa Timur,5,32000,0.0,160000
2026-06-18,PRD-07,Jabodetabek,4,32000,0.0,128000
2026-06-18,PRD-08,DI Yogyakarta,10,14000,5.0,133000
2026-06-18,PRD-08,Jawa Tengah,12,14000,15.0,142800
2026-06-18,PRD-08,Jawa Timur,9,14000,0.0,126000
2026-06-18,PRD-08,Jabodetabek,10,14000,0.0,140000
2026-06-19,PRD-01,DI Yogyakarta,22,28000,0.0,616000
2026-06-19,PRD-01,Jawa Tengah,13,28000,0.0,364000
2026-06-19,PRD-01,Jawa Timur,16,28000,0.0,448000
2026-06-19,PRD-01,Jabodetabek,21,28000,0.0,588000
2026-06-19,PRD-02,DI Yogyakarta,13,26000,0.0,338000
2026-06-19,PRD-02,Jawa Tengah,8,26000,0.0,208000
2026-06-19,PRD-02,Jawa Timur,8,26000,0.0,208000
2026-06-19,PRD-02,Jabodetabek,16,26000,0.0,416000
2026-06-19,PRD-03,DI Yogyakarta,11,25000,0.0,275000
2026-06-19,PRD-03,Jawa Tengah,3,25000,5.0,71250
2026-06-19,PRD-03,Jawa Timur,2,25000,0.0,50000
2026-06-19,PRD-03,Jabodetabek,8,25000,0.0,200000
2026-06-19,PRD-04,DI Yogyakarta,20,15000,15.0,255000
2026-06-19,PRD-04,Jawa Tengah,27,15000,0.0,405000
2026-06-19,PRD-04,Jawa Timur,16,15000,0.0,240000
2026-06-19,PRD-04,Jabodetabek,21,15000,5.0,299250
2026-06-19,PRD-05,DI Yogyakarta,11,18000,0.0,198000
2026-06-19,PRD-05,Jawa Tengah,2,18000,0.0,36000
2026-06-19,PRD-05,Jawa Timur,5,18000,0.0,90000
2026-06-19,PRD-05,Jabodetabek,9,18000,10.0,145800
2026-06-19,PRD-06,DI Yogyakarta,22,12000,0.0,264000
2026-06-19,PRD-06,Jawa Tengah,19,12000,5.0,216600
2026-06-19,PRD-06,Jawa Timur,16,12000,0.0,192000
2026-06-19,PRD-06,Jabodetabek,19,12000,0.0,228000
2026-06-19,PRD-07,DI Yogyakarta,11,32000,5.0,334400
2026-06-19,PRD-07,Jawa Tengah,3,32000,0.0,96000
2026-06-19,PRD-07,Jawa Timur,4,32000,0.0,128000
2026-06-19,PRD-07,Jabodetabek,7,32000,0.0,224000
2026-06-19,PRD-08,DI Yogyakarta,16,14000,10.0,201600
2026-06-19,PRD-08,Jawa Tengah,12,14000,15.0,142800
2026-06-19,PRD-08,Jawa Timur,10,14000,0.0,140000
2026-06-19,PRD-08,Jabodetabek,18,14000,0.0,252000
2026-06-20,PRD-01,DI Yogyakarta,28,28000,0.0,784000
2026-06-20,PRD-01,Jawa Tengah,20,28000,5.0,532000
2026-06-20,PRD-01,Jawa Timur,13,28000,10.0,327600
2026-06-20,PRD-01,Jabodetabek,32,28000,10.0,806400
2026-06-20,PRD-02,DI Yogyakarta,22,26000,0.0,572000
2026-06-20,PRD-02,Jawa Tengah,18,26000,5.0,444600
2026-06-20,PRD-02,Jawa Timur,12,26000,0.0,312000
2026-06-20,PRD-02,Jabodetabek,32,26000,0.0,832000
2026-06-20,PRD-03,DI Yogyakarta,12,25000,0.0,300000
2026-06-20,PRD-03,Jawa Tengah,13,25000,5.0,308750
2026-06-20,PRD-03,Jawa Timur,6,25000,0.0,150000
2026-06-20,PRD-03,Jabodetabek,10,25000,0.0,250000
2026-06-20,PRD-04,DI Yogyakarta,29,15000,0.0,435000
2026-06-20,PRD-04,Jawa Tengah,33,15000,0.0,495000
2026-06-20,PRD-04,Jawa Timur,27,15000,0.0,405000
2026-06-20,PRD-04,Jabodetabek,24,15000,0.0,360000
2026-06-20,PRD-05,DI Yogyakarta,11,18000,0.0,198000
2026-06-20,PRD-05,Jawa Tengah,10,18000,0.0,180000
2026-06-20,PRD-05,Jawa Timur,5,18000,0.0,90000
2026-06-20,PRD-05,Jabodetabek,14,18000,15.0,214200
2026-06-20,PRD-06,DI Yogyakarta,32,12000,0.0,384000
2026-06-20,PRD-06,Jawa Tengah,19,12000,0.0,228000
2026-06-20,PRD-06,Jawa Timur,23,12000,0.0,276000
2026-06-20,PRD-06,Jabodetabek,32,12000,0.0,384000
2026-06-20,PRD-07,DI Yogyakarta,14,32000,0.0,448000
2026-06-20,PRD-07,Jawa Tengah,5,32000,0.0,160000
2026-06-20,PRD-07,Jawa Timur,5,32000,10.0,144000
2026-06-20,PRD-07,Jabodetabek,13,32000,0.0,416000
2026-06-20,PRD-08,DI Yogyakarta,18,14000,0.0,252000
2026-06-20,PRD-08,Jawa Tengah,9,14000,0.0,126000
2026-06-20,PRD-08,Jawa Timur,10,14000,0.0,140000
2026-06-20,PRD-08,Jabodetabek,14,14000,0.0,196000
2026-06-21,PRD-01,DI Yogyakarta,28,28000,0.0,784000
2026-06-21,PRD-01,Jawa Tengah,19,28000,0.0,532000
2026-06-21,PRD-01,Jawa Timur,20,28000,0.0,560000
2026-06-21,PRD-01,Jabodetabek,15,28000,0.0,420000
2026-06-21,PRD-02,DI Yogyakarta,20,26000,10.0,468000
2026-06-21,PRD-02,Jawa Tengah,16,26000,0.0,416000
2026-06-21,PRD-02,Jawa Timur,13,26000,0.0,338000
2026-06-21,PRD-02,Jabodetabek,19,26000,0.0,494000
2026-06-21,PRD-03,DI Yogyakarta,14,25000,0.0,350000
2026-06-21,PRD-03,Jawa Tengah,10,25000,0.0,250000
2026-06-21,PRD-03,Jawa Timur,7,25000,0.0,175000
2026-06-21,PRD-03,Jabodetabek,9,25000,0.0,225000
2026-06-21,PRD-04,DI Yogyakarta,36,15000,0.0,540000
2026-06-21,PRD-04,Jawa Tengah,34,15000,15.0,433500
2026-06-21,PRD-04,Jawa Timur,20,15000,0.0,300000
2026-06-21,PRD-04,Jabodetabek,32,15000,15.0,408000
2026-06-21,PRD-05,DI Yogyakarta,9,18000,5.0,153900
2026-06-21,PRD-05,Jawa Tengah,6,18000,0.0,108000
2026-06-21,PRD-05,Jawa Timur,4,18000,15.0,61200
2026-06-21,PRD-05,Jabodetabek,11,18000,0.0,198000
2026-06-21,PRD-06,DI Yogyakarta,25,12000,0.0,300000
2026-06-21,PRD-06,Jawa Tengah,20,12000,0.0,240000
2026-06-21,PRD-06,Jawa Timur,11,12000,0.0,132000
2026-06-21,PRD-06,Jabodetabek,33,12000,0.0,396000
2026-06-21,PRD-07,DI Yogyakarta,10,32000,0.0,320000
2026-06-21,PRD-07,Jawa Tengah,7,32000,10.0,201600
2026-06-21,PRD-07,Jawa Timur,7,32000,0.0,224000
2026-06-21,PRD-07,Jabodetabek,13,32000,0.0,416000
2026-06-21,PRD-08,DI Yogyakarta,18,14000,0.0,252000
2026-06-21,PRD-08,Jawa Tengah,19,14000,0.0,266000
2026-06-21,PRD-08,Jawa Timur,11,14000,5.0,146300
2026-06-21,PRD-08,Jabodetabek,15,14000,0.0,210000
2026-06-22,PRD-01,DI Yogyakarta,16,28000,0.0,448000
2026-06-22,PRD-01,Jawa Tengah,15,28000,0.0,420000
2026-06-22,PRD-01,Jawa Timur,10,28000,10.0,252000
2026-06-22,PRD-01,Jabodetabek,13,28000,0.0,364000
2026-06-22,PRD-02,DI Yogyakarta,13,26000,10.0,304200
2026-06-22,PRD-02,Jawa Tengah,12,26000,10.0,280800
2026-06-22,PRD-02,Jawa Timur,5,26000,0.0,130000
2026-06-22,PRD-02,Jabodetabek,10,26000,0.0,260000
2026-06-22,PRD-03,DI Yogyakarta,13,25000,0.0,325000
2026-06-22,PRD-03,Jawa Tengah,7,25000,0.0,175000
2026-06-22,PRD-03,Jawa Timur,5,25000,5.0,118750
2026-06-22,PRD-03,Jabodetabek,7,25000,0.0,175000
2026-06-22,PRD-04,DI Yogyakarta,27,15000,0.0,405000
2026-06-22,PRD-04,Jawa Tengah,27,15000,0.0,405000
2026-06-22,PRD-04,Jawa Timur,20,15000,0.0,300000
2026-06-22,PRD-04,Jabodetabek,19,15000,10.0,256500
2026-06-22,PRD-05,DI Yogyakarta,8,18000,0.0,144000
2026-06-22,PRD-05,Jawa Tengah,9,18000,0.0,162000
2026-06-22,PRD-05,Jawa Timur,8,18000,0.0,144000
2026-06-22,PRD-05,Jabodetabek,11,18000,10.0,178200
2026-06-22,PRD-06,DI Yogyakarta,14,12000,0.0,168000
2026-06-22,PRD-06,Jawa Tengah,15,12000,0.0,180000
2026-06-22,PRD-06,Jawa Timur,8,12000,15.0,81600
2026-06-22,PRD-06,Jabodetabek,20,12000,0.0,240000
2026-06-22,PRD-07,DI Yogyakarta,5,32000,0.0,160000
2026-06-22,PRD-07,Jawa Tengah,6,32000,0.0,192000
2026-06-22,PRD-07,Jawa Timur,6,32000,0.0,192000
2026-06-22,PRD-07,Jabodetabek,4,32000,10.0,115200
2026-06-22,PRD-08,DI Yogyakarta,16,14000,0.0,224000
2026-06-22,PRD-08,Jawa Tengah,12,14000,10.0,151200
2026-06-22,PRD-08,Jawa Timur,8,14000,0.0,112000
2026-06-22,PRD-08,Jabodetabek,6,14000,0.0,84000
2026-06-23,PRD-01,DI Yogyakarta,25,28000,0.0,700000
2026-06-23,PRD-01,Jawa Tengah,14,28000,5.0,372400
2026-06-23,PRD-01,Jawa Timur,11,28000,0.0,308000
2026-06-23,PRD-01,Jabodetabek,13,28000,0.0,364000
2026-06-23,PRD-02,DI Yogyakarta,22,26000,0.0,572000
2026-06-23,PRD-02,Jawa Tengah,8,26000,0.0,208000
2026-06-23,PRD-02,Jawa Timur,12,26000,0.0,312000
2026-06-23,PRD-02,Jabodetabek,19,26000,0.0,494000
2026-06-23,PRD-03,DI Yogyakarta,12,25000,5.0,285000
2026-06-23,PRD-03,Jawa Tengah,11,25000,0.0,275000
2026-06-23,PRD-03,Jawa Timur,5,25000,0.0,125000
2026-06-23,PRD-03,Jabodetabek,9,25000,0.0,225000
2026-06-23,PRD-04,DI Yogyakarta,31,15000,0.0,465000
2026-06-23,PRD-04,Jawa Tengah,17,15000,0.0,255000
2026-06-23,PRD-04,Jawa Timur,13,15000,0.0,195000
2026-06-23,PRD-04,Jabodetabek,38,15000,0.0,570000
2026-06-23,PRD-05,DI Yogyakarta,10,18000,0.0,180000
2026-06-23,PRD-05,Jawa Tengah,9,18000,0.0,162000
2026-06-23,PRD-05,Jawa Timur,3,18000,0.0,54000
2026-06-23,PRD-05,Jabodetabek,8,18000,0.0,144000
2026-06-23,PRD-06,DI Yogyakarta,26,12000,0.0,312000
2026-06-23,PRD-06,Jawa Tengah,15,12000,15.0,153000
2026-06-23,PRD-06,Jawa Timur,17,12000,0.0,204000
2026-06-23,PRD-06,Jabodetabek,25,12000,5.0,285000
2026-06-23,PRD-07,DI Yogyakarta,4,32000,0.0,128000
2026-06-23,PRD-07,Jawa Tengah,4,32000,15.0,108800
2026-06-23,PRD-07,Jawa Timur,4,32000,15.0,108800
2026-06-23,PRD-07,Jabodetabek,5,32000,0.0,160000
2026-06-23,PRD-08,DI Yogyakarta,15,14000,5.0,199500
2026-06-23,PRD-08,Jawa Tengah,9,14000,0.0,126000
2026-06-23,PRD-08,Jawa Timur,9,14000,0.0,126000
2026-06-23,PRD-08,Jabodetabek,13,14000,0.0,182000
2026-06-24,PRD-01,DI Yogyakarta,15,28000,0.0,420000
2026-06-24,PRD-01,Jawa Tengah,13,28000,0.0,364000
2026-06-24,PRD-01,Jawa Timur,9,28000,0.0,252000
2026-06-24,PRD-01,Jabodetabek,16,28000,5.0,425600
2026-06-24,PRD-02,DI Yogyakarta,13,26000,5.0,321100
2026-06-24,PRD-02,Jawa Tengah,16,26000,5.0,395200
2026-06-24,PRD-02,Jawa Timur,5,26000,10.0,117000
2026-06-24,PRD-02,Jabodetabek,6,26000,0.0,156000
2026-06-24,PRD-03,DI Yogyakarta,5,25000,0.0,125000
2026-06-24,PRD-03,Jawa Tengah,10,25000,0.0,250000
2026-06-24,PRD-03,Jawa Timur,8,25000,0.0,200000
2026-06-24,PRD-03,Jabodetabek,8,25000,0.0,200000
2026-06-24,PRD-04,DI Yogyakarta,40,15000,5.0,570000
2026-06-24,PRD-04,Jawa Tengah,20,15000,0.0,300000
2026-06-24,PRD-04,Jawa Timur,20,15000,0.0,300000
2026-06-24,PRD-04,Jabodetabek,29,15000,10.0,391500
2026-06-24,PRD-05,DI Yogyakarta,9,18000,0.0,162000
2026-06-24,PRD-05,Jawa Tengah,8,18000,0.0,144000
2026-06-24,PRD-05,Jawa Timur,6,18000,0.0,108000
2026-06-24,PRD-05,Jabodetabek,4,18000,0.0,72000
2026-06-24,PRD-06,DI Yogyakarta,23,12000,0.0,276000
2026-06-24,PRD-06,Jawa Tengah,12,12000,0.0,144000
2026-06-24,PRD-06,Jawa Timur,13,12000,0.0,156000
2026-06-24,PRD-06,Jabodetabek,27,12000,0.0,324000
2026-06-24,PRD-07,DI Yogyakarta,14,32000,5.0,425600
2026-06-24,PRD-07,Jawa Tengah,4,32000,15.0,108800
2026-06-24,PRD-07,Jawa Timur,6,32000,0.0,192000
2026-06-24,PRD-07,Jabodetabek,7,32000,10.0,201600
2026-06-24,PRD-08,DI Yogyakarta,15,14000,10.0,189000
2026-06-24,PRD-08,Jawa Tengah,8,14000,0.0,112000
2026-06-24,PRD-08,Jawa Timur,9,14000,0.0,126000
2026-06-24,PRD-08,Jabodetabek,9,14000,0.0,126000
2026-06-25,PRD-01,DI Yogyakarta,25,28000,5.0,665000
2026-06-25,PRD-01,Jawa Tengah,14,28000,0.0,392000
2026-06-25,PRD-01,Jawa Timur,11,28000,0.0,308000
2026-06-25,PRD-01,Jabodetabek,21,28000,0.0,588000
2026-06-25,PRD-02,DI Yogyakarta,20,26000,0.0,520000
2026-06-25,PRD-02,Jawa Tengah,10,26000,0.0,260000
2026-06-25,PRD-02,Jawa Timur,9,26000,0.0,234000
2026-06-25,PRD-02,Jabodetabek,16,26000,0.0,416000
2026-06-25,PRD-03,DI Yogyakarta,13,25000,0.0,325000
2026-06-25,PRD-03,Jawa Tengah,8,25000,0.0,200000
2026-06-25,PRD-03,Jawa Timur,5,25000,10.0,112500
2026-06-25,PRD-03,Jabodetabek,16,25000,0.0,400000
2026-06-25,PRD-04,DI Yogyakarta,29,15000,0.0,435000
2026-06-25,PRD-04,Jawa Tengah,23,15000,0.0,345000
2026-06-25,PRD-04,Jawa Timur,15,15000,0.0,225000
2026-06-25,PRD-04,Jabodetabek,26,15000,0.0,390000
2026-06-25,PRD-05,DI Yogyakarta,12,18000,5.0,205200
2026-06-25,PRD-05,Jawa Tengah,3,18000,0.0,54000
2026-06-25,PRD-05,Jawa Timur,5,18000,5.0,85500
2026-06-25,PRD-05,Jabodetabek,5,18000,5.0,85500
2026-06-25,PRD-06,DI Yogyakarta,16,12000,0.0,192000
2026-06-25,PRD-06,Jawa Tengah,22,12000,0.0,264000
2026-06-25,PRD-06,Jawa Timur,13,12000,5.0,148200
2026-06-25,PRD-06,Jabodetabek,26,12000,10.0,280800
2026-06-25,PRD-07,DI Yogyakarta,12,32000,0.0,384000
2026-06-25,PRD-07,Jawa Tengah,9,32000,0.0,288000
2026-06-25,PRD-07,Jawa Timur,5,32000,0.0,160000
2026-06-25,PRD-07,Jabodetabek,6,32000,0.0,192000
2026-06-25,PRD-08,DI Yogyakarta,8,14000,10.0,100800
2026-06-25,PRD-08,Jawa Tengah,7,14000,0.0,98000
2026-06-25,PRD-08,Jawa Timur,4,14000,15.0,47600
2026-06-25,PRD-08,Jabodetabek,9,14000,0.0,126000
2026-06-26,PRD-01,DI Yogyakarta,13,28000,0.0,364000
2026-06-26,PRD-01,Jawa Tengah,11,28000,0.0,308000
2026-06-26,PRD-01,Jawa Timur,9,28000,0.0,252000
2026-06-26,PRD-01,Jabodetabek,21,28000,5.0,558600
2026-06-26,PRD-02,DI Yogyakarta,18,26000,10.0,421200
2026-06-26,PRD-02,Jawa Tengah,9,26000,5.0,222300
2026-06-26,PRD-02,Jawa Timur,11,26000,0.0,286000
2026-06-26,PRD-02,Jabodetabek,16,26000,0.0,416000
2026-06-26,PRD-03,DI Yogyakarta,14,25000,0.0,350000
2026-06-26,PRD-03,Jawa Tengah,9,25000,0.0,225000
2026-06-26,PRD-03,Jawa Timur,4,25000,0.0,100000
2026-06-26,PRD-03,Jabodetabek,8,25000,0.0,200000
2026-06-26,PRD-04,DI Yogyakarta,21,15000,0.0,315000
2026-06-26,PRD-04,Jawa Tengah,17,15000,0.0,255000
2026-06-26,PRD-04,Jawa Timur,17,15000,0.0,255000
2026-06-26,PRD-04,Jabodetabek,32,15000,0.0,480000
2026-06-26,PRD-05,DI Yogyakarta,6,18000,0.0,108000
2026-06-26,PRD-05,Jawa Tengah,4,18000,0.0,72000
2026-06-26,PRD-05,Jawa Timur,9,18000,0.0,162000
2026-06-26,PRD-05,Jabodetabek,8,18000,0.0,144000
2026-06-26,PRD-06,DI Yogyakarta,18,12000,0.0,216000
2026-06-26,PRD-06,Jawa Tengah,16,12000,0.0,192000
2026-06-26,PRD-06,Jawa Timur,7,12000,0.0,84000
2026-06-26,PRD-06,Jabodetabek,18,12000,0.0,216000
2026-06-26,PRD-07,DI Yogyakarta,9,32000,0.0,288000
2026-06-26,PRD-07,Jawa Tengah,8,32000,0.0,256000
2026-06-26,PRD-07,Jawa Timur,2,32000,0.0,64000
2026-06-26,PRD-07,Jabodetabek,5,32000,0.0,160000
2026-06-26,PRD-08,DI Yogyakarta,10,14000,0.0,140000
2026-06-26,PRD-08,Jawa Tengah,12,14000,0.0,168000
2026-06-26,PRD-08,Jawa Timur,7,14000,0.0,98000
2026-06-26,PRD-08,Jabodetabek,10,14000,0.0,140000
2026-06-27,PRD-01,DI Yogyakarta,26,28000,0.0,728000
2026-06-27,PRD-01,Jawa Tengah,22,28000,0.0,616000
2026-06-27,PRD-01,Jawa Timur,18,28000,5.0,478800
2026-06-27,PRD-01,Jabodetabek,24,28000,0.0,672000
2026-06-27,PRD-02,DI Yogyakarta,24,26000,0.0,624000
2026-06-27,PRD-02,Jawa Tengah,18,26000,0.0,468000
2026-06-27,PRD-02,Jawa Timur,16,26000,0.0,416000
2026-06-27,PRD-02,Jabodetabek,22,26000,0.0,572000
2026-06-27,PRD-03,DI Yogyakarta,16,25000,10.0,360000
2026-06-27,PRD-03,Jawa Tengah,12,25000,0.0,300000
2026-06-27,PRD-03,Jawa Timur,10,25000,0.0,250000
2026-06-27,PRD-03,Jabodetabek,16,25000,0.0,400000
2026-06-27,PRD-04,DI Yogyakarta,41,15000,0.0,615000
2026-06-27,PRD-04,Jawa Tengah,29,15000,0.0,435000
2026-06-27,PRD-04,Jawa Timur,19,15000,0.0,285000
2026-06-27,PRD-04,Jabodetabek,43,15000,0.0,645000
2026-06-27,PRD-05,DI Yogyakarta,14,18000,0.0,252000
2026-06-27,PRD-05,Jawa Tengah,6,18000,0.0,108000
2026-06-27,PRD-05,Jawa Timur,6,18000,5.0,102600
2026-06-27,PRD-05,Jabodetabek,9,18000,0.0,162000
2026-06-27,PRD-06,DI Yogyakarta,32,12000,0.0,384000
2026-06-27,PRD-06,Jawa Tengah,23,12000,0.0,276000
2026-06-27,PRD-06,Jawa Timur,18,12000,0.0,216000
2026-06-27,PRD-06,Jabodetabek,22,12000,0.0,264000
2026-06-27,PRD-07,DI Yogyakarta,12,32000,0.0,384000
2026-06-27,PRD-07,Jawa Tengah,3,32000,0.0,96000
2026-06-27,PRD-07,Jawa Timur,6,32000,10.0,172800
2026-06-27,PRD-07,Jabodetabek,14,32000,15.0,380800
2026-06-27,PRD-08,DI Yogyakarta,17,14000,10.0,214200
2026-06-27,PRD-08,Jawa Tengah,15,14000,0.0,210000
2026-06-27,PRD-08,Jawa Timur,9,14000,0.0,126000
2026-06-27,PRD-08,Jabodetabek,17,14000,5.0,226100
2026-06-28,PRD-01,DI Yogyakarta,39,28000,5.0,1037400
2026-06-28,PRD-01,Jawa Tengah,18,28000,0.0,504000
2026-06-28,PRD-01,Jawa Timur,8,28000,5.0,212800
2026-06-28,PRD-01,Jabodetabek,25,28000,15.0,595000
2026-06-28,PRD-02,DI Yogyakarta,8,26000,0.0,208000
2026-06-28,PRD-02,Jawa Tengah,20,26000,0.0,520000
2026-06-28,PRD-02,Jawa Timur,14,26000,0.0,364000
2026-06-28,PRD-02,Jabodetabek,18,26000,0.0,468000
2026-06-28,PRD-03,DI Yogyakarta,11,25000,0.0,275000
2026-06-28,PRD-03,Jawa Tengah,10,25000,0.0,250000
2026-06-28,PRD-03,Jawa Timur,10,25000,0.0,250000
2026-06-28,PRD-03,Jabodetabek,15,25000,0.0,375000
2026-06-28,PRD-04,DI Yogyakarta,39,15000,5.0,555750
2026-06-28,PRD-04,Jawa Tengah,22,15000,0.0,330000
2026-06-28,PRD-04,Jawa Timur,28,15000,0.0,420000
2026-06-28,PRD-04,Jabodetabek,32,15000,0.0,480000
2026-06-28,PRD-05,DI Yogyakarta,7,18000,0.0,126000
2026-06-28,PRD-05,Jawa Tengah,8,18000,5.0,136800
2026-06-28,PRD-05,Jawa Timur,6,18000,15.0,91800
2026-06-28,PRD-05,Jabodetabek,11,18000,0.0,198000
2026-06-28,PRD-06,DI Yogyakarta,24,12000,15.0,244800
2026-06-28,PRD-06,Jawa Tengah,16,12000,10.0,172800
2026-06-28,PRD-06,Jawa Timur,13,12000,0.0,156000
2026-06-28,PRD-06,Jabodetabek,29,12000,0.0,348000
2026-06-28,PRD-07,DI Yogyakarta,8,32000,0.0,256000
2026-06-28,PRD-07,Jawa Tengah,5,32000,0.0,160000
2026-06-28,PRD-07,Jawa Timur,8,32000,10.0,230400
2026-06-28,PRD-07,Jabodetabek,8,32000,5.0,243200
2026-06-28,PRD-08,DI Yogyakarta,21,14000,0.0,294000
2026-06-28,PRD-08,Jawa Tengah,10,14000,0.0,140000
2026-06-28,PRD-08,Jawa Timur,8,14000,5.0,106400
2026-06-28,PRD-08,Jabodetabek,15,14000,0.0,210000
2026-06-29,PRD-01,DI Yogyakarta,19,28000,0.0,532000
2026-06-29,PRD-01,Jawa Tengah,17,28000,10.0,428400
2026-06-29,PRD-01,Jawa Timur,11,28000,0.0,308000
2026-06-29,PRD-01,Jabodetabek,18,28000,0.0,504000
2026-06-29,PRD-02,DI Yogyakarta,15,26000,0.0,390000
2026-06-29,PRD-02,Jawa Tengah,8,26000,0.0,208000
2026-06-29,PRD-02,Jawa Timur,9,26000,0.0,234000
2026-06-29,PRD-02,Jabodetabek,11,26000,0.0,286000
2026-06-29,PRD-03,DI Yogyakarta,15,25000,0.0,375000
2026-06-29,PRD-03,Jawa Tengah,12,25000,5.0,285000
2026-06-29,PRD-03,Jawa Timur,6,25000,0.0,150000
2026-06-29,PRD-03,Jabodetabek,5,25000,0.0,125000
2026-06-29,PRD-04,DI Yogyakarta,35,15000,0.0,525000
2026-06-29,PRD-04,Jawa Tengah,17,15000,0.0,255000
2026-06-29,PRD-04,Jawa Timur,17,15000,0.0,255000
2026-06-29,PRD-04,Jabodetabek,22,15000,0.0,330000
2026-06-29,PRD-05,DI Yogyakarta,10,18000,0.0,180000
2026-06-29,PRD-05,Jawa Tengah,3,18000,0.0,54000
2026-06-29,PRD-05,Jawa Timur,2,18000,5.0,34200
2026-06-29,PRD-05,Jabodetabek,9,18000,0.0,162000
2026-06-29,PRD-06,DI Yogyakarta,21,12000,0.0,252000
2026-06-29,PRD-06,Jawa Tengah,15,12000,5.0,171000
2026-06-29,PRD-06,Jawa Timur,11,12000,0.0,132000
2026-06-29,PRD-06,Jabodetabek,15,12000,10.0,162000
2026-06-29,PRD-07,DI Yogyakarta,10,32000,0.0,320000
2026-06-29,PRD-07,Jawa Tengah,9,32000,0.0,288000
2026-06-29,PRD-07,Jawa Timur,3,32000,0.0,96000
2026-06-29,PRD-07,Jabodetabek,5,32000,10.0,144000
2026-06-29,PRD-08,DI Yogyakarta,9,14000,0.0,126000
2026-06-29,PRD-08,Jawa Tengah,7,14000,10.0,88200
2026-06-29,PRD-08,Jawa Timur,7,14000,10.0,88200
2026-06-29,PRD-08,Jabodetabek,11,14000,0.0,154000
2026-06-30,PRD-01,DI Yogyakarta,26,28000,0.0,728000
2026-06-30,PRD-01,Jawa Tengah,13,28000,0.0,364000
2026-06-30,PRD-01,Jawa Timur,14,28000,0.0,392000
2026-06-30,PRD-01,Jabodetabek,18,28000,0.0,504000
2026-06-30,PRD-02,DI Yogyakarta,21,26000,0.0,546000
2026-06-30,PRD-02,Jawa Tengah,15,26000,0.0,390000
2026-06-30,PRD-02,Jawa Timur,5,26000,0.0,130000
2026-06-30,PRD-02,Jabodetabek,17,26000,15.0,375700
2026-06-30,PRD-03,DI Yogyakarta,11,25000,0.0,275000
2026-06-30,PRD-03,Jawa Tengah,4,25000,5.0,95000
2026-06-30,PRD-03,Jawa Timur,4,25000,0.0,100000
2026-06-30,PRD-03,Jabodetabek,16,25000,10.0,360000
2026-06-30,PRD-04,DI Yogyakarta,28,15000,0.0,420000
2026-06-30,PRD-04,Jawa Tengah,22,15000,5.0,313500
2026-06-30,PRD-04,Jawa Timur,12,15000,10.0,162000
2026-06-30,PRD-04,Jabodetabek,24,15000,0.0,360000
2026-06-30,PRD-05,DI Yogyakarta,8,18000,0.0,144000
2026-06-30,PRD-05,Jawa Tengah,6,18000,0.0,108000
2026-06-30,PRD-05,Jawa Timur,6,18000,5.0,102600
2026-06-30,PRD-05,Jabodetabek,8,18000,15.0,122400
2026-06-30,PRD-06,DI Yogyakarta,19,12000,5.0,216600
2026-06-30,PRD-06,Jawa Tengah,11,12000,0.0,132000
2026-06-30,PRD-06,Jawa Timur,17,12000,0.0,204000
2026-06-30,PRD-06,Jabodetabek,10,12000,0.0,120000
2026-06-30,PRD-07,DI Yogyakarta,7,32000,0.0,224000
2026-06-30,PRD-07,Jawa Tengah,7,32000,0.0,224000
2026-06-30,PRD-07,Jawa Timur,5,32000,0.0,160000
2026-06-30,PRD-07,Jabodetabek,8,32000,0.0,256000
2026-06-30,PRD-08,DI Yogyakarta,19,14000,5.0,252700
2026-06-30,PRD-08,Jawa Tengah,10,14000,0.0,140000
2026-06-30,PRD-08,Jawa Timur,2,14000,0.0,28000
2026-06-30,PRD-08,Jabodetabek,8,14000,0.0,112000
